ABC001_1733643000: 
obj_id: 0 =============
xyz_diff, org - ref: 
[[ 1.35272044e-02 -6.46361641e-03  5.09856714e-03]
 [ 1.52653289e-02 -3.65530438e-03  5.68183414e-03]
 [ 1.41647921e-02  8.11914280e-03  5.57253903e-03]
 [ 1.84851763e-02  8.83448625e-03 -2.56852481e-03]
 [ 5.99368236e-03  1.63985772e-03 -2.08268874e-03]
 [ 3.63334378e-03 -1.19269903e-03  4.29429877e-03]
 [ 2.81118068e-03  7.34175500e-03 -6.47161347e-03]
 [ 1.53019463e-02 -6.11933649e-03  1.57141193e-03]
 [ 1.96457859e-02 -2.81785077e-03  1.41284146e-02]
 [ 2.31668473e-02 -5.90846360e-03  1.63365910e-02]
 [ 2.16942123e-02 -9.45863747e-03  1.74185183e-02]
 [ 1.42252685e-02 -1.16145275e-02  1.65412282e-02]
 [ 1.51797467e-02 -7.37890005e-03  1.51539102e-02]
 [ 1.40811699e-02 -7.06681934e-03  1.35654116e-02]
 [ 1.45646280e-02 -1.60799797e-02  1.56682814e-02]
 [ 1.48390491e-02 -2.43023802e-02  1.78347983e-02]
 [ 1.63443001e-02 -1.89617046e-02  2.18981179e-02]
 [ 1.73749653e-02 -1.82129853e-02  1.37705193e-02]
 [ 1.53777086e-02 -2.05954074e-02  1.57623529e-02]
 [ 9.32927996e-03 -1.99318467e-02  1.35117769e-02]
 [ 1.89475771e-02 -2.30071349e-02  7.85409404e-03]
 [ 2.16919565e-02 -2.87990378e-02  8.68079131e-03]
 [ 2.02774556e-02 -2.39597645e-02  5.01796037e-03]
 [ 9.07274770e-03 -2.79667801e-02  1.16761297e-02]
 [ 9.88497668e-03 -2.29117691e-02  1.33809543e-02]
 [ 1.29243530e-02 -5.19582071e-03  1.53376223e-02]
 [ 1.61278894e-02 -4.42914494e-03  1.59919082e-02]
 [ 1.13308454e-02 -9.86466272e-03  1.30532443e-02]
 [ 7.68231043e-03 -1.79565889e-02  1.58488819e-02]
 [ 8.38524026e-03 -1.36010985e-02  1.08504904e-02]
 [ 1.45472225e-02 -8.46510736e-03  3.91423241e-03]
 [ 9.64237129e-03 -1.70893769e-02  1.17795332e-02]
 [ 1.33287850e-02 -1.32061323e-02  1.03151756e-02]
 [ 9.44331990e-03 -1.53808370e-02  7.99099679e-03]
 [ 1.09125325e-02 -9.67193039e-03  8.84477756e-03]
 [ 1.15383538e-02 -5.13016778e-03  9.86586589e-03]
 [ 1.02393499e-02 -2.72650548e-03  5.80775329e-03]
 [ 1.54008166e-02 -1.45150291e-02  1.11382113e-02]
 [ 1.76230861e-02 -1.70427296e-03  1.01794575e-05]
 [ 1.33956607e-02 -5.72279261e-03  6.73026014e-03]] 
lwh_diff, org - ref: 
[[-0.21621943  0.03099179  0.05462468]
 [-0.25573969 -0.01563787 -0.03821707]
 [-0.29387283 -0.02320981 -0.03825402]
 [-0.15540934  0.05700111  0.01208615]
 [-0.03603792  0.06655264 -0.0032568 ]
 [-0.09369135  0.04202747 -0.0164144 ]
 [-0.13386583  0.01836371 -0.0128957 ]
 [-0.21166849 -0.0205791  -0.01651108]
 [-0.43444586 -0.09396243 -0.05770922]
 [-0.33182716 -0.0427475  -0.01844287]
 [-0.37642479 -0.0603466  -0.0223217 ]
 [-0.31817055 -0.02456713 -0.02493131]
 [-0.17691326  0.03268003  0.00224066]
 [-0.24414587  0.01141381 -0.02378142]
 [-0.27052069 -0.02645993 -0.03860176]
 [-0.27603769  0.01054502 -0.01768208]
 [-0.26541042  0.00258851 -0.01340771]
 [-0.2718339  -0.02122545 -0.04245842]
 [-0.27265215 -0.02836251 -0.03444326]
 [-0.08313704  0.01084757 -0.01836169]
 [-0.22277927  0.02967691  0.01183593]
 [-0.2288723   0.01634717 -0.00352871]
 [-0.27877235  0.00749278 -0.01464629]
 [-0.23418856 -0.01219821 -0.00182676]
 [-0.21626711  0.02599645  0.01658618]
 [-0.32188272 -0.02315497  0.01913428]
 [-0.39115477 -0.01458168  0.03252029]
 [-0.46045256 -0.06520057  0.00375628]
 [-0.41572952 -0.05910134 -0.03330207]
 [-0.26320267 -0.00906968 -0.04035807]
 [-0.34087276 -0.03156376 -0.03994203]
 [-0.42017937 -0.06193638 -0.05499184]
 [-0.31573343 -0.05034852 -0.04661548]
 [-0.46707106 -0.09230542 -0.05897379]
 [-0.41186619 -0.07737541 -0.04642069]
 [-0.40089846 -0.07321644 -0.04928124]
 [-0.35934973 -0.0427742  -0.0242883 ]
 [-0.37457943 -0.04570866 -0.01747835]
 [-0.36317873 -0.05947328 -0.03860295]
 [-0.28975105 -0.01683211 -0.01678705]] 
socre, org, ref: 
[[0.55411696 0.8633662 ]
 [0.5418975  0.8820305 ]
 [0.5507447  0.884006  ]
 [0.5529095  0.864523  ]
 [0.58839935 0.87369657]
 [0.55499566 0.8729661 ]
 [0.5611671  0.87406737]
 [0.550093   0.8222728 ]
 [0.4948383  0.7818176 ]
 [0.565091   0.7864025 ]
 [0.55923826 0.83625674]
 [0.5736624  0.84733975]
 [0.56612104 0.89177644]
 [0.49386355 0.8282391 ]
 [0.49534866 0.8725624 ]
 [0.48402148 0.8681078 ]
 [0.591884   0.8900788 ]
 [0.6351009  0.8621264 ]
 [0.6120661  0.8885766 ]
 [0.58277017 0.8908862 ]
 [0.62320316 0.91299015]
 [0.62527835 0.92318445]
 [0.6319469  0.92408437]
 [0.58036786 0.8986939 ]
 [0.634031   0.91882724]
 [0.61869407 0.9119997 ]
 [0.59895515 0.9152346 ]
 [0.5849988  0.91361856]
 [0.5439951  0.91984224]
 [0.6230897  0.91843307]
 [0.61807024 0.9285237 ]
 [0.57294583 0.923978  ]
 [0.6216071  0.92411715]
 [0.5938685  0.9212048 ]
 [0.61967254 0.9164933 ]
 [0.5586276  0.91933495]
 [0.62786347 0.92562556]
 [0.6356194  0.916258  ]
 [0.60728204 0.9223065 ]
 [0.6495127  0.92450684]] 
obj_id: 7 =============
xyz_diff, org - ref: 
[[-0.00601229 -0.04705319 -0.02119181]
 [ 0.00841008 -0.05038618 -0.01485507]
 [ 0.01611004 -0.0220205  -0.02368962]
 [-0.00256867 -0.04421616 -0.01077194]
 [-0.01104348 -0.02436843 -0.03409082]
 [-0.01205521 -0.02865745 -0.02085784]
 [ 0.00712927 -0.01170522 -0.02723945]
 [-0.01665587 -0.0256287  -0.01441022]
 [-0.01879681 -0.03845328 -0.00919883]
 [-0.01494145 -0.03537811 -0.00983817]
 [-0.01197201 -0.04437504 -0.00337077]
 [-0.0102105  -0.05055961  0.00334695]
 [-0.01930057 -0.05873085  0.01434325]
 [-0.00794174 -0.05021782  0.01673052]
 [-0.02439194 -0.06400673  0.02368729]
 [-0.02470825 -0.06293675  0.03100479]
 [-0.03149342 -0.06183429  0.03484911]
 [-0.02656212 -0.05046244  0.02523915]
 [-0.03316444 -0.05981709  0.03603646]
 [-0.03055638 -0.05938292  0.03500509]
 [-0.02485134 -0.06421911  0.03017963]
 [-0.0316484  -0.05335911  0.03945986]] 
lwh_diff, org - ref: 
[[ 0.03352451  0.01140809  0.01007485]
 [ 0.12050104  0.02753401 -0.00618827]
 [ 0.05045986  0.01517391 -0.00963342]
 [ 0.10605526  0.03935647  0.0207634 ]
 [-0.07799196  0.01203489  0.03732395]
 [ 0.0331459  -0.00070858  0.00175059]
 [ 0.03127098  0.01223588 -0.01313305]
 [ 0.00206423  0.03878331  0.01791131]
 [-0.029212    0.02059102 -0.00873232]
 [-0.01530123 -0.00199842 -0.04657018]
 [ 0.09289408  0.03701377  0.08248794]
 [ 0.03483391  0.01447606 -0.00398386]
 [ 0.04933453 -0.00215054 -0.00868165]
 [-0.01403999  0.02394366  0.01829302]
 [-0.01295137 -0.00664783 -0.01551235]
 [-0.06157732  0.00811315  0.01758695]
 [ 0.05106783  0.04034019  0.06498337]
 [-0.02556324  0.03109574  0.01345479]
 [-0.07594442 -0.00623584  0.00309932]
 [ 0.054111    0.03342056  0.06840789]
 [-0.05571699 -0.00745654 -0.04110754]
 [ 0.00557566  0.02446961  0.03552389]] 
socre, org, ref: 
[[0.19122303 0.8636151 ]
 [0.31360787 0.8807701 ]
 [0.30254236 0.88446355]
 [0.32158628 0.88223106]
 [0.2988364  0.87291116]
 [0.33138266 0.8883844 ]
 [0.29325703 0.8797699 ]
 [0.3075617  0.8932365 ]
 [0.35326123 0.8905282 ]
 [0.347159   0.8888177 ]
 [0.40037277 0.8943919 ]
 [0.4224934  0.8971174 ]
 [0.42782    0.9002735 ]
 [0.4863986  0.87856454]
 [0.43410644 0.89560866]
 [0.45474634 0.89285386]
 [0.46255377 0.8944614 ]
 [0.3824676  0.89526314]
 [0.4662926  0.8974285 ]
 [0.38814825 0.8879355 ]
 [0.47112188 0.90003926]
 [0.46951938 0.8786624 ]] 
obj_id: 4 =============
xyz_diff, org - ref: 
[[-2.97729037e+00 -8.80997664e+01 -2.27061733e+00]
 [-1.41302305e+00 -5.53009848e+01 -1.08536370e+00]
 [-1.41302305e+00 -5.53009848e+01 -1.08536370e+00]
 [ 2.49473925e-01 -2.34687387e+01 -1.06534089e+00]
 [-1.06006333e+00 -4.02705563e+01 -7.76556494e-01]
 [-1.19095731e+00 -8.01907521e+01 -1.58733709e+00]
 [-5.40711841e-01 -8.34093223e+01 -2.24857437e+00]
 [-3.17022213e-01 -6.33981403e+01 -1.30385285e+00]
 [-1.24876635e+00 -1.14227671e+02 -2.64855701e+00]
 [-1.64768664e+00 -1.13131610e+02 -2.60688999e+00]
 [-1.12675413e+00 -1.11597730e+02 -2.34267450e+00]
 [-1.14855454e+00 -9.72254484e+01 -2.06784582e+00]
 [ 6.03829573e-01 -2.35887311e+01 -8.17054441e-01]
 [ 1.18091494e-02 -3.11483517e+01 -8.68929848e-01]
 [-1.42358114e+00 -7.22515329e+01 -1.71611357e+00]
 [-1.47335115e+00 -3.76999184e+01 -7.03543029e-01]
 [-2.18984234e-01 -4.11637740e+01 -8.17205503e-01]
 [-1.95804879e+00 -4.84319947e+01 -1.00661996e+00]
 [-2.44628629e-01 -3.05632855e+01 -7.25033825e-01]
 [-1.30581301e+00 -3.98583983e+01 -9.11232142e-01]
 [-3.47665099e-01 -1.79295921e+01 -3.61733310e-01]
 [-6.40160966e-01 -3.44755857e+01 -9.50666128e-01]
 [-1.36345302e+00 -4.25697219e+01 -1.02634015e+00]
 [-1.48183809e+00 -3.75892745e+01 -8.52125927e-01]
 [-2.18984234e-01 -4.11637740e+01 -8.17205503e-01]
 [-2.18984234e-01 -4.11637740e+01 -8.17205503e-01]
 [-2.18984234e-01 -4.11637740e+01 -8.17205503e-01]
 [-2.18984234e-01 -4.11637740e+01 -8.17205503e-01]
 [-1.07757184e-02  7.92659421e-02  9.73827509e-02]
 [-1.31843072e-01  1.22100609e+01  4.04654614e-01]
 [-1.31843072e-01  1.22100609e+01  4.04654614e-01]
 [-1.31843072e-01  1.22100609e+01  4.04654614e-01]
 [-1.31843072e-01  1.22100609e+01  4.04654614e-01]
 [-1.31843072e-01  1.22100609e+01  4.04654614e-01]
 [ 7.99378368e-02  4.37833190e+01  1.07048014e+00]
 [-1.31843072e-01  1.22100609e+01  4.04654614e-01]
 [-1.31843072e-01  1.22100609e+01  4.04654614e-01]
 [-1.31843072e-01  1.22100609e+01  4.04654614e-01]
 [-8.81021603e-02  3.67687089e+00  1.21641417e-01]] 
lwh_diff, org - ref: 
[[-2.79115200e-01 -7.88270235e-02  3.45560312e-02]
 [-2.79115200e-01 -7.88270235e-02  3.45560312e-02]
 [-2.79115200e-01 -7.88270235e-02  3.45560312e-02]
 [ 2.48783112e-01  3.32100391e-02 -1.17024183e-02]
 [ 2.48783112e-01  3.32100391e-02 -1.17024183e-02]
 [ 2.48783112e-01  3.32100391e-02 -1.17024183e-02]
 [ 4.34746742e-02  3.15949917e-02  1.17100120e-01]
 [ 4.34746742e-02  3.15949917e-02  1.17100120e-01]
 [ 4.34746742e-02  3.15949917e-02  1.17100120e-01]
 [ 4.34746742e-02  3.15949917e-02  1.17100120e-01]
 [ 4.34746742e-02  3.15949917e-02  1.17100120e-01]
 [ 4.34746742e-02  3.15949917e-02  1.17100120e-01]
 [ 3.45359802e-01  5.05907536e-02 -5.10126352e-02]
 [ 3.45359802e-01  5.05907536e-02 -5.10126352e-02]
 [ 2.05875874e-01  7.14604855e-02  1.51888728e-01]
 [ 2.05875874e-01  7.14604855e-02  1.51888728e-01]
 [ 2.05875874e-01  7.14604855e-02  1.51888728e-01]
 [ 2.05875874e-01  7.14604855e-02  1.51888728e-01]
 [ 2.05875874e-01  7.14604855e-02  1.51888728e-01]
 [ 2.05875874e-01  7.14604855e-02  1.51888728e-01]
 [ 2.05875874e-01  7.14604855e-02  1.51888728e-01]
 [ 2.05875874e-01  7.14604855e-02  1.51888728e-01]
 [ 2.05875874e-01  7.14604855e-02  1.51888728e-01]
 [ 2.05875874e-01  7.14604855e-02  1.51888728e-01]
 [ 2.05875874e-01  7.14604855e-02  1.51888728e-01]
 [ 2.05875874e-01  7.14604855e-02  1.51888728e-01]
 [ 2.05875874e-01  7.14604855e-02  1.51888728e-01]
 [ 2.05875874e-01  7.14604855e-02  1.51888728e-01]
 [ 1.30286694e-01  5.22661209e-03  5.28097153e-05]
 [ 1.30286694e-01  5.22661209e-03  5.28097153e-05]
 [ 1.30286694e-01  5.22661209e-03  5.28097153e-05]
 [ 1.30286694e-01  5.22661209e-03  5.28097153e-05]
 [ 1.30286694e-01  5.22661209e-03  5.28097153e-05]
 [ 1.30286694e-01  5.22661209e-03  5.28097153e-05]
 [ 1.30286694e-01  5.22661209e-03  5.28097153e-05]
 [ 1.30286694e-01  5.22661209e-03  5.28097153e-05]
 [ 1.30286694e-01  5.22661209e-03  5.28097153e-05]
 [ 1.30286694e-01  5.22661209e-03  5.28097153e-05]
 [ 2.27330208e-01  5.63471317e-02  2.14427710e-02]] 
socre, org, ref: 
[[4.2402443e-01 1.3706836e-04]
 [4.2402443e-01 2.6748951e-03]
 [4.2402443e-01 2.6748951e-03]
 [4.0863395e-01 3.1910872e-01]
 [4.0863395e-01 1.6255209e-03]
 [4.0863395e-01 3.0988004e-04]
 [4.3575218e-01 1.7495204e-03]
 [4.3575218e-01 8.0688338e-04]
 [4.3575218e-01 1.0697249e-03]
 [4.3575218e-01 8.3249557e-04]
 [4.3575218e-01 4.2524550e-04]
 [4.3575218e-01 2.2998298e-04]
 [4.3615302e-01 1.5762159e-01]
 [4.3615302e-01 2.3072464e-03]
 [4.6551526e-01 1.7416925e-05]
 [4.6551526e-01 5.7010766e-04]
 [4.6551526e-01 1.8502724e-03]
 [4.6551526e-01 1.0782393e-04]
 [4.6551526e-01 5.9114548e-04]
 [4.6551526e-01 4.7256766e-05]
 [4.6551526e-01 1.5329284e-03]
 [4.6551526e-01 5.3380278e-04]
 [4.6551526e-01 5.4655690e-04]
 [4.6551526e-01 5.7826379e-05]
 [4.6551526e-01 1.8502724e-03]
 [4.6551526e-01 1.8502724e-03]
 [4.6551526e-01 1.8502724e-03]
 [4.6551526e-01 1.8502724e-03]
 [4.4112870e-01 3.8759133e-01]
 [4.4112870e-01 1.2454160e-03]
 [4.4112870e-01 1.2454160e-03]
 [4.4112870e-01 1.2454160e-03]
 [4.4112870e-01 1.2454160e-03]
 [4.4112870e-01 1.2454160e-03]
 [4.4112870e-01 1.5799579e-03]
 [4.4112870e-01 1.2454160e-03]
 [4.4112870e-01 1.2454160e-03]
 [4.4112870e-01 1.2454160e-03]
 [4.0551701e-01 4.0040766e-03]] 
obj_id: 1 =============
xyz_diff, org - ref: 
[[ 1.68308212e-02 -1.89050319e-02 -7.34394820e-03]
 [ 1.13533758e-02 -1.34163410e-02 -6.43435475e-03]
 [ 1.24121373e-02 -1.53338123e-02 -6.95003862e-03]
 [ 1.24165960e-02 -1.03251077e-02 -4.65075549e-03]
 [ 1.22232076e-02 -8.80820474e-03 -5.59305745e-03]
 [ 1.10405062e-02 -7.02656381e-03 -9.15293676e-03]
 [ 5.38756681e-03 -1.28188265e-02 -8.99041440e-04]
 [ 1.20870825e-02 -7.09819009e-03  4.13757509e-03]
 [ 1.46187831e-02 -7.24280776e-03  2.82181088e-03]
 [ 9.20416916e-03  5.20392248e-05  5.67365329e-03]
 [ 6.74932356e-03  3.76995254e-03  4.56133228e-03]
 [ 1.16637357e-02  1.11296120e-02  1.76832124e-02]
 [ 4.12042423e-03  8.46580169e-03  1.96894507e-03]
 [ 7.34271130e-03 -2.94549165e-04  8.39360796e-03]
 [ 8.94270065e-03 -9.41894294e-03  2.07983964e-02]
 [ 1.30072871e-02 -6.51964486e-03  4.13601074e-03]
 [ 1.47401325e-02 -1.44035863e-02  7.56814915e-03]
 [ 1.85423216e-02 -2.60545137e-02 -1.57874432e-03]
 [ 1.86177355e-02 -3.39744896e-02 -6.01173842e-03]
 [ 2.14189746e-02 -2.79869731e-03 -6.44702606e-03]
 [ 1.71946895e-02 -5.28994307e-03 -5.25101904e-03]
 [ 1.64530031e-02 -8.66498531e-03 -1.31922255e-03]] 
lwh_diff, org - ref: 
[[-0.10616159 -0.0348587  -0.00458157]
 [ 0.01319504 -0.00544739  0.03571749]
 [-0.14922237 -0.08225727 -0.02043378]
 [-0.01582909 -0.01014113  0.03878176]
 [-0.14972544 -0.05951428 -0.00060809]
 [ 0.00244236 -0.0365212   0.07303619]
 [-0.22804642 -0.08885765 -0.01065242]
 [-0.11464071 -0.02359343  0.0268023 ]
 [ 0.11050463 -0.0255518   0.13345063]
 [-0.12915325 -0.10717964  0.0563817 ]
 [-0.07255602 -0.13173246  0.02261555]
 [-0.16933823 -0.12324381  0.08185291]
 [-0.20583105 -0.11096191 -0.00563776]
 [-0.13022137 -0.09065151  0.05897689]
 [-0.1215415  -0.10513234  0.07604039]
 [-0.0879879  -0.10690188 -0.01605809]
 [-0.03328609 -0.16367316 -0.00226271]
 [-0.14181948 -0.10533166  0.01230812]
 [-0.20484304 -0.1604085   0.03478122]
 [-0.09423733 -0.12991285  0.03871322]
 [-0.16975403 -0.12711477  0.01614249]
 [-0.18257427 -0.15562749  0.01222265]] 
socre, org, ref: 
[[5.5074769e-01 1.0736188e-06]
 [5.2835667e-01 9.2610935e-07]
 [3.8120309e-01 2.9289465e-06]
 [4.6940169e-01 2.0787827e-06]
 [5.5882239e-01 1.6955423e-06]
 [6.0806566e-01 2.8326504e-06]
 [5.7468826e-01 1.7800440e-06]
 [5.7195443e-01 1.0659168e-05]
 [5.5894136e-01 8.3770774e-06]
 [5.6116772e-01 4.0560599e-06]
 [5.4316062e-01 4.4885468e-07]
 [5.5059510e-01 2.5743050e-06]
 [5.9614736e-01 5.9275374e-07]
 [5.4279804e-01 1.1935542e-06]
 [5.0849921e-01 4.3328050e-06]
 [5.4254270e-01 9.5520763e-06]
 [4.1355461e-01 1.6508603e-06]
 [4.7632119e-01 2.1544460e-05]
 [4.7713855e-01 2.9598892e-05]
 [4.1817600e-01 5.0940322e-05]
 [4.1359624e-01 3.0846641e-05]
 [5.3934771e-01 1.2330514e-05]] 
obj_id: 2 =============
xyz_diff, org - ref: 
[[ 0.01195697  0.04207223  0.02202547]
 [ 0.00402883  0.03903841  0.03246366]
 [ 0.0078609   0.05956002  0.01852736]
 [ 0.0001357   0.04817648  0.02827902]
 [ 0.01799887  0.05343207  0.02329257]
 [ 0.01458653  0.06835619  0.03040965]
 [ 0.01489335  0.06880825  0.01110425]
 [ 0.01107149  0.06153825  0.01433477]
 [ 0.01947199  0.06057571  0.00804125]
 [ 0.02078924  0.06765205  0.02176026]
 [ 0.02489535  0.06052787  0.01654999]
 [ 0.02090612  0.0548391   0.01391522]
 [ 0.01476145  0.04705069  0.02111058]
 [ 0.00813559  0.04690768  0.02342046]
 [ 0.00868502  0.04887747  0.02039081]
 [ 0.00381537  0.06369283  0.01110506]
 [ 0.01936095  0.03633383  0.01440007]
 [ 0.03230479  0.02755596  0.00730185]
 [ 0.02530701  0.02828656  0.00395516]
 [ 0.01408003  0.0250509   0.01886499]
 [ 0.03239609  0.01508546  0.01444626]
 [ 0.03737853  0.02203597  0.01327021]
 [ 0.04241666  0.00218059  0.02282402]
 [ 0.03640623  0.00807964  0.00904765]
 [ 0.03462046  0.01516148  0.02309016]
 [ 0.0293977   0.01226646  0.0151431 ]
 [ 0.02663946  0.01175474  0.008781  ]
 [ 0.01822557  0.00486401  0.01756686]
 [ 0.03375123 -0.00020201  0.01696918]
 [ 0.02421784 -0.00542708  0.01988235]
 [ 0.02733588 -0.00593755  0.02055818]
 [ 0.03245927  0.00616523  0.02592831]
 [ 0.02834835  0.00297715  0.02046179]
 [ 0.02840756 -0.00732618  0.02743302]
 [ 0.03765698  0.00720197  0.02347446]
 [ 0.0395133  -0.00010401  0.01399763]
 [ 0.03220851 -0.00596323  0.02018363]
 [ 0.03728637  0.00096245  0.01495897]
 [ 0.04007567 -0.00140645  0.01165092]
 [ 0.03112567 -0.01251982  0.02519007]] 
lwh_diff, org - ref: 
[[-0.02267981  0.06056523 -0.00720823]
 [ 0.04157734  0.11192703  0.0062201 ]
 [-0.16755056  0.07174587 -0.05745649]
 [ 0.02310896  0.09127831  0.00584519]
 [-0.26428795 -0.04081225 -0.02494931]
 [-0.01938534  0.03382611  0.0566237 ]
 [-0.16659164  0.01014423 -0.03302717]
 [-0.02347422  0.06381154 -0.01870704]
 [-0.14810038  0.00716186 -0.05771065]
 [-0.07528543  0.03977752  0.0146451 ]
 [-0.17425585  0.06572318  0.03980136]
 [-0.09512186  0.05382252  0.01659632]
 [-0.06289101  0.03696632  0.01400185]
 [-0.12781286  0.06541419 -0.00304043]
 [ 0.07781982  0.07070303  0.0246563 ]
 [-0.09239197  0.07288527  0.01896667]
 [-0.04847574  0.05479622 -0.0175091 ]
 [-0.23911047  0.04474521 -0.03345037]
 [-0.05719614  0.06143665  0.00657487]
 [ 0.04936123  0.07984376  0.04046655]
 [ 0.06279612  0.07164979  0.00896418]
 [ 0.142766    0.09201956 -0.02069426]
 [-0.16611481  0.02854419 -0.02939892]
 [ 0.04806757  0.09366894  0.062132  ]
 [ 0.01401424  0.07401705  0.01583004]
 [ 0.08554268  0.07701564 -0.00856686]
 [-0.08294678  0.08832264  0.01116645]
 [ 0.07600498  0.07337999  0.09374702]
 [-0.27831554  0.02004457 -0.01758969]
 [-0.04721451  0.07969809 -0.0213542 ]
 [ 0.05339479  0.0727942  -0.0302254 ]
 [-0.09418154  0.05911684 -0.01048684]
 [ 0.04167223  0.09727931  0.0153116 ]
 [-0.25810099  0.04031467 -0.02802956]
 [-0.02806807  0.0632205   0.02811623]
 [-0.04701233  0.03337216  0.01571906]
 [ 0.0229187   0.0572772   0.00722122]
 [-0.09557772  0.06348443  0.01487541]
 [-0.09766674  0.04390264 -0.00096977]
 [-0.25277567  0.00703406 -0.02659023]] 
socre, org, ref: 
[[5.1865339e-01 1.4734829e-03]
 [4.8576835e-01 4.9893418e-04]
 [5.3599060e-01 1.1727606e-03]
 [5.8655936e-01 9.6832402e-04]
 [6.1133790e-01 5.0826301e-04]
 [5.7710767e-01 8.3846616e-04]
 [6.0301733e-01 3.1082993e-04]
 [5.8168751e-01 5.9690326e-04]
 [5.9665984e-01 3.6308373e-04]
 [5.9959561e-01 7.3051156e-04]
 [6.0108048e-01 1.7432921e-03]
 [5.3133368e-01 1.9749741e-03]
 [5.7516134e-01 6.2096125e-04]
 [6.2085551e-01 1.2884268e-03]
 [6.1105686e-01 2.1745069e-03]
 [6.1464596e-01 2.1127537e-03]
 [6.1559361e-01 7.9320301e-04]
 [6.1522901e-01 3.2809834e-04]
 [6.2015629e-01 1.4796633e-03]
 [5.9157282e-01 1.6475793e-03]
 [5.5008680e-01 4.9760530e-04]
 [5.5762994e-01 2.0285966e-03]
 [5.9456515e-01 3.4182557e-04]
 [5.5875164e-01 2.6698073e-03]
 [5.8096886e-01 4.2694781e-04]
 [6.0876542e-01 5.7835679e-04]
 [6.0748208e-01 1.6786078e-03]
 [5.5551839e-01 1.0731203e-03]
 [5.5223936e-01 4.4771557e-04]
 [6.2405032e-01 7.7705260e-04]
 [6.2229967e-01 1.7750838e-04]
 [6.0428852e-01 4.9721799e-04]
 [6.1093259e-01 6.0567050e-04]
 [5.6746399e-01 4.7707645e-04]
 [5.9844923e-01 9.4253133e-04]
 [5.7015789e-01 1.9511463e-03]
 [5.9484440e-01 1.0033135e-03]
 [6.2022418e-01 1.3836067e-03]
 [5.9801120e-01 8.1095943e-04]
 [6.1169165e-01 4.6744721e-04]] 
obj_id: 23 =============
xyz_diff, org - ref: 
[[ -4.48023699 -39.99491769  -1.66979824]
 [ -6.72150429 -66.89209066  -1.65966998]
 [ -9.74923349 -90.65887363  -2.30195086]
 [ -0.23922139  -1.13854054  -0.43172275]
 [ -4.72515172 -33.57728618  -1.18943203]
 [ -1.48946791 -11.67713962  -0.57032862]
 [ -3.37502528 -64.86052802  -1.76932641]
 [ -3.08483015 -55.98179315  -0.87897419]
 [ -5.89715579 -71.59328738  -1.76563694]
 [ -4.33095876 -74.2409746   -1.76107048]
 [ -4.81075521 -72.22994047  -1.68004521]
 [ -5.25996109 -74.24021617  -2.11824548]
 [ -4.20009566 -68.75883824  -1.49692808]
 [ -0.92275243 -27.85789436  -0.28352881]
 [ -2.27088903 -43.39362084  -0.75422811]] 
lwh_diff, org - ref: 
[[-0.3046298   0.01690722 -0.01760173]
 [-0.3046298   0.01690722 -0.01760173]
 [-0.3046298   0.01690722 -0.01760173]
 [-0.03578711  0.06823325 -0.023525  ]
 [-0.03578711  0.06823325 -0.023525  ]
 [-0.03578711  0.06823325 -0.023525  ]
 [-0.20731878  0.02383637  0.12356806]
 [-0.20731878  0.02383637  0.12356806]
 [-0.20731878  0.02383637  0.12356806]
 [-0.20731878  0.02383637  0.12356806]
 [-0.20731878  0.02383637  0.12356806]
 [-0.20731878  0.02383637  0.12356806]
 [-0.12311363  0.03428125 -0.02263761]
 [-0.12311363  0.03428125 -0.02263761]
 [-0.22355318  0.0605557   0.18569505]] 
socre, org, ref: 
[[3.9816377e-01 3.8706863e-03]
 [3.9816377e-01 1.7930334e-04]
 [3.9816377e-01 4.9914954e-05]
 [3.8741982e-01 8.5562713e-02]
 [3.8741982e-01 4.1996138e-04]
 [3.8741982e-01 1.4999659e-03]
 [4.0565053e-01 4.9319409e-04]
 [4.0565053e-01 2.0358667e-03]
 [4.0565053e-01 1.0744324e-03]
 [4.0565053e-01 3.0866513e-04]
 [4.0565053e-01 1.7888649e-04]
 [4.0565053e-01 5.0420673e-05]
 [4.5874497e-01 8.4014755e-04]
 [4.5874497e-01 2.7496371e-04]
 [4.4491774e-01 6.2796626e-06]] 
obj_id: 22 =============
xyz_diff, org - ref: 
[[ 9.65039465e-01 -2.55644685e+01 -5.36680790e-01]
 [ 8.22071869e-01 -4.07042672e+01 -1.11295183e+00]
 [ 1.09482788e+00 -3.10802706e+01 -8.75034331e-01]
 [ 4.70764563e-01 -1.19618407e+01 -2.98210954e-01]
 [ 1.28503299e+00 -2.30701727e+01 -8.78449734e-01]
 [ 1.27899801e+00 -4.09732411e+01 -1.26061761e+00]
 [ 4.11219934e-01 -1.19453385e+01 -3.54562862e-01]
 [-1.01198098e-02  9.09105508e-04 -9.84824110e-02]
 [-8.96655535e-02  1.01672727e+01  3.23075418e-01]
 [-7.98073373e-01  1.49879899e+01  3.37114561e-01]
 [-2.50308814e-01  3.76272527e+00  3.66274803e-02]
 [-2.50308814e-01  3.76272527e+00  3.66274803e-02]
 [-3.73399313e-01  8.01241938e+00  1.89881327e-01]
 [-1.09230935e+00  2.71048370e+01  6.75353097e-01]
 [-2.50308814e-01  3.76272527e+00  3.66274803e-02]
 [-2.50308814e-01  3.76272527e+00  3.66274803e-02]
 [-2.50308814e-01  3.76272527e+00  3.66274803e-02]
 [-2.50308814e-01  3.76272527e+00  3.66274803e-02]
 [-2.50308814e-01  3.76272527e+00  3.66274803e-02]
 [-2.50308814e-01  3.76272527e+00  3.66274803e-02]
 [ 1.93349979e-01  3.02778284e+00  2.15710819e-01]
 [-9.54388683e-01  2.33913645e+01  7.88275359e-01]
 [-9.54388683e-01  2.33913645e+01  7.88275359e-01]
 [-9.54388683e-01  2.33913645e+01  7.88275359e-01]
 [-9.54388683e-01  2.33913645e+01  7.88275359e-01]
 [-9.54388683e-01  2.33913645e+01  7.88275359e-01]
 [-2.47792087e-03 -1.41483300e+00  2.04362140e-02]] 
lwh_diff, org - ref: 
[[-0.24616051 -0.05389404  0.06719947]
 [-0.24616051 -0.05389404  0.06719947]
 [-0.24616051 -0.05389404  0.06719947]
 [-0.24616051 -0.05389404  0.06719947]
 [-0.24616051 -0.05389404  0.06719947]
 [-0.24616051 -0.05389404  0.06719947]
 [-0.24616051 -0.05389404  0.06719947]
 [-0.07612753 -0.00605011 -0.01246798]
 [-0.07612753 -0.00605011 -0.01246798]
 [-0.07612753 -0.00605011 -0.01246798]
 [-0.07612753 -0.00605011 -0.01246798]
 [-0.07612753 -0.00605011 -0.01246798]
 [-0.07612753 -0.00605011 -0.01246798]
 [-0.07612753 -0.00605011 -0.01246798]
 [-0.07612753 -0.00605011 -0.01246798]
 [-0.07612753 -0.00605011 -0.01246798]
 [-0.07612753 -0.00605011 -0.01246798]
 [-0.07612753 -0.00605011 -0.01246798]
 [-0.07612753 -0.00605011 -0.01246798]
 [-0.07612753 -0.00605011 -0.01246798]
 [-0.21856499 -0.02741694  0.47459102]
 [-0.21856499 -0.02741694  0.47459102]
 [-0.21856499 -0.02741694  0.47459102]
 [-0.21856499 -0.02741694  0.47459102]
 [-0.21856499 -0.02741694  0.47459102]
 [-0.21856499 -0.02741694  0.47459102]
 [-0.28133726 -0.05859661  0.06967926]] 
socre, org, ref: 
[[4.3849194e-01 2.9215561e-02]
 [4.3849194e-01 4.8141408e-04]
 [4.3849194e-01 3.4406924e-04]
 [4.3849194e-01 8.1071991e-04]
 [4.3849194e-01 3.0149461e-03]
 [4.3849194e-01 7.7118858e-04]
 [4.3849194e-01 1.5970974e-05]
 [5.6349725e-01 2.8819559e-02]
 [5.6349725e-01 5.8021612e-07]
 [5.6349725e-01 2.1779410e-05]
 [5.6349725e-01 2.5459365e-05]
 [5.6349725e-01 2.5459365e-05]
 [5.6349725e-01 1.3795515e-04]
 [5.6349725e-01 3.7426289e-05]
 [5.6349725e-01 2.5459365e-05]
 [5.6349725e-01 2.5459365e-05]
 [5.6349725e-01 2.5459365e-05]
 [5.6349725e-01 2.5459365e-05]
 [5.6349725e-01 2.5459365e-05]
 [5.6349725e-01 2.5459365e-05]
 [4.3753189e-01 7.7369183e-02]
 [3.2429110e-02 3.5201938e-05]
 [3.2429110e-02 3.5201938e-05]
 [3.2429110e-02 3.5201938e-05]
 [3.2429110e-02 3.5201938e-05]
 [3.2429110e-02 3.5201938e-05]
 [5.6817007e-01 4.5178477e-02]] 
obj_id: 460 =============
xyz_diff, org - ref: 
[[ 5.35864012e-02 -8.78605623e+00 -2.27072280e-01]
 [-2.72881462e-01 -1.50408501e+01 -3.51540197e-01]
 [-2.72881462e-01 -1.50408501e+01 -3.51540197e-01]
 [ 3.32448021e-02 -1.04946517e+01 -3.19506512e-01]
 [ 1.59708405e-01 -1.32197563e+00 -5.22011292e-02]
 [ 1.95383206e-01  5.41567350e+00  3.11422841e-02]
 [ 4.84883848e-01  1.05724518e+01  1.44939391e-01]
 [ 6.63773046e-02 -1.06460837e+01 -2.21020178e-01]
 [-1.10302604e-01 -7.27549482e+00 -1.50506538e-01]
 [ 4.87898066e-02 -5.33891090e-02  2.89363334e-02]
 [-2.72881462e-01 -1.50408501e+01 -3.51540197e-01]
 [ 9.30603075e-02 -3.63870455e+00 -1.21160828e-01]
 [ 7.18679572e-02 -4.74987975e-02 -7.27138685e-02]
 [ 2.02630203e-01  4.26042049e+00  4.45237072e-02]
 [ 3.71525044e-01  8.95746624e+00  2.30527598e-01]
 [ 3.72365876e-01  7.59491118e+00  1.94700213e-01]
 [ 3.72859825e-02  9.52671492e-01  1.99599312e-01]
 [ 5.36588337e-01  8.05444589e+00  2.42744914e-01]
 [ 1.06071828e-02 -1.28268185e-03  1.47903910e-02]
 [ 2.45397561e-01  3.57071684e+00  7.16951999e-02]
 [ 1.50177012e-02 -1.94283386e+00 -3.49552332e-02]
 [ 3.09474881e-01  4.62386544e-01  6.82384009e-02]
 [ 9.75474869e-02  5.08023461e-04  5.09620580e-03]] 
lwh_diff, org - ref: 
[[-0.1152463  -0.07195902 -0.00213838]
 [-0.1152463  -0.07195902 -0.00213838]
 [-0.1152463  -0.07195902 -0.00213838]
 [-0.1152463  -0.07195902 -0.00213838]
 [-0.1152463  -0.07195902 -0.00213838]
 [-0.1152463  -0.07195902 -0.00213838]
 [-0.1152463  -0.07195902 -0.00213838]
 [-0.1152463  -0.07195902 -0.00213838]
 [-0.1152463  -0.07195902 -0.00213838]
 [-0.1152463  -0.07195902 -0.00213838]
 [-0.1152463  -0.07195902 -0.00213838]
 [-0.1152463  -0.07195902 -0.00213838]
 [-0.1152463  -0.07195902 -0.00213838]
 [-0.1152463  -0.07195902 -0.00213838]
 [-0.52709723 -0.13574898 -0.12466478]
 [-0.1613903  -0.08181524 -0.01386583]
 [-0.1613903  -0.08181524 -0.01386583]
 [-0.1613903  -0.08181524 -0.01386583]
 [-0.22262049 -0.06135178 -0.08011627]
 [-0.08333111 -0.03290987 -0.02466285]
 [-0.08333111 -0.03290987 -0.02466285]
 [-0.08333111 -0.03290987 -0.02466285]
 [-0.27098227 -0.0400598  -0.0784117 ]] 
socre, org, ref: 
[[4.0585227e-02 1.3824336e-05]
 [1.2950011e-01 8.3468940e-06]
 [1.2950011e-01 8.3468940e-06]
 [1.2950011e-01 5.9726217e-06]
 [1.2950011e-01 1.3584882e-04]
 [1.2950011e-01 1.4159433e-05]
 [1.2950011e-01 4.9647033e-06]
 [1.2950011e-01 8.0333222e-05]
 [1.2950011e-01 1.5697233e-05]
 [1.2950011e-01 5.7267887e-05]
 [1.2950011e-01 8.3468940e-06]
 [1.2950011e-01 3.3556248e-07]
 [1.2950011e-01 1.6328148e-04]
 [1.2950011e-01 4.2897074e-05]
 [1.7333348e-01 2.2671644e-07]
 [2.1305530e-01 2.1335545e-05]
 [4.6657715e-02 2.7681433e-06]
 [7.6581262e-02 1.6517288e-06]
 [1.7349049e-01 6.1113117e-03]
 [1.9357438e-01 2.1724222e-04]
 [7.9298683e-02 3.0383226e-04]
 [9.7439028e-02 8.7347726e-06]
 [1.1765720e-01 2.3838638e-03]] 
obj_id: 341 =============
xyz_diff, org - ref: 
[[ 0.01432256 -0.05309133  0.01351485]
 [-0.00217255 -0.01491082  0.00910263]
 [-0.00902384 -0.01148008  0.00483254]
 [-0.01097379  0.01187513  0.0025091 ]
 [-0.00905412 -0.00172917  0.00973848]
 [-0.02175853 -0.00930407  0.00278245]
 [-0.02651102 -0.00870947  0.00246113]
 [-0.03800011 -0.01761332  0.00731567]
 [-0.03273245 -0.01371075 -0.00221552]
 [ 0.01112413  0.03125009 -0.00203953]
 [-0.0543347  -0.0063422  -0.01069902]
 [-0.02695723  0.00366228 -0.01787441]
 [-0.02468841 -0.00585271 -0.02783256]
 [-0.04581009 -0.0056587  -0.01099511]
 [-0.06267511  0.00226808 -0.00898704]
 [-0.01538194  0.03005467 -0.01579365]
 [-0.03997755  0.00015675 -0.00258185]
 [-0.02421417 -0.00282535 -0.01676816]] 
lwh_diff, org - ref: 
[[ 0.12441254 -0.01698947  0.20908606]
 [-0.0229044  -0.0382545   0.09298754]
 [ 0.06537008 -0.04186463  0.13955057]
 [-0.07908964 -0.05287027  0.13849068]
 [-0.00917149 -0.06194115  0.084342  ]
 [ 0.09799623 -0.02146363  0.05753064]
 [ 0.14244938 -0.03542471  0.05503392]
 [-0.04289579 -0.07970548  0.10433769]
 [ 0.06224775 -0.0491569   0.05210638]
 [ 0.04465246 -0.05118394 -0.00285959]
 [-0.02157974 -0.05362821  0.02632248]
 [ 0.11105156 -0.02367496  0.18270731]
 [ 0.16611099 -0.01348639  0.04566526]
 [ 0.06767988 -0.02662945  0.02715027]
 [ 0.03553915 -0.02387786  0.05966592]
 [ 0.04997683 -0.04121423  0.04780567]
 [-0.03972483 -0.06828022  0.05938661]
 [ 0.03589106 -0.04559159  0.14938319]] 
socre, org, ref: 
[[4.39310461e-01 3.32370910e-05]
 [4.74306762e-01 1.96138772e-05]
 [4.86492068e-01 1.16777555e-05]
 [4.66243416e-01 7.80391474e-06]
 [4.27887589e-01 5.53324935e-06]
 [3.66983503e-01 3.30688590e-06]
 [4.56357300e-01 4.33854166e-06]
 [3.15226883e-01 7.18507999e-06]
 [4.22361821e-01 2.70238229e-06]
 [4.29741949e-01 1.00857487e-05]
 [4.82216775e-01 3.16580122e-06]
 [4.72619325e-01 4.96303983e-06]
 [4.82600331e-01 9.21212904e-06]
 [4.57945496e-01 3.93974506e-06]
 [4.48498517e-01 1.24061739e-06]
 [4.41169739e-01 1.77625952e-05]
 [3.82915556e-01 2.93515268e-06]
 [4.63822901e-01 3.20109666e-06]] 
obj_id: 376 =============
xyz_diff, org - ref: 
[[-0.03899608 -0.0215277  -0.01146292]
 [-0.03562254  0.00053191 -0.02541488]
 [-0.01634415 -0.01215715 -0.02343687]
 [ 0.00344785 -0.01344755 -0.01124271]
 [-0.00201822 -0.0278866  -0.01457325]
 [ 0.00438473 -0.03150898 -0.0092507 ]
 [ 0.00790234 -0.03008869 -0.01402372]
 [ 0.01465826 -0.02811337 -0.00373158]
 [ 0.01412029 -0.00156761 -0.01985588]
 [ 0.01171865 -0.02492267 -0.02037176]
 [ 0.00647226 -0.04514715 -0.00363557]
 [ 0.00442722 -0.0204378  -0.00314778]
 [ 0.01063158 -0.02399524 -0.01483395]
 [ 0.00858042  0.00442389 -0.0014489 ]
 [ 0.00037753 -0.01924786 -0.01806346]
 [ 0.00323383 -0.00764407 -0.00248159]] 
lwh_diff, org - ref: 
[[-0.10395145 -0.0970006  -0.00129795]
 [-0.0054965  -0.0261035   0.06686306]
 [-0.15557337 -0.07036281  0.05857825]
 [-0.12471247 -0.08021355  0.02421451]
 [ 0.06384087 -0.03165984  0.05811357]
 [ 0.0275774  -0.0077517   0.09902358]
 [-0.04709339 -0.0597043   0.01189518]
 [-0.13959837 -0.03920007  0.12089407]
 [-0.14515781 -0.08394027  0.01455939]
 [-0.00507498  0.02895308  0.126724  ]
 [ 0.10114288 -0.02896428  0.03268218]
 [-0.06186867 -0.05511546 -0.00538957]
 [-0.00248623 -0.02185297  0.08186913]
 [-0.02740049 -0.04719424  0.01071632]
 [-0.05842066 -0.06275058  0.00833404]
 [ 0.02392387 -0.05987287 -0.02196693]] 
socre, org, ref: 
[[0.43334383 0.8842836 ]
 [0.5000781  0.88289106]
 [0.47602373 0.88996315]
 [0.47798327 0.8934194 ]
 [0.48388344 0.9001513 ]
 [0.4644149  0.89039314]
 [0.48253372 0.89743537]
 [0.44512722 0.8749418 ]
 [0.47732082 0.88440686]
 [0.42982194 0.86810195]
 [0.48495117 0.8564269 ]
 [0.4934499  0.8760953 ]
 [0.47535846 0.8460012 ]
 [0.41969717 0.8545201 ]
 [0.4483773  0.8701567 ]
 [0.4666089  0.87730795]] 
obj_id: 458 =============
xyz_diff, org - ref: 
[[-8.23578200e-02  1.25874258e-01  2.01044289e-02]
 [-2.38115685e-02  1.05756931e-01 -6.92054907e-03]
 [-2.03186806e-02 -1.13723726e+00 -5.40973814e-02]
 [ 2.17382599e-02  1.57898317e-01 -3.13267568e-03]
 [-3.79711253e-02  1.53080104e-01  3.61425448e-02]
 [ 3.40372075e-01  7.11350423e+00  1.10069554e-01]
 [ 2.07965615e-01  5.04640347e+00  2.02055074e-02]
 [-2.79363640e-02  6.24293023e-02 -1.63794730e-02]
 [-1.08740161e-01 -1.23842514e-01 -7.91262766e-03]
 [-7.97869833e-02  1.63356422e-01  1.88726595e-02]
 [-1.04752801e-02 -3.15361640e-02  1.53827353e-02]
 [-9.66829319e-02  2.89543573e-02 -1.15472926e-02]
 [ 3.04076409e-01  8.54627679e+00  1.60271454e-01]] 
lwh_diff, org - ref: 
[[-0.13972855 -0.06142306  0.04010522]
 [-0.13972855 -0.06142306  0.04010522]
 [-0.13972855 -0.06142306  0.04010522]
 [-0.13972855 -0.06142306  0.04010522]
 [-0.01646519 -0.05780053  0.07517397]
 [-0.01646519 -0.05780053  0.07517397]
 [-0.01646519 -0.05780053  0.07517397]
 [-0.01646519 -0.05780053  0.07517397]
 [-0.01646519 -0.05780053  0.07517397]
 [-0.03336191 -0.05072999  0.02414763]
 [-0.03336191 -0.05072999  0.02414763]
 [-0.03336191 -0.05072999  0.02414763]
 [-0.03336191 -0.05072999  0.02414763]] 
socre, org, ref: 
[[6.66195005e-02 1.19485885e-04]
 [6.44441545e-02 9.16571571e-06]
 [1.98103175e-01 1.21732103e-06]
 [1.98103175e-01 1.08099797e-04]
 [2.04338908e-01 3.56867589e-04]
 [4.51162644e-02 1.88079302e-05]
 [7.13184625e-02 4.28329950e-05]
 [3.09300255e-02 7.56021223e-07]
 [3.09300255e-02 4.58601426e-05]
 [1.44149750e-01 2.83251825e-06]
 [1.44149750e-01 7.76101933e-06]
 [1.44149750e-01 2.33493483e-04]
 [3.69784310e-02 1.56989313e-06]] 
obj_id: 459 =============
xyz_diff, org - ref: 
[[-1.50453722e-02  9.42613350e-01 -6.85831954e-02]
 [-5.59934409e-01 -9.86312192e+00 -1.44638156e-01]
 [-3.05209199e-01 -5.63073271e+00 -1.08722424e-01]
 [ 3.67469613e-02  1.08188872e-02  5.47944348e-02]
 [ 6.87256925e-02 -3.00490529e-03  7.40440669e-03]
 [-1.49928858e-01 -4.12002523e+00 -7.13222308e-02]
 [ 1.48844665e-01  1.91211949e+00  1.42495355e-01]
 [-7.18804706e-01 -1.11712646e+01 -2.47689933e-01]
 [ 5.86035480e-02 -6.19703585e-02 -3.73308536e-02]
 [ 2.25399124e-01  8.53088622e+00  2.68681365e-01]
 [ 2.20963060e-01  1.18751472e+00  9.19105384e-02]
 [ 1.41128423e-01  5.77220001e-01  9.52222501e-02]
 [-2.99912353e-01 -6.05493040e+00 -1.29319785e-01]] 
lwh_diff, org - ref: 
[[ 0.21727562  0.05705822  0.14404142]
 [ 0.21727562  0.05705822  0.14404142]
 [ 0.21727562  0.05705822  0.14404142]
 [ 0.21727562  0.05705822  0.14404142]
 [-0.01313877  0.01871538  0.0714525 ]
 [-0.07593632  0.02656281  0.06214225]
 [-0.07593632  0.02656281  0.06214225]
 [-0.07593632  0.02656281  0.06214225]
 [-0.01204157  0.06869137 -0.00756407]
 [ 0.01338959  0.07289302  0.04270005]
 [ 0.09644508  0.09855115  0.14002788]
 [ 0.02610826  0.03522527  0.12413871]
 [ 0.04494095  0.06876218  0.04283369]] 
socre, org, ref: 
[[4.8472028e-02 9.2502829e-04]
 [5.3459167e-02 8.5102161e-03]
 [7.5364590e-02 1.1132868e-03]
 [1.5355214e-01 4.8819982e-04]
 [1.6002682e-01 7.0643704e-04]
 [1.3374564e-01 2.4236538e-04]
 [3.8875464e-02 1.0235909e-03]
 [5.2309122e-02 2.5148066e-03]
 [1.2715515e-01 2.3123292e-04]
 [1.0005014e-01 2.6657288e-03]
 [2.1895981e-01 6.8516977e-04]
 [1.5598807e-01 2.0298819e-04]
 [1.3512884e-01 1.1183349e-03]] 
obj_id: 446 =============
xyz_diff, org - ref: 
[[ 1.31348669e+00  2.90493221e+01  9.24331070e-01]
 [ 7.57549011e-01  1.02676408e+01  3.28248159e-01]
 [ 9.96632012e-02  3.51167337e+00 -1.85806379e-02]
 [ 5.97758458e-01  1.06437647e+01  1.48963658e-01]
 [ 7.65798097e-01  1.35489998e+01  2.51983592e-01]
 [ 7.65798097e-01  1.35489998e+01  2.51983592e-01]
 [ 5.69446852e-01  1.12957590e+01  1.70211389e-01]
 [ 4.05193563e-01  1.43099712e+01  8.30214096e-02]
 [ 7.79078802e-01  1.35835774e+01  2.57374466e-01]
 [ 9.62524021e-02  7.54378388e-02 -3.94749594e-03]
 [ 1.39841474e+00  2.31138984e+01  5.79745736e-01]] 
lwh_diff, org - ref: 
[[ 0.1544342  -0.05149317  0.09170365]
 [ 0.1544342  -0.05149317  0.09170365]
 [-0.03643799 -0.07444048  0.0597353 ]
 [-0.03643799 -0.07444048  0.0597353 ]
 [-0.03643799 -0.07444048  0.0597353 ]
 [-0.03643799 -0.07444048  0.0597353 ]
 [-0.03643799 -0.07444048  0.0597353 ]
 [-0.03643799 -0.07444048  0.0597353 ]
 [-0.03643799 -0.07444048  0.0597353 ]
 [-0.10716248 -0.08593488  0.0258044 ]
 [ 0.11485481 -0.04666996  0.10225022]] 
socre, org, ref: 
[[6.5632887e-02 7.3797557e-05]
 [1.2290499e-01 1.8519360e-03]
 [1.5110548e-01 5.9420844e-03]
 [1.5110548e-01 1.6148593e-05]
 [4.9096521e-02 1.5823469e-05]
 [4.9096521e-02 1.5823469e-05]
 [5.8428824e-02 2.7038754e-04]
 [8.6375237e-02 6.5976195e-03]
 [4.2873997e-02 1.7191947e-05]
 [2.1038680e-01 4.4525423e-04]
 [1.1746210e-01 6.5922439e-03]] 
obj_id: 444 =============
xyz_diff, org - ref: 
[[ 0.11197109  0.26832084  0.12408186]
 [ 0.43920095 -9.25869604 -0.26589545]
 [ 0.11684092  4.90799009  0.05888023]
 [ 0.19271588 -3.70732183 -0.16139892]
 [ 0.222584   -3.68113179 -0.1589525 ]
 [ 0.19271588 -3.70732183 -0.16139892]
 [ 0.20201853  0.02737992 -0.10562815]
 [-0.33083102 14.95559896  0.46005034]
 [-0.76371556 23.44388536  0.75148586]] 
lwh_diff, org - ref: 
[[ 0.00412369 -0.05942225  0.0922544 ]
 [-0.0514679  -0.05334616  0.09075677]
 [-0.0514679  -0.05334616  0.09075677]
 [-0.0514679  -0.05334616  0.09075677]
 [-0.0514679  -0.05334616  0.09075677]
 [-0.0514679  -0.05334616  0.09075677]
 [-0.21249151 -0.05735445 -0.02336419]
 [-0.01674843 -0.08539677  0.12132525]
 [-0.01674843 -0.08539677  0.12132525]] 
socre, org, ref: 
[[1.4751013e-01 4.0265243e-04]
 [1.4233583e-01 2.2876585e-02]
 [6.3071750e-02 7.3060149e-04]
 [3.8346540e-02 1.5768968e-04]
 [3.8346540e-02 7.8858098e-04]
 [3.8346540e-02 1.5768968e-04]
 [1.0278970e-01 1.1542966e-03]
 [1.5838929e-01 6.2795129e-04]
 [6.1543223e-02 4.8003945e-05]] 
obj_id: 447 =============
xyz_diff, org - ref: 
[[ 0.13417434 -0.03375122  0.01439184]
 [ 0.09720897 -0.03207913  0.03629091]
 [-0.0091557   0.02504857  0.07513606]
 [-0.0136494  -0.19644628  0.01405124]
 [ 0.27277843  9.10635766  0.10279948]
 [ 0.20212741  7.07921417  0.1795856 ]
 [ 0.09767835  2.24520534  0.06363737]
 [-0.00951628  1.44539601  0.0508527 ]
 [ 0.11614054  4.32827359  0.14121606]
 [-0.02511742  1.11448402  0.02984332]
 [ 0.09430195 -0.0169065   0.0632773 ]] 
lwh_diff, org - ref: 
[[-0.3793292  -0.03292966  0.06267929]
 [-0.45828104 -0.09509861  0.00136817]
 [-0.31027412 -0.03926373  0.12750661]
 [-0.44288015 -0.05537462  0.01817536]
 [-0.52579546 -0.08897519  0.00689125]
 [-0.52579546 -0.08897519  0.00689125]
 [-0.40860271 -0.06295943  0.07802415]
 [-0.40860271 -0.06295943  0.07802415]
 [-0.40860271 -0.06295943  0.07802415]
 [-0.33192301 -0.04306221  0.12279725]
 [-0.31955194 -0.01299119  0.0355171 ]] 
socre, org, ref: 
[[1.08233422e-01 1.71452644e-04]
 [1.31767675e-01 5.25282394e-06]
 [1.19953029e-01 6.30298920e-04]
 [1.69753969e-01 7.61934862e-05]
 [1.43154517e-01 1.53307526e-04]
 [1.43154517e-01 1.61748379e-04]
 [1.78403437e-01 1.08004315e-05]
 [1.78403437e-01 5.34432547e-05]
 [1.78403437e-01 1.71304946e-05]
 [1.31702587e-01 2.65872022e-05]
 [1.28209680e-01 3.27860558e-04]] 
obj_id: 482 =============
xyz_diff, org - ref: 
[[ 1.70090671e-02 -9.15677916e+00 -1.93725577e-01]
 [-9.53271785e-02 -3.90204809e+00 -5.12074112e-02]
 [ 7.16385143e-02 -1.73399488e+00 -2.04137626e-02]
 [-6.91647254e-03 -5.89011202e+00 -1.35558466e-01]
 [ 6.47812011e-02 -9.51184687e+00 -1.47042902e-01]
 [-9.38775681e-02 -6.49213462e+00 -1.42873500e-01]
 [ 1.48032122e-02  2.19772646e-02 -8.28292631e-04]
 [ 7.02972295e-02  2.36693181e+00  8.26239736e-02]
 [ 1.08111748e-02 -1.19616037e+01 -3.32520772e-01]] 
lwh_diff, org - ref: 
[[-0.08175468  0.00031948  0.04267919]
 [-0.08175468  0.00031948  0.04267919]
 [-0.11065674 -0.03009701  0.00771248]
 [-0.11605215 -0.03290248  0.02174735]
 [-0.11605215 -0.03290248  0.02174735]
 [-0.11605215 -0.03290248  0.02174735]
 [-0.18259764 -0.04443598 -0.03385663]
 [-0.13481092 -0.00036001  0.02067554]
 [-0.13481092 -0.00036001  0.02067554]] 
socre, org, ref: 
[[9.33358371e-02 1.12950348e-03]
 [1.39036298e-01 1.42806326e-04]
 [2.03276813e-01 1.67355349e-04]
 [1.56764999e-01 1.28804735e-04]
 [6.98804781e-02 1.15276685e-04]
 [7.90239498e-02 1.83598744e-03]
 [2.10397631e-01 1.40872598e-02]
 [1.99571416e-01 3.74742267e-05]
 [8.39033946e-02 6.65429235e-03]] 
obj_id: 464 =============
xyz_diff, org - ref: 
[[ 0.12995402 -2.90659222 -0.04377834]
 [-0.12685705 -2.18674161 -0.05421449]
 [ 0.10669379  0.60656014 -0.05063973]
 [ 0.10669379  0.60656014 -0.05063973]
 [ 0.06398149  0.03190914 -0.00802866]
 [ 0.06975106  0.03333918  0.02924284]
 [ 0.20115803 -0.41997043  0.05276667]] 
lwh_diff, org - ref: 
[[ 0.09380054 -0.04770875  0.08111238]
 [ 0.09380054 -0.04770875  0.08111238]
 [ 0.09380054 -0.04770875  0.08111238]
 [ 0.09380054 -0.04770875  0.08111238]
 [-0.05457544 -0.05476665  0.02870739]
 [ 0.00154781 -0.07591939  0.04134274]
 [ 0.00154781 -0.07591939  0.04134274]] 
socre, org, ref: 
[[0.10263467 0.00045443]
 [0.07141443 0.00020721]
 [0.07141443 0.0003497 ]
 [0.07141443 0.0003497 ]
 [0.1114476  0.02850723]
 [0.12806277 0.0120964 ]
 [0.04520396 0.00125172]] 
obj_id: 463 =============
xyz_diff, org - ref: 
[[-2.69010485e-02  4.84244301e-03  6.88722933e-02]
 [-5.19598381e-02  2.25154120e-02  6.24702644e-02]
 [ 2.81960372e-02 -8.58498162e-01  4.95535415e-02]
 [-3.09032847e-02  1.73389218e-01  6.86797422e-02]
 [ 9.03552189e-03 -4.91825115e+00 -2.95037169e-02]
 [-7.06095332e-03  4.24009244e+00  1.10441705e-01]
 [-7.82517252e-03 -2.01805311e-01  6.67194926e-02]
 [-4.75139528e-02 -1.79137277e-02  2.86246766e-02]
 [-8.49959513e-02  8.27440625e-01  6.85554722e-02]
 [-1.76178443e-02 -2.97968550e-02  5.94676014e-02]] 
lwh_diff, org - ref: 
[[ 0.05615234 -0.07684469 -0.00737953]
 [ 0.2601347  -0.03252649  0.08068693]
 [ 0.17760801 -0.05160761  0.04906249]
 [ 0.17760801 -0.05160761  0.04906249]
 [ 0.17760801 -0.05160761  0.04906249]
 [ 0.28411674 -0.05649447  0.15031099]
 [ 0.28411674 -0.05649447  0.15031099]
 [ 0.13183975 -0.04690433  0.1170975 ]
 [ 0.12515163 -0.07149482  0.10098696]
 [ 0.20223188 -0.01868176  0.03577721]] 
socre, org, ref: 
[[1.0294771e-01 4.5855516e-03]
 [1.4893338e-01 9.6079835e-05]
 [1.4081961e-01 1.6283944e-04]
 [6.9573879e-02 2.2878226e-04]
 [6.9573879e-02 3.3712091e-05]
 [1.1978418e-01 4.1550102e-06]
 [1.1978418e-01 7.6794322e-06]
 [1.6935953e-01 1.1703454e-04]
 [1.8403159e-01 7.4984513e-05]
 [1.1658893e-01 3.1693601e-03]] 
obj_id: 484 =============
xyz_diff, org - ref: 
[[-3.54579021e-01  1.50122352e+01  4.29407238e-01]
 [-3.71537221e-01  1.08618604e+01  3.56157604e-01]
 [-1.99305783e-01  1.75105242e+01  5.13612073e-01]
 [ 1.36237200e-02 -2.73284794e-03  7.40767997e-03]
 [ 1.12260938e-01 -4.17087145e-01  6.31790295e-03]
 [ 7.77552602e-02  7.11975666e-03 -1.82378433e-02]
 [ 1.04799521e-01  4.86269944e-01  2.37287369e-02]
 [ 2.01582262e-01 -1.29801331e+00  4.91212674e-03]
 [ 7.71094304e-02  1.93639100e-02 -2.43633400e-02]] 
lwh_diff, org - ref: 
[[-0.22456169 -0.06382108  0.10817158]
 [-0.22456169 -0.06382108  0.10817158]
 [-0.22456169 -0.06382108  0.10817158]
 [-0.14758396 -0.02878022 -0.0061177 ]
 [-0.14758396 -0.02878022 -0.0061177 ]
 [-0.07224512 -0.07659626  0.0975436 ]
 [-0.07224512 -0.07659626  0.0975436 ]
 [-0.252563   -0.11708319  0.14208794]
 [-0.27800941 -0.04437065 -0.00301695]] 
socre, org, ref: 
[[1.1755921e-01 3.3683074e-04]
 [1.1755921e-01 2.4365984e-04]
 [1.1755921e-01 2.0802462e-04]
 [1.1002858e-01 7.5285763e-01]
 [8.7607205e-02 1.9111935e-04]
 [1.2740166e-01 2.9132725e-04]
 [1.2740166e-01 1.4288965e-04]
 [1.7105126e-01 1.5016520e-04]
 [1.6327333e-01 1.2168761e-03]] 
obj_id: 513 =============
xyz_diff, org - ref: 
[[ 2.83878020e-01 -8.48562165e+00 -6.01232777e-02]
 [ 1.91691730e-01 -2.61531889e+00 -1.57161074e-02]
 [ 2.81759246e-01 -3.06740818e+00 -1.17392002e-02]
 [ 1.36407492e-01 -8.98500548e-03  4.62768122e-02]
 [ 2.58955327e-01 -7.28633236e+00 -1.44582882e-01]
 [ 1.89029750e-01 -2.96594460e+00  1.62865843e-03]
 [ 8.28610069e-02 -2.38087572e-01  8.96119501e-02]
 [ 3.17751667e-01 -3.29972487e+00  1.87372558e-02]
 [ 1.91464065e-01 -1.00044749e+00  3.18646042e-02]] 
lwh_diff, org - ref: 
[[ 0.13831377 -0.04002976  0.09801137]
 [ 0.13831377 -0.04002976  0.09801137]
 [ 0.22663593  0.00459313  0.07768655]
 [ 0.0844121  -0.05203891  0.06714082]
 [ 0.10937786 -0.03896952  0.11455762]
 [ 0.07153606 -0.05146813  0.09823346]
 [ 0.03935242 -0.08865309  0.22700703]
 [ 0.03935242 -0.08865309  0.22700703]
 [-0.04001522 -0.05293894  0.03220987]] 
socre, org, ref: 
[[8.8679023e-02 1.6501796e-04]
 [1.3085565e-01 1.6759259e-04]
 [1.0137944e-01 2.2093708e-02]
 [1.2314846e-01 4.0145050e-04]
 [1.1442527e-01 3.5349305e-05]
 [1.2904207e-01 8.2446565e-04]
 [1.3250461e-01 2.5558658e-04]
 [1.3250461e-01 3.3099332e-05]
 [1.2137021e-01 6.9129965e-03]] 
obj_id: 483 =============
xyz_diff, org - ref: 
[[ 0.10243558 -1.24088358 -0.01524319]
 [-0.02697417 -9.10475222 -0.13197634]
 [ 0.10133244 -8.59297593 -0.12254898]
 [ 0.1486126  -7.62593006 -0.0161038 ]
 [ 0.19629748  0.63311016  0.03269236]
 [ 0.22441142 -4.05416028 -0.02332473]
 [-0.07394952  3.55808031  0.0862176 ]
 [-0.02509817  0.04097567  0.04281397]
 [ 0.05152703 -5.56854648 -0.0681467 ]] 
lwh_diff, org - ref: 
[[ 0.11128426  0.03127646  0.04356837]
 [ 0.11128426  0.03127646  0.04356837]
 [ 0.11128426  0.03127646  0.04356837]
 [ 0.10957956  0.02725315  0.04576492]
 [ 0.06259727  0.03044176  0.03774321]
 [ 0.06259727  0.03044176  0.03774321]
 [-0.01016855 -0.01294923  0.01111877]
 [ 0.10933113  0.0421195   0.02470446]
 [ 0.0697403   0.04705477  0.10967553]] 
socre, org, ref: 
[[1.38017237e-01 5.58322202e-03]
 [8.32186937e-02 1.48862682e-03]
 [8.32186937e-02 1.52816836e-04]
 [1.22971781e-01 2.34806873e-02]
 [1.73014879e-01 4.90987004e-05]
 [1.73014879e-01 1.29305117e-04]
 [1.87300920e-01 1.41647746e-04]
 [1.89721107e-01 9.13168304e-03]
 [1.08392194e-01 3.74737778e-04]] 
obj_id: 508 =============
xyz_diff, org - ref: 
[[-4.54940919e-02  2.05761626e-02  1.84355578e-01]
 [ 2.17535676e-01  3.44776545e+00  1.30421959e-01]
 [ 6.99077786e-01  1.17378782e+01  3.40122317e-01]
 [-5.92721432e-03 -4.91364330e-01  1.78539925e-01]
 [ 2.80291382e-02 -1.89628608e-02  4.22057771e-02]
 [ 3.13812586e-01  3.96402290e+00  1.70991154e-01]
 [ 9.59120138e-02  3.48156651e-02 -1.41166192e-02]
 [ 9.73741755e-02  3.73257931e-01  3.66039585e-02]
 [ 3.13232772e-01  7.20317835e+00  2.56141470e-01]] 
lwh_diff, org - ref: 
[[-0.10884428 -0.08558798 -0.00625885]
 [-0.10884428 -0.08558798 -0.00625885]
 [-0.10884428 -0.08558798 -0.00625885]
 [-0.10884428 -0.08558798 -0.00625885]
 [-0.13499022 -0.0744257  -0.00441408]
 [-0.13499022 -0.0744257  -0.00441408]
 [-0.0700016  -0.04849243 -0.00545704]
 [-0.0700016  -0.04849243 -0.00545704]
 [ 0.03590393 -0.05859375  0.05910027]] 
socre, org, ref: 
[[9.82885063e-02 3.33053777e-06]
 [1.98708192e-01 1.73833614e-04]
 [7.43948221e-02 4.29494912e-06]
 [7.59857446e-02 9.02842930e-06]
 [1.53161272e-01 1.06013367e-05]
 [9.90531147e-02 4.88568321e-06]
 [1.28331482e-01 1.36067320e-04]
 [6.47831932e-02 1.13536125e-05]
 [1.05025828e-01 6.45255568e-06]] 
obj_id: 518 =============
xyz_diff, org - ref: 
[[ 0.41666493 -5.23528072 -0.08106908]
 [ 0.22043098 -3.16637212 -0.03758739]
 [ 0.06556234 -0.03081426 -0.04949825]
 [ 0.11866972 -0.94914136  0.00629075]
 [ 0.16038859 -2.06829531 -0.00936791]
 [ 0.22813736 -4.62551615 -0.07956048]
 [-0.0257699   0.20192301  0.06095923]
 [-0.04986313  1.432942    0.08185848]] 
lwh_diff, org - ref: 
[[-0.01162148  0.11456764  0.05590272]
 [-0.01162148  0.11456764  0.05590272]
 [-0.03986025  0.11721075  0.02479935]
 [ 0.07591534  0.11853921  0.10429204]
 [-0.09352016  0.07371676  0.03665638]
 [-0.09089231  0.09133375  0.0211184 ]
 [-0.04971361  0.13661206  0.03330719]
 [-0.0627718   0.08797276  0.0534898 ]] 
socre, org, ref: 
[[0.10085235 0.00198138]
 [0.10085235 0.00737649]
 [0.12902473 0.00312139]
 [0.2087543  0.00432552]
 [0.14238007 0.00534223]
 [0.11899312 0.00058975]
 [0.12785129 0.00467709]
 [0.16389798 0.00239088]] 
obj_id: 517 =============
xyz_diff, org - ref: 
[[ 0.01016694  0.50511716  0.10194878]
 [-0.04326326  2.04861533  0.11288927]
 [-0.22164084  4.89433029  0.17572531]
 [ 0.06692655  0.09662656  0.06585809]
 [ 0.00911835  0.07804113  0.03556088]
 [-0.03747688  0.59530468  0.0939866 ]
 [-0.19845104  6.64023006  0.22100935]
 [ 0.02082724  0.18051895  0.06520851]] 
lwh_diff, org - ref: 
[[ 0.01905394  0.01171517 -0.14496613]
 [ 0.01905394  0.01171517 -0.14496613]
 [ 0.01905394  0.01171517 -0.14496613]
 [ 0.04488087  0.00207901 -0.09529471]
 [ 0.06715918 -0.00170612 -0.14476395]
 [ 0.0140996  -0.04090416 -0.11823094]
 [ 0.0140996  -0.04090416 -0.11823094]
 [ 0.18509007 -0.00908947 -0.01281738]] 
socre, org, ref: 
[[0.1071607  0.00153836]
 [0.08263291 0.00450644]
 [0.08263291 0.00605043]
 [0.15341355 0.01762429]
 [0.15934384 0.15940727]
 [0.1755404  0.01552124]
 [0.06456441 0.00091494]
 [0.14725208 0.0030945 ]] 
obj_id: 539 =============
xyz_diff, org - ref: 
[[-8.94187985e-02  8.34475834e-02  5.50700620e-02]
 [ 8.96826012e-02  1.09977435e+00  5.68878576e-02]
 [ 2.72228727e-02  2.77093431e-02  2.12065873e-03]
 [ 9.74141612e-03  5.52099523e-01  4.66990528e-02]
 [-6.42404840e-02  2.73233996e+00  7.05683290e-02]
 [ 3.80206381e-02  3.05380921e-02  5.67292543e-03]
 [-1.25546961e-02  1.16080159e-01  2.68792305e-02]
 [ 4.00233387e-02  2.46618586e-02  5.44266403e-03]] 
lwh_diff, org - ref: 
[[ 0.53706789 -0.06178713  0.17919028]
 [ 0.53706789 -0.06178713  0.17919028]
 [ 0.35214567 -0.04748297  0.05261743]
 [ 0.45763969 -0.01184416  0.12971091]
 [ 0.39110947 -0.043262    0.13369787]
 [ 0.27062511 -0.03816795  0.07238078]
 [ 0.22297907 -0.08428895  0.10744393]
 [ 0.2994442  -0.00529981  0.00735521]] 
socre, org, ref: 
[[9.42861810e-02 3.41662280e-02]
 [1.49180815e-01 1.34494447e-03]
 [1.37698025e-01 6.92207292e-02]
 [1.58306658e-01 1.71812996e-02]
 [1.17353417e-01 3.86428983e-05]
 [1.22994244e-01 3.14731244e-03]
 [1.64644346e-01 1.59144145e-03]
 [1.47501633e-01 1.56869456e-01]] 
obj_id: 509 =============
xyz_diff, org - ref: 
[[-0.01658851  0.08222964  0.01528769]
 [ 0.02614754  0.0359773   0.03620955]
 [-0.00832819  0.03867494  0.01954737]
 [ 0.33785296  5.19043159  0.12317239]
 [ 0.04759902  0.07615266  0.01658489]] 
lwh_diff, org - ref: 
[[-0.08620358 -0.07301736 -0.06815684]
 [-0.08620358 -0.07301736 -0.06815684]
 [ 0.15152502 -0.01317739  0.06718481]
 [ 0.16606808 -0.07618189  0.06439614]
 [ 0.11218977 -0.04865789 -0.0468272 ]] 
socre, org, ref: 
[[0.18876815 0.01028014]
 [0.07505932 0.02058098]
 [0.11636169 0.00118863]
 [0.14080496 0.01002459]
 [0.17767347 0.042188  ]] 
obj_id: 510 =============
xyz_diff, org - ref: 
[[ 0.263959    0.34828817  0.06349032]
 [ 0.06155917  0.05661142 -0.0218781 ]
 [ 0.20374962 -1.98341386  0.02981197]
 [ 0.07572532  0.03298605 -0.00218108]
 [ 0.0491074   0.07268206  0.01282503]
 [ 0.07434986 -0.22036624  0.00968071]
 [ 0.01334488  0.65511871  0.04236674]
 [ 0.03711538  1.41174428  0.07811597]] 
lwh_diff, org - ref: 
[[-0.09354973 -0.01279259  0.16210258]
 [ 0.02918243  0.03088832  0.0092901 ]
 [ 0.02918243  0.03088832  0.0092901 ]
 [ 0.15732813  0.04876876  0.03511226]
 [ 0.10245943  0.00505924  0.06971312]
 [ 0.19560146  0.03001094  0.06886673]
 [ 0.19806337  0.03585339  0.13979638]
 [ 0.03152084  0.02032185  0.05488956]] 
socre, org, ref: 
[[1.5756796e-01 6.9209759e-04]
 [1.1480394e-01 5.1589545e-02]
 [7.7788912e-02 1.2786301e-03]
 [1.5599233e-01 7.5083487e-02]
 [1.5021807e-01 3.2602009e-04]
 [1.8413903e-01 1.7785338e-05]
 [1.2522791e-01 3.0039396e-04]
 [1.5318802e-01 5.3103744e-05]] 
obj_id: 511 =============
xyz_diff, org - ref: 
[[ 0.1298408  -2.46161063  0.00889357]
 [ 0.08853645 -3.10621414 -0.03982816]
 [ 0.08056664  0.16220069  0.04889762]
 [-0.08350012  0.01592063  0.04970813]
 [ 0.04443409  0.43223704  0.0483901 ]
 [ 0.00418492 -0.61924247  0.01646566]
 [ 0.19920182 -3.35580511 -0.0137851 ]
 [ 0.0621679   0.04787512  0.03293366]] 
lwh_diff, org - ref: 
[[-0.17964268 -0.08374619  0.02077794]
 [-0.19618177 -0.09238291  0.02108228]
 [-0.05843067 -0.07067823  0.06738293]
 [-0.17023516 -0.06296372  0.02404869]
 [-0.31919384 -0.11097932 -0.00553143]
 [-0.15753031 -0.05077481  0.02979112]
 [-0.0011282  -0.01927853  0.07803321]
 [-0.02861357 -0.03016043  0.09094393]] 
socre, org, ref: 
[[0.155733   0.03501784]
 [0.15218261 0.08016376]
 [0.10020714 0.02704569]
 [0.14767833 0.10019296]
 [0.21395436 0.31465194]
 [0.18104412 0.12778604]
 [0.11529808 0.0460729 ]
 [0.12289469 0.15295494]] 
obj_id: 577 =============
xyz_diff, org - ref: 
[[ 4.21160965e-01 -7.15204908e+00 -1.06778990e-01]
 [ 4.48495656e-01 -1.06005623e+01 -3.06597766e-01]
 [ 1.14646034e-01 -1.52128423e+00 -6.11179340e-02]
 [ 9.01338566e-03 -4.55741589e-01 -3.95986408e-02]
 [-5.61188069e-02 -3.18310537e+00 -1.01853447e-01]
 [-5.09870112e-02  4.22405923e-02  2.63397654e-02]
 [ 1.41286996e-01 -3.59771348e+00 -1.24166201e-01]] 
lwh_diff, org - ref: 
[[0.17997122 0.11332667 0.03705645]
 [0.17997122 0.11332667 0.03705645]
 [0.17997122 0.11332667 0.03705645]
 [0.19481897 0.09751117 0.0610559 ]
 [0.25114727 0.10829794 0.0513612 ]
 [0.28758812 0.11300457 0.13545215]
 [0.17999077 0.09022868 0.09251189]] 
socre, org, ref: 
[[0.04225217 0.00233083]
 [0.10888654 0.00056456]
 [0.10888654 0.00118661]
 [0.11783196 0.00377141]
 [0.13618092 0.08817128]
 [0.14575402 0.01431262]
 [0.15551305 0.01195334]] 
obj_id: 600 =============
xyz_diff, org - ref: 
[[ 9.80706922e-02  1.58034615e+00  3.66982644e-02]
 [-3.30476050e-02 -4.09314839e-01  2.09469079e-04]
 [ 3.75848157e-02  1.73587746e-02  1.15739531e-02]
 [-8.29528207e-02  1.62589765e+00  8.82188618e-02]
 [-6.72665329e-02  2.58719973e+00  9.23932758e-02]
 [ 4.06765667e-01 -1.54285722e+00  2.39781231e-02]] 
lwh_diff, org - ref: 
[[-0.02961922  0.07120967  0.04854453]
 [-0.02961922  0.07120967  0.04854453]
 [-0.02961922  0.07120967  0.04854453]
 [ 0.11634493  0.08786488  0.18455994]
 [ 0.11634493  0.08786488  0.18455994]
 [ 0.11634493  0.08786488  0.18455994]] 
socre, org, ref: 
[[5.5929471e-02 7.4184950e-06]
 [1.3006672e-01 2.1365250e-02]
 [1.3006672e-01 2.3788190e-03]
 [1.0058477e-01 6.2413746e-04]
 [5.1119957e-02 2.0507467e-04]
 [9.3724370e-02 4.7477667e-04]] 
obj_id: 559 =============
xyz_diff, org - ref: 
[[ 1.76509492e-01  8.48112837e-01  4.09629753e-02]
 [ 1.24667579e-01  7.55197454e-01  4.27398872e-02]
 [ 8.91249072e-02  5.03658319e-02  4.71405471e-03]
 [ 5.13851277e-02  4.10544185e-02  1.93932275e-03]
 [ 7.01773952e-02 -3.90354793e-01 -5.62808140e-02]
 [-5.15628249e-02  2.46217742e+00  9.77265016e-02]] 
lwh_diff, org - ref: 
[[0.12254858 0.04513776 0.00043559]
 [0.28408384 0.05951607 0.15627515]
 [0.14371967 0.05340636 0.0058583 ]
 [0.2131691  0.04854214 0.0297873 ]
 [0.1749444  0.05580461 0.065593  ]
 [0.1749444  0.05580461 0.065593  ]] 
socre, org, ref: 
[[1.17721558e-01 4.72354295e-05]
 [2.01926962e-01 5.93322795e-04]
 [1.48397699e-01 1.43300771e-04]
 [1.55621007e-01 8.92074138e-04]
 [1.23423375e-01 5.88370276e-05]
 [9.69325677e-02 8.70871532e-04]] 
obj_id: 573 =============
xyz_diff, org - ref: 
[[ 2.90139880e-01 -4.30825904e+00 -1.06981617e-01]
 [ 4.81764880e-02  2.03989715e+00  5.75609228e-03]
 [-1.68202111e-01  3.98821401e+00  1.88452073e-01]
 [ 6.70158328e-03 -1.84499345e-01 -3.90442744e-02]
 [ 3.42965664e-01 -6.95946659e+00 -8.43914669e-02]
 [-2.55326371e-02  5.15355737e-02  3.86605510e-02]] 
lwh_diff, org - ref: 
[[0.06579447 0.08589053 0.03172648]
 [0.06579447 0.08589053 0.03172648]
 [0.19129229 0.07234645 0.08316326]
 [0.15146208 0.12236261 0.022066  ]
 [0.15146208 0.12236261 0.022066  ]
 [0.17762136 0.05652809 0.16700006]] 
socre, org, ref: 
[[9.2313223e-02 5.7595415e-04]
 [1.7337668e-01 1.4203496e-04]
 [1.2581399e-01 5.4594857e-04]
 [1.3298121e-01 4.7977839e-02]
 [8.3850078e-02 6.6877203e-04]
 [1.6087116e-01 4.8958478e-03]] 
obj_id: 575 =============
xyz_diff, org - ref: 
[[-1.77873675e-01  3.23640162e+00  1.50609209e-01]
 [ 1.63101570e-02  3.72710763e-02 -3.23025377e-02]
 [-8.78630668e-02  2.02439504e+00  1.13267849e-01]
 [-1.40210241e-01  1.82726249e+00  9.88270386e-02]
 [-3.17941263e-02  5.91289721e-02  1.30500980e-03]] 
lwh_diff, org - ref: 
[[0.40061855 0.25553203 0.20584977]
 [0.2372756  0.21252513 0.14227653]
 [0.2372756  0.21252513 0.14227653]
 [0.29799891 0.22700071 0.17723787]
 [0.19491673 0.24906993 0.15062904]] 
socre, org, ref: 
[[0.13674594 0.08083705]
 [0.13704541 0.45025212]
 [0.04834888 0.00933494]
 [0.17268533 0.6377735 ]
 [0.10358102 0.5911402 ]] 
obj_id: 574 =============
xyz_diff, org - ref: 
[[-0.05303211  0.09393355  0.01118726]
 [-0.07000957  0.08846656  0.02753794]
 [-0.05388829  0.58547298  0.02927034]
 [-0.01682093  0.07394141  0.00877001]
 [-0.30709878  3.53436746  0.1241022 ]] 
lwh_diff, org - ref: 
[[0.28642511 0.19167221 0.02390611]
 [0.27053881 0.12901604 0.00862944]
 [0.23162222 0.14375222 0.00174773]
 [0.22933388 0.15210521 0.00870526]
 [0.16931677 0.11823285 0.1460942 ]] 
socre, org, ref: 
[[0.15260196 0.00104239]
 [0.17574497 0.003011  ]
 [0.1358318  0.00042264]
 [0.12268168 0.00255869]
 [0.15928212 0.01842428]] 
ABC001_1733643312: 
obj_id: 1766 =============
xyz_diff, org - ref: 
[[-1.24263713e-02  2.55270881e-03 -8.61831822e-03]
 [-8.27068888e-03  1.93143827e-02 -1.21961910e-02]
 [-6.33888049e-03  1.54877444e-02  2.56490705e-03]
 [ 4.55673915e-03  2.28992257e-02  6.86696780e-03]
 [ 6.21021593e-03  1.78054626e-02 -3.08081839e-03]
 [ 7.80012115e-03  1.33211705e-02  8.69414670e-03]
 [ 2.38178209e-04  9.23217983e-03 -8.70715370e-06]
 [ 2.43603480e-03  1.99088559e-03  5.87443488e-03]
 [ 1.79439768e-03 -2.39140852e-02  3.08685272e-04]
 [ 1.64269816e-03 -1.48372367e-02  9.84096328e-03]
 [-2.32297238e-03 -6.03782748e-03 -2.04660336e-03]
 [ 3.38673619e-03 -1.28980033e-02 -2.92251479e-04]
 [ 5.90735707e-03 -5.37465655e-03 -1.61225793e-03]] 
lwh_diff, org - ref: 
[[-2.59240150e-01 -3.48443985e-02 -1.70252323e-02]
 [-4.96115685e-02  2.50375271e-02  4.70409393e-02]
 [-2.59452343e-01 -5.40165901e-02  1.32322311e-05]
 [-4.39362526e-02  7.82275200e-03  6.74540997e-02]
 [-9.65938568e-02 -1.61044598e-02  4.68018055e-02]
 [-1.50177002e-01 -2.19657421e-02  2.80930996e-02]
 [-7.49707222e-02  6.54816628e-03  5.62772751e-02]
 [-4.23164368e-02  1.97095871e-02  4.92616892e-02]
 [-8.68225098e-02 -3.24096680e-02 -5.93864918e-03]
 [-6.35576248e-03  1.00324154e-02  4.21855450e-02]
 [ 7.19404221e-03 -5.86009026e-03  3.57782841e-03]
 [-1.07864857e-01 -1.45866871e-02  9.85884666e-03]
 [-3.27658653e-02  1.36365891e-02  8.47088099e-02]] 
socre, org, ref: 
[[0.49102724 0.90583456]
 [0.52216506 0.8892608 ]
 [0.47084835 0.89661455]
 [0.544469   0.824949  ]
 [0.5572185  0.89945215]
 [0.53137076 0.8920022 ]
 [0.5047771  0.81532454]
 [0.5245197  0.8607001 ]
 [0.5320979  0.8112393 ]
 [0.5187304  0.7890404 ]
 [0.39076933 0.84158814]
 [0.48234025 0.884936  ]
 [0.514074   0.7243917 ]] 
obj_id: 777 =============
xyz_diff, org - ref: 
[[ 1.27834641e+00  1.04956015e+00 -2.18234402e-02]
 [ 2.12017980e+00  6.81423599e+00  2.04798648e-02]
 [-2.10783305e-01  1.57918697e-01  9.62089471e-03]
 [-9.04850424e-02  7.12242722e-01 -3.24325836e-02]
 [ 8.70455408e-01  3.47837000e+00 -3.51963436e-02]
 [-3.02951302e-01  9.72786939e-01  3.62671124e-02]
 [-2.93895456e-01  1.45722764e-01  6.12838049e-02]
 [-2.32767493e-01  1.18655403e+00  5.67751619e-02]
 [ 1.43712796e+00  9.57804018e-01  2.11256432e-01]
 [-3.50068661e-01 -2.51349413e+00 -9.96327483e-03]
 [ 1.50186969e+00  1.57652359e+00  2.18409364e-01]
 [ 1.17421438e+00  1.04082100e+00  1.66048398e-01]
 [ 1.38187330e+00  1.41027746e+00  1.69639752e-01]
 [ 1.52233454e+00  1.70526128e+00  1.89780673e-01]
 [ 1.54693826e+00  1.84370265e+00  2.38005434e-01]
 [ 1.23659554e+00  1.01960421e+00  1.84266857e-01]
 [ 1.85531824e+00  2.40268681e+00  2.59895144e-01]
 [ 2.53756125e+00 -2.91150827e+00  2.04466630e-01]
 [ 8.86863993e-01  9.42151951e-01  1.21498678e-01]
 [ 2.21364661e+00 -1.58516174e+01 -4.69692084e-01]
 [ 3.46885506e+00 -4.36059517e+00  2.86332908e-01]
 [ 1.45177631e+00 -5.00424734e-01  8.94203874e-03]
 [ 3.60484711e-01 -1.71054070e-01 -4.08653199e-02]
 [-9.81205439e-02  5.82128537e-01 -3.24359611e-02]] 
lwh_diff, org - ref: 
[[-4.54950333e-02  4.31027412e-02  1.89224005e-01]
 [-1.02449894e-01  6.02171421e-02  2.34583259e-01]
 [-3.15904617e-03  1.13017559e-02 -5.20056486e-02]
 [ 5.04398346e-02  2.46872902e-02  1.05154395e-01]
 [ 7.22970963e-02  7.34927654e-02  1.95995092e-01]
 [ 1.07662678e-01  7.29949474e-02 -2.90632248e-04]
 [ 1.34363174e-01  5.97319603e-02 -1.46466494e-02]
 [-1.02485657e-01 -3.78376245e-02 -7.23499060e-02]
 [-4.35095310e-01 -1.61361694e-02  4.00944233e-01]
 [-4.35095310e-01 -1.61361694e-02  4.00944233e-01]
 [-4.35095310e-01 -1.61361694e-02  4.00944233e-01]
 [-4.35095310e-01 -1.61361694e-02  4.00944233e-01]
 [-4.35095310e-01 -1.61361694e-02  4.00944233e-01]
 [-4.35095310e-01 -1.61361694e-02  4.00944233e-01]
 [-4.35095310e-01 -1.61361694e-02  4.00944233e-01]
 [-4.35095310e-01 -1.61361694e-02  4.00944233e-01]
 [-4.35095310e-01 -1.61361694e-02  4.00944233e-01]
 [-4.35095310e-01 -1.61361694e-02  4.00944233e-01]
 [-4.35095310e-01 -1.61361694e-02  4.00944233e-01]
 [-4.35095310e-01 -1.61361694e-02  4.00944233e-01]
 [-4.35095310e-01 -1.61361694e-02  4.00944233e-01]
 [ 8.96744728e-02  3.12743187e-02 -5.23449183e-02]
 [ 4.88843918e-02  3.51836681e-02 -2.23344564e-02]
 [ 9.27367210e-02  1.43470764e-02 -4.30990458e-02]] 
socre, org, ref: 
[[1.70504287e-01 1.80114293e-03]
 [1.33965597e-01 3.81394173e-04]
 [1.97312504e-01 7.18331411e-02]
 [2.13339224e-01 2.25700391e-03]
 [1.55097291e-01 1.01645500e-03]
 [1.45455614e-01 1.50181413e-01]
 [1.43545911e-01 1.01396605e-01]
 [1.24815248e-01 1.21426895e-01]
 [3.00310999e-02 1.59309668e-04]
 [4.01150644e-01 2.71310564e-03]
 [4.01150644e-01 1.35848334e-03]
 [4.01150644e-01 4.92813811e-03]
 [4.01150644e-01 4.25807200e-03]
 [4.01150644e-01 6.31904043e-03]
 [4.01150644e-01 1.31745625e-03]
 [4.01150644e-01 4.38282266e-03]
 [4.01150644e-01 8.42851645e-04]
 [4.01150644e-01 5.59915752e-05]
 [4.01150644e-01 6.51683440e-05]
 [4.01150644e-01 7.14470458e-04]
 [4.01150644e-01 1.09555281e-03]
 [1.49989069e-01 5.10856174e-02]
 [2.39725798e-01 3.97614539e-02]
 [1.73502252e-01 3.98422368e-02]] 
obj_id: 659 =============
xyz_diff, org - ref: 
[[-8.38948986e-01 -3.74195108e-01 -7.47419319e-02]
 [-2.26441512e-01 -1.15946635e+01 -1.42818897e-01]
 [-3.64824590e-01 -1.29233978e+01 -1.22608234e-01]
 [-2.63425012e-01 -5.87670144e+00 -1.07917833e-01]
 [-4.09399795e-02 -4.37606338e-02  5.97286235e-03]
 [-4.66649034e-02 -6.41871280e-02 -3.09318418e-02]
 [-5.96035129e-02 -9.11977618e-02 -3.10027061e-02]
 [ 1.16915531e-02 -1.10224593e-01  1.22171279e-02]
 [ 5.89945214e-03 -1.23231930e-01 -3.01391973e-03]
 [ 1.55167674e-01 -5.42945652e-01 -4.51988216e-02]
 [ 1.23013920e-01 -3.57560994e-01 -8.89072027e-03]
 [ 2.08076783e-01 -3.60644031e-01  2.01487521e-02]
 [ 9.00136412e-02 -1.83684366e-01  4.31353806e-02]
 [-5.72869284e-01  6.31702376e-01 -1.44978663e-01]
 [-3.64824590e-01 -1.29233978e+01 -1.22608234e-01]
 [-3.64824590e-01 -1.29233978e+01 -1.22608234e-01]
 [-3.64824590e-01 -1.29233978e+01 -1.22608234e-01]
 [-3.64824590e-01 -1.29233978e+01 -1.22608234e-01]
 [-5.52966521e-01  2.60091485e-01  5.83283141e-02]
 [-2.06110005e-01 -3.12764612e+00 -5.48993497e-02]
 [-1.53209533e-01 -3.95533473e-01  3.28538574e-02]
 [-6.05736667e-01 -1.15915397e+01 -2.27345796e-01]
 [ 4.02720099e-01 -7.34848855e-01 -1.04681432e-01]
 [ 3.52509698e+00  5.81733097e+00  2.03680473e-01]
 [-2.83705553e-01  1.59080544e-01  6.26384384e-02]
 [-1.41752023e-01 -6.60684883e+00 -4.32042352e-02]
 [-3.21844653e+00 -7.83253453e-01 -4.43654916e-01]
 [-2.83688948e-01 -3.27319054e-01 -1.06380010e-01]
 [ 2.62871012e-02  7.13284227e-01  4.02651390e-02]
 [-4.87801812e-02 -1.46163562e-02  1.46874331e-01]] 
lwh_diff, org - ref: 
[[-0.04720259  0.00486994  0.00760758]
 [-0.04720259  0.00486994  0.00760758]
 [-0.04720259  0.00486994  0.00760758]
 [-0.04720259  0.00486994  0.00760758]
 [-0.11069059  0.03075719  0.04501033]
 [-0.0652833   0.02014089  0.03871727]
 [-0.10351562 -0.00752187  0.04113066]
 [-0.16341114  0.02692652  0.0925585 ]
 [-0.27180576 -0.04617453  0.00624871]
 [-0.15424919 -0.02549911  0.04136503]
 [-0.02585649  0.02328253  0.11447906]
 [-0.09930992 -0.0174613   0.08921087]
 [-0.0856843  -0.00341058  0.13207436]
 [-0.04720259  0.00486994  0.00760758]
 [-0.04720259  0.00486994  0.00760758]
 [-0.04720259  0.00486994  0.00760758]
 [-0.04720259  0.00486994  0.00760758]
 [-0.04720259  0.00486994  0.00760758]
 [-0.04720259  0.00486994  0.00760758]
 [-0.04720259  0.00486994  0.00760758]
 [-0.04720259  0.00486994  0.00760758]
 [-0.04720259  0.00486994  0.00760758]
 [-0.04720259  0.00486994  0.00760758]
 [-0.04720259  0.00486994  0.00760758]
 [-0.04720259  0.00486994  0.00760758]
 [-0.04720259  0.00486994  0.00760758]
 [-0.04720259  0.00486994  0.00760758]
 [-0.04720259  0.00486994  0.00760758]
 [-0.04720259  0.00486994  0.00760758]
 [-0.04720259  0.00486994  0.00760758]] 
socre, org, ref: 
[[1.1518253e-01 4.8776105e-04]
 [1.1518253e-01 1.0980190e-04]
 [1.1518253e-01 3.9835362e-04]
 [1.1518253e-01 1.2863515e-03]
 [4.3921009e-01 7.7347004e-01]
 [4.9349406e-01 7.9457539e-01]
 [4.8335126e-01 7.8771812e-01]
 [4.7932264e-01 8.3609629e-01]
 [4.1590616e-01 7.9760808e-01]
 [4.2113191e-01 7.3447233e-01]
 [2.8437108e-01 5.0534773e-01]
 [2.9557830e-01 1.6752961e-01]
 [2.4869767e-01 1.3833341e-02]
 [1.1518253e-01 3.9911742e-05]
 [1.1518253e-01 3.9835362e-04]
 [1.1518253e-01 3.9835362e-04]
 [1.1518253e-01 3.9835362e-04]
 [1.1518253e-01 3.9835362e-04]
 [1.1518253e-01 2.6056674e-04]
 [1.1518253e-01 1.4954247e-07]
 [1.1518253e-01 8.0580224e-04]
 [1.1518253e-01 4.6276895e-05]
 [1.1518253e-01 1.3363586e-05]
 [1.1518253e-01 1.3161838e-04]
 [1.1518253e-01 1.3952382e-05]
 [1.1518253e-01 4.4518293e-04]
 [1.1518253e-01 9.8080622e-05]
 [1.1518253e-01 4.7329628e-05]
 [1.1518253e-01 6.6047808e-04]
 [1.1518253e-01 5.4253995e-02]] 
obj_id: 1492 =============
xyz_diff, org - ref: 
[[ 0.01730385 -0.00629345  0.0042391 ]
 [ 0.00866001 -0.02228324  0.00435029]
 [ 0.00202251 -0.005816    0.01221994]
 [ 0.00630122 -0.01722248  0.01346544]
 [ 0.0106407  -0.01265272  0.00898228]
 [ 0.00864073 -0.01769191  0.00239453]
 [ 0.00834985 -0.0103324   0.01748133]
 [ 0.00512361 -0.00599305  0.00997591]
 [ 0.01376818 -0.01385971  0.00993904]
 [ 0.00487506 -0.01069986  0.00591682]] 
lwh_diff, org - ref: 
[[-0.12939644 -0.03489184 -0.02282953]
 [-0.04950953  0.01100302 -0.00690055]
 [ 0.04676056  0.05096602  0.05171728]
 [-0.0241518   0.024333    0.0190624 ]
 [-0.14210653  0.00357103  0.00722086]
 [-0.0641923   0.00984406  0.02586305]
 [-0.19089317 -0.01172256 -0.01323175]
 [ 0.03142023  0.03015065  0.0216881 ]
 [ 0.00375557  0.0158689   0.00363588]
 [-0.07678556  0.01455951  0.01798809]] 
socre, org, ref: 
[[0.5932815  0.9252415 ]
 [0.5945673  0.92487043]
 [0.6188431  0.9314882 ]
 [0.63710827 0.92948353]
 [0.63550425 0.9301922 ]
 [0.6071523  0.9298323 ]
 [0.56710804 0.92732304]
 [0.6387591  0.9328322 ]
 [0.6412447  0.9272895 ]
 [0.5511805  0.9283936 ]] 
obj_id: 1772 =============
xyz_diff, org - ref: 
[[ 1.54383422e-01 -1.94407395e+00 -6.52890499e-02]
 [ 3.54303734e-01 -1.42140884e+01 -7.11372166e-01]
 [ 9.36677224e-02 -1.35211705e+01 -6.23580901e-01]
 [ 3.10060294e-02 -1.20562398e+01 -2.53188602e-01]
 [-5.08133554e-02 -5.19855338e+00 -6.02038485e-02]
 [-5.70006461e-02 -2.17454153e+00 -2.79284964e-01]
 [ 7.18972052e-02 -6.80523171e+00 -1.80812428e-01]
 [ 8.01611612e-02 -1.26540895e+01 -3.17832668e-01]
 [ 2.15876854e-01 -1.06150897e+01 -6.64907767e-01]
 [ 2.91939228e-01 -1.32966470e+01 -7.09238346e-01]
 [-9.11070752e-03 -1.01844945e+01 -2.61779009e-01]] 
lwh_diff, org - ref: 
[[-0.14985275 -0.03567076 -0.02608299]
 [-0.22885799 -0.07250571 -0.05093944]
 [-0.01804733 -0.0061729   0.02186072]
 [-0.21011353 -0.02596927  0.20006752]
 [-0.24176741 -0.04742026  0.27853727]
 [-0.0880394  -0.00092006 -0.01595688]
 [-0.32165718 -0.07212758  0.0621717 ]
 [-0.26904678 -0.0441215   0.23580325]
 [-0.08048439 -0.01945162 -0.01680398]
 [-0.09688807 -0.03353214  0.00080299]
 [-0.09688807 -0.03353214  0.00080299]] 
socre, org, ref: 
[[0.12551273 0.43661445]
 [0.2061873  0.24064028]
 [0.2269932  0.3347317 ]
 [0.24108152 0.13242476]
 [0.19475819 0.0512125 ]
 [0.20823474 0.24248385]
 [0.3009798  0.27690685]
 [0.3268238  0.05346558]
 [0.24079171 0.4886146 ]
 [0.24318096 0.6475896 ]
 [0.09935182 0.3339528 ]] 
obj_id: 1504 =============
xyz_diff, org - ref: 
[[ 4.89392946e-02 -1.49868467e+01 -8.49514073e-01]
 [ 5.41374082e-02 -1.39289655e+01 -6.28768359e-01]
 [-9.21103382e-02 -1.65223365e+01 -5.99934280e-01]
 [-6.88002764e-01 -2.82901896e+01 -8.87884408e-01]
 [ 1.34964260e-01 -1.92431310e+01 -9.69027937e-01]
 [ 2.24552758e-03 -2.58925262e+01 -1.19899949e+00]
 [-1.47784005e-01  3.96156749e+00  2.70700028e-01]
 [-2.90058521e-02  2.00129240e+00  1.28663537e-01]
 [ 3.61210801e-02  2.76502223e+00  3.76870934e-01]
 [-2.29870941e-02 -1.80302215e+00  4.53936852e-02]
 [-4.42024866e-02 -1.70320454e+01 -5.21049530e-01]] 
lwh_diff, org - ref: 
[[-0.02915239  0.0733645   0.05723822]
 [-0.07661867  0.03373742  0.13494968]
 [-0.13587523  0.04728532  0.240834  ]
 [-0.13587523  0.04728532  0.240834  ]
 [ 0.19668436  0.10124707  0.03409052]
 [-0.05394936  0.00510073 -0.00402367]
 [-0.08148956  0.04039288 -0.00544989]
 [-0.08148956  0.04039288 -0.00544989]
 [ 0.14271927  0.06915855  0.00690937]
 [-0.16947222  0.0352118   0.22552443]
 [ 0.0293808   0.07828283  0.33260322]] 
socre, org, ref: 
[[0.12137733 0.11050518]
 [0.13226698 0.01107286]
 [0.12027676 0.02145945]
 [0.08901138 0.00452212]
 [0.10367943 0.04101101]
 [0.11619655 0.14212811]
 [0.0920684  0.0766589 ]
 [0.12756796 0.03612369]
 [0.10261321 0.05874941]
 [0.14728694 0.0621277 ]
 [0.1147728  0.01979919]] 
obj_id: 1505 =============
xyz_diff, org - ref: 
[[ 2.25199896e-01 -1.31859500e+01 -3.62851855e-01]
 [ 3.14413675e-01 -7.50679321e+00 -3.40615631e-01]
 [ 3.32148435e-01 -9.14567243e+00 -2.87152432e-01]
 [ 2.50090524e-01 -1.06196007e+01 -2.71480126e-01]
 [ 2.72796808e-01 -7.64660461e+00 -3.40393395e-01]
 [ 2.54265095e-01 -7.21614891e+00 -3.58292812e-01]
 [ 5.03563664e-01 -1.07507299e+01 -3.34792171e-01]
 [-8.95379148e-02  1.29108814e-01 -1.94279199e-02]
 [-6.65356262e-02  1.00399472e-02 -5.35184276e-02]
 [-2.29092927e-02 -1.74488898e+00 -2.13092142e-01]
 [ 3.18870763e-01 -9.51896297e+00 -2.04844805e-01]] 
lwh_diff, org - ref: 
[[ 0.19810486  0.03335023  0.22862363]
 [ 0.1437254   0.01982617  0.07645023]
 [ 0.08013868 -0.00089025  0.19173062]
 [ 0.11878204  0.01486921  0.2123996 ]
 [ 0.19597912 -0.0104444   0.00523865]
 [ 0.20957756 -0.00588703  0.0032562 ]
 [ 0.09120512 -0.03927207  0.0019877 ]
 [ 0.1592021  -0.00821614 -0.00251079]
 [ 0.18000412 -0.0056107  -0.00201881]
 [ 0.20139313 -0.00198364  0.00595057]
 [-0.11414862 -0.01568747  0.2009778 ]] 
socre, org, ref: 
[[0.11189151 0.0785486 ]
 [0.16052274 0.11195297]
 [0.15287203 0.04669951]
 [0.16025464 0.05313742]
 [0.13965419 0.27738807]
 [0.1288935  0.07868706]
 [0.1260424  0.09034925]
 [0.12642404 0.22278896]
 [0.149536   0.22510391]
 [0.1227985  0.16673087]
 [0.13812752 0.12231861]] 
obj_id: 1713 =============
xyz_diff, org - ref: 
[[  0.24142862 -11.35053186  -0.39767485]
 [ -0.11071919 -12.55708802  -0.4992697 ]
 [ -0.18040793 -12.94310397  -0.23698265]
 [ -0.10680085  -9.24539426  -0.18815361]
 [  0.23427205  -5.5346289   -0.26932652]
 [ -0.0452809  -12.67945138  -0.52276794]
 [ -0.07435709 -14.11172649  -0.34630586]
 [  0.19138175  -6.74061874  -0.17083361]
 [  0.04622793  -0.46139116   0.04679997]
 [  0.13313322  -2.83068318  -0.16881272]
 [  0.27432019 -13.91910241  -0.16672148]] 
lwh_diff, org - ref: 
[[-0.05977201 -0.03721166 -0.03449905]
 [-0.12041092 -0.05951571  0.01965332]
 [-0.26357985 -0.06130934  0.19979429]
 [-0.12420845 -0.02397299  0.29687834]
 [-0.08233833 -0.01551771 -0.01138365]
 [-0.21526718 -0.05604863  0.07777071]
 [-0.12739038 -0.02493167  0.27094531]
 [-0.10424566 -0.05601907 -0.00502276]
 [-0.06973171 -0.0435195   0.01258898]
 [-0.30495596 -0.10201013 -0.02838695]
 [-0.18577909 -0.05584908  0.01527297]] 
socre, org, ref: 
[[0.27058285 0.09430923]
 [0.24779683 0.34277096]
 [0.2727869  0.07560175]
 [0.24443436 0.03682492]
 [0.2761669  0.4041665 ]
 [0.31393915 0.34577507]
 [0.33623645 0.03841626]
 [0.3165101  0.37486833]
 [0.24419373 0.23637296]
 [0.18469153 0.21698415]
 [0.17170368 0.17399125]] 
obj_id: 905 =============
xyz_diff, org - ref: 
[[ 7.25573994e+00 -1.24572652e+01  5.90984341e-01]
 [ 7.25573994e+00 -1.24572652e+01  5.90984341e-01]
 [ 7.25573994e+00 -1.24572652e+01  5.90984341e-01]
 [ 6.25173046e+00 -1.48692718e+01  2.94259051e-01]
 [ 5.69940081e+00 -1.34243027e+01  5.99387060e-01]
 [ 2.44490978e+00 -1.72172389e+01  1.07731533e+00]
 [ 1.48985618e+01  3.11178315e+01 -7.35905720e-01]
 [ 1.62019725e+01  3.33720711e+01 -7.33244153e-01]
 [ 1.69090946e+01  3.32953511e+01 -7.12853364e-01]
 [ 1.23540864e+01  1.67690479e+01 -5.06867896e-01]
 [ 8.00813697e+00  1.38182230e+01 -5.48235751e-01]
 [ 1.22698472e+01  2.98443962e+01 -6.61991349e-01]
 [-8.70296165e+00 -1.33993416e+01  2.02854410e-02]
 [ 1.77715802e+01  1.74869118e+00  2.51023214e-01]
 [ 2.60823069e+00 -2.49740066e+01  8.69406090e-01]
 [ 4.94616334e+00 -1.81484340e+01  5.05324424e-01]
 [ 1.14330867e+01  6.53195804e+00  3.35940852e-01]
 [ 7.25573994e+00 -1.24572652e+01  5.90984341e-01]
 [ 1.22166585e+01 -8.22075757e+00  5.85189061e-01]
 [ 7.25573994e+00 -1.24572652e+01  5.90984341e-01]
 [ 7.25573994e+00 -1.24572652e+01  5.90984341e-01]
 [ 7.25573994e+00 -1.24572652e+01  5.90984341e-01]
 [ 7.25573994e+00 -1.24572652e+01  5.90984341e-01]
 [ 7.25573994e+00 -1.24572652e+01  5.90984341e-01]
 [ 7.25573994e+00 -1.24572652e+01  5.90984341e-01]] 
lwh_diff, org - ref: 
[[-0.17645931 -0.11835098 -0.04442894]
 [-0.17645931 -0.11835098 -0.04442894]
 [-0.17645931 -0.11835098 -0.04442894]
 [-0.17645931 -0.11835098 -0.04442894]
 [-0.17645931 -0.11835098 -0.04442894]
 [-0.17645931 -0.11835098 -0.04442894]
 [-0.10988331 -0.05669188  0.00287473]
 [-0.10988331 -0.05669188  0.00287473]
 [-0.10988331 -0.05669188  0.00287473]
 [-0.10988331 -0.05669188  0.00287473]
 [-0.10988331 -0.05669188  0.00287473]
 [-0.10988331 -0.05669188  0.00287473]
 [-0.08811188 -0.05641007  0.02746904]
 [-0.17645931 -0.11835098 -0.04442894]
 [-0.17645931 -0.11835098 -0.04442894]
 [-0.17645931 -0.11835098 -0.04442894]
 [-0.17645931 -0.11835098 -0.04442894]
 [-0.17645931 -0.11835098 -0.04442894]
 [-0.17645931 -0.11835098 -0.04442894]
 [-0.17645931 -0.11835098 -0.04442894]
 [-0.17645931 -0.11835098 -0.04442894]
 [-0.17645931 -0.11835098 -0.04442894]
 [-0.17645931 -0.11835098 -0.04442894]
 [-0.17645931 -0.11835098 -0.04442894]
 [-0.17645931 -0.11835098 -0.04442894]] 
socre, org, ref: 
[[2.0206931e-01 9.8737632e-04]
 [2.0206931e-01 9.8737632e-04]
 [2.0206931e-01 9.8737632e-04]
 [2.0206931e-01 7.6511159e-04]
 [8.1939407e-02 8.7263976e-04]
 [9.4744481e-02 2.0574320e-03]
 [1.0040736e-01 2.6311455e-02]
 [9.0775996e-02 1.5739368e-02]
 [8.6328730e-02 1.3314583e-02]
 [7.4443363e-02 8.6157154e-03]
 [7.4443363e-02 1.1106145e-02]
 [9.9134803e-02 8.3096558e-03]
 [1.9797263e-01 2.0898203e-03]
 [2.0206931e-01 3.8238976e-02]
 [2.0206931e-01 1.5572493e-04]
 [2.0206931e-01 7.9448789e-04]
 [2.0206931e-01 1.3431413e-03]
 [2.0206931e-01 9.8737632e-04]
 [2.0206931e-01 2.1232856e-03]
 [2.0206931e-01 9.8737632e-04]
 [2.0206931e-01 9.8737632e-04]
 [2.0206931e-01 9.8737632e-04]
 [2.0206931e-01 9.8737632e-04]
 [2.0206931e-01 9.8737632e-04]
 [2.0206931e-01 9.8737632e-04]] 
obj_id: 1650 =============
xyz_diff, org - ref: 
[[ 1.76462157e-01 -6.24344002e+00 -5.10144266e-01]
 [-5.45091452e-02 -1.40289986e+00  2.77836628e-02]
 [ 1.49538904e-02 -9.58108026e-02  7.41735757e-02]
 [-1.83943102e-02  1.40669439e-01  6.37647311e-02]
 [-1.86953477e-01  4.36611908e+00  2.95772821e-01]
 [ 4.50080301e-02 -2.05372737e+00  2.84764453e-02]
 [-1.09852524e-01  1.03180813e+00  1.88851197e-01]
 [-3.23214563e-01  3.92406095e+00  2.32605960e-01]
 [-2.74315176e-01  1.73898592e+00  2.00662229e-01]
 [ 7.52860003e-01 -1.66254077e+01 -4.47406145e-01]
 [ 3.95923726e-01 -7.59152601e+00 -1.62677877e-01]] 
lwh_diff, org - ref: 
[[-0.0632062   0.10463798  0.01218367]
 [-0.38441896  0.04608023  0.21935487]
 [-0.13132286  0.09002483  0.30002224]
 [-0.21288395  0.05038273 -0.00878704]
 [-0.15987301  0.09147394  0.10396898]
 [-0.1122427   0.12034953  0.24218619]
 [-0.0270257   0.08554518  0.00504887]
 [-0.08285141  0.10708678  0.08036554]
 [-0.23174429  0.02512896 -0.01623058]
 [-0.1360383   0.09013045  0.05819619]
 [-0.07999802  0.06480682 -0.0283097 ]] 
socre, org, ref: 
[[0.26252827 0.10649551]
 [0.25312784 0.02333474]
 [0.2289805  0.02598497]
 [0.31065482 0.1031246 ]
 [0.2706357  0.04936939]
 [0.27950698 0.02294775]
 [0.3001509  0.05002676]
 [0.19130363 0.08501759]
 [0.1938721  0.08138733]
 [0.15844098 0.04101825]
 [0.30858657 0.10098331]] 
obj_id: 1654 =============
xyz_diff, org - ref: 
[[-5.35718586e-01 -9.69606618e+00  5.14070826e-02]
 [ 2.93205722e-01  1.16722201e+00  5.06520264e-02]
 [-2.74697846e-01 -3.32953090e+00  2.72110906e-02]
 [-2.99473350e-01 -7.08547169e-01  5.76225859e-02]
 [ 5.19688404e-03 -1.43471827e-01  1.71115224e-01]
 [-2.45484521e-01  4.40759887e-01  2.25906562e-01]
 [ 9.29907486e-02  3.79104510e+00  1.11494681e-01]
 [ 4.50116779e-02 -1.03190316e+00  2.41670242e-01]] 
lwh_diff, org - ref: 
[[-0.37736607  0.00947714 -0.00254428]
 [-0.37736607  0.00947714 -0.00254428]
 [-0.37736607  0.00947714 -0.00254428]
 [-0.37736607  0.00947714 -0.00254428]
 [-0.13891649  0.03525352  0.03613961]
 [-0.37736607  0.00947714 -0.00254428]
 [-0.37736607  0.00947714 -0.00254428]
 [-0.37736607  0.00947714 -0.00254428]] 
socre, org, ref: 
[[0.03657966 0.00220367]
 [0.03657966 0.00071356]
 [0.03657966 0.00081265]
 [0.09493204 0.00092263]
 [0.11476964 0.00562461]
 [0.0931252  0.0003761 ]
 [0.10547602 0.00387927]
 [0.09655719 0.00059398]] 
obj_id: 1893 =============
xyz_diff, org - ref: 
[[-8.09734215e-01 -1.60729285e+01 -4.42952921e-01]
 [ 1.71666907e-02 -4.33823062e+00 -1.97696555e-01]
 [-3.64907034e-01 -1.19410478e+01 -3.41314369e-01]
 [-4.30969829e-01 -1.40301806e+01 -3.87080915e-01]
 [ 2.35839358e-01  4.97611316e+00 -1.14558090e-01]
 [ 2.33650301e-01  6.78359754e+00  2.33043289e-01]
 [ 4.76910732e-01  1.73548462e+01  5.83387542e-01]
 [ 2.91858185e-02  2.60785099e+00  1.54140852e-01]] 
lwh_diff, org - ref: 
[[-0.25534534 -0.00882506  0.00544298]
 [-0.25534534 -0.00882506  0.00544298]
 [-0.25534534 -0.00882506  0.00544298]
 [-0.25534534 -0.00882506  0.00544298]
 [-0.20250654 -0.01777124  0.01834452]
 [-0.14292431  0.02831841  0.10690498]
 [-0.14292431  0.02831841  0.10690498]
 [-0.14292431  0.02831841  0.10690498]] 
socre, org, ref: 
[[0.07670026 0.00031833]
 [0.08809277 0.00066683]
 [0.10824329 0.00152618]
 [0.09090145 0.00095415]
 [0.1108569  0.02687902]
 [0.10032323 0.00054398]
 [0.08610891 0.01475115]
 [0.0866716  0.00202201]] 
obj_id: 2119 =============
xyz_diff, org - ref: 
[[  0.38931302 -17.00710645  -0.78852901]
 [  1.18743422 -38.23536638  -1.24393382]
 [  0.71279266 -21.69143226  -0.7967246 ]
 [  0.42226353 -18.40929404  -0.70926985]
 [  0.45755448 -10.10839437  -0.68473119]
 [  0.67616712 -26.3951811   -0.86760795]
 [  0.12765729  -7.59000428  -0.38763453]
 [ -0.50946159  17.96529904   0.67055738]
 [ -0.57462499  42.52674093   1.27938548]
 [ -0.67606113  52.69909231   1.61659345]
 [ -0.29321817  34.94890297   1.05146118]
 [ -1.36516729  45.50874946   1.33092467]
 [ -1.62485272  48.55898815   1.33418282]
 [  0.32458164 -22.37609987  -0.72996348]
 [  0.26525974 -15.19512771  -0.57725496]
 [  0.35389645 -13.05427148  -0.67067017]
 [  0.44284979 -20.85605477  -0.74658298]
 [  0.68056509 -31.5653476   -0.91876455]] 
lwh_diff, org - ref: 
[[ 0.23652029  0.01587725  0.08219564]
 [ 0.23652029  0.01587725  0.08219564]
 [ 0.23652029  0.01587725  0.08219564]
 [ 0.23652029  0.01587725  0.08219564]
 [ 0.23652029  0.01587725  0.08219564]
 [ 0.23652029  0.01587725  0.08219564]
 [ 0.23652029  0.01587725  0.08219564]
 [ 0.45013428  0.08297539  0.16514361]
 [ 0.46787119  0.07757115  0.35322356]
 [ 0.10768604 -0.0271101   0.06544006]
 [ 0.10768604 -0.0271101   0.06544006]
 [-0.01190186 -0.02221131  0.24777317]
 [ 0.35795355  0.06738615  0.06798327]
 [ 0.23652029  0.01587725  0.08219564]
 [ 0.23652029  0.01587725  0.08219564]
 [ 0.23652029  0.01587725  0.08219564]
 [ 0.23652029  0.01587725  0.08219564]
 [ 0.23652029  0.01587725  0.08219564]] 
socre, org, ref: 
[[0.07573523 0.00555652]
 [0.07573523 0.00392092]
 [0.07573523 0.00233393]
 [0.07573523 0.00442419]
 [0.07573523 0.00303167]
 [0.07573523 0.00150365]
 [0.1459566  0.05877256]
 [0.11925165 0.01496834]
 [0.11052515 0.00707983]
 [0.10744437 0.00812354]
 [0.09573065 0.00042107]
 [0.10089683 0.00424176]
 [0.10180585 0.02522615]
 [0.09260583 0.03682401]
 [0.07573523 0.00520216]
 [0.07573523 0.00726755]
 [0.07573523 0.00541069]
 [0.07573523 0.00329074]] 
obj_id: 1206 =============
xyz_diff, org - ref: 
[[-6.10178139e+00  1.70409570e+01 -3.74395840e-01]
 [-6.10178139e+00  1.70409570e+01 -3.74395840e-01]
 [-1.60680285e+01  4.15785871e+01 -1.21547902e+00]
 [-2.12212929e+01  5.41104230e+01 -6.43318141e-01]
 [-3.60366806e+01  9.56777434e+01 -5.97673783e-01]
 [-4.40315665e-01  9.23328561e-01  1.02843636e-01]
 [-7.10608648e+00  1.79965942e+01  4.66626918e-02]
 [-1.09698158e+01  2.82168900e+01  1.02450284e-01]
 [-1.42447522e+00  3.25907002e+00  3.62334198e-02]
 [ 1.19587158e-01 -4.34773047e-02  2.74335294e-02]
 [-6.02864415e+00  1.58332478e+01  1.71602409e-01]
 [-4.70586501e+00  1.23378453e+01 -9.04799005e-02]
 [-2.75580489e-02 -2.52958305e-02 -2.75247764e-02]
 [-1.15958637e+01  3.29258883e+01 -7.56914756e-01]
 [-6.85485021e+00  1.60169890e+01  5.66428480e-01]
 [-6.10178139e+00  1.70409570e+01 -3.74395840e-01]
 [-1.16213944e+01  2.89511100e+01 -2.33349830e-01]
 [-6.10178139e+00  1.70409570e+01 -3.74395840e-01]
 [-6.10178139e+00  1.70409570e+01 -3.74395840e-01]
 [-6.10178139e+00  1.70409570e+01 -3.74395840e-01]
 [-6.10178139e+00  1.70409570e+01 -3.74395840e-01]
 [-6.10178139e+00  1.70409570e+01 -3.74395840e-01]] 
lwh_diff, org - ref: 
[[-0.12863398  0.02719355  0.158301  ]
 [-0.12863398  0.02719355  0.158301  ]
 [-0.12863398  0.02719355  0.158301  ]
 [-0.12863398  0.02719355  0.158301  ]
 [-0.12863398  0.02719355  0.158301  ]
 [-0.12863398  0.02719355  0.158301  ]
 [-0.12863398  0.02719355  0.158301  ]
 [-0.12863398  0.02719355  0.158301  ]
 [-0.12863398  0.02719355  0.158301  ]
 [-0.12863398  0.02719355  0.158301  ]
 [-0.12863398  0.02719355  0.158301  ]
 [-0.12863398  0.02719355  0.158301  ]
 [-0.12863398  0.02719355  0.158301  ]
 [-0.12863398  0.02719355  0.158301  ]
 [-0.12863398  0.02719355  0.158301  ]
 [-0.12863398  0.02719355  0.158301  ]
 [-0.12863398  0.02719355  0.158301  ]
 [-0.12863398  0.02719355  0.158301  ]
 [-0.12863398  0.02719355  0.158301  ]
 [-0.12863398  0.02719355  0.158301  ]
 [-0.12863398  0.02719355  0.158301  ]
 [-0.12863398  0.02719355  0.158301  ]] 
socre, org, ref: 
[[5.0995749e-01 4.3434676e-04]
 [5.0995749e-01 4.3434676e-04]
 [5.0995749e-01 5.7555626e-06]
 [5.0995749e-01 3.7156980e-04]
 [5.0995749e-01 9.5142575e-04]
 [8.1191994e-02 1.3300603e-03]
 [9.2911668e-02 3.5336975e-04]
 [8.0703124e-02 8.1942667e-04]
 [8.0290839e-02 1.6876835e-03]
 [7.7248394e-02 1.6706063e-04]
 [6.2375456e-02 8.0221141e-04]
 [7.2637707e-02 2.6484608e-05]
 [6.8037376e-02 1.9932236e-04]
 [8.9401551e-02 2.0571114e-04]
 [5.0995749e-01 1.3292601e-04]
 [5.0995749e-01 4.3434676e-04]
 [5.0995749e-01 7.3877869e-05]
 [5.0995749e-01 4.3434676e-04]
 [5.0995749e-01 4.3434676e-04]
 [5.0995749e-01 4.3434676e-04]
 [5.0995749e-01 4.3434676e-04]
 [5.0995749e-01 4.3434676e-04]] 
obj_id: 533 =============
xyz_diff, org - ref: 
[[ 2.44290858e+01  5.03300215e+01 -5.12531294e-01]
 [ 2.25673580e+01  2.91899254e+01 -2.18778401e-01]
 [ 1.85591911e+01  4.11335564e+01 -2.31092833e-01]
 [ 2.25673580e+01  2.91899254e+01 -2.18778401e-01]
 [ 2.25673580e+01  2.91899254e+01 -2.18778401e-01]
 [ 1.72115829e+01  1.94007612e+01 -2.01713318e-01]
 [ 3.94166517e-02  1.43011872e-02  9.79928601e-02]
 [ 7.58518237e-02  4.81096956e-02  2.40652118e-01]
 [ 4.35888704e-02 -5.94052586e-03  1.59387819e-01]
 [-2.18473693e-01 -9.22456187e-04  1.68243259e-01]
 [-6.51747992e-02  3.32709412e-02  2.12909817e-01]
 [-3.55844866e-01  9.26101450e-02  2.57456682e-01]
 [-5.58913882e-01  8.30347632e-01  1.87967146e-01]
 [ 1.78500775e+01  3.36990145e+01 -4.97907443e-01]
 [ 2.48041771e+01  5.23057520e+01 -2.47298760e-01]
 [ 2.76245238e+01  2.02829122e+01 -1.05891087e+00]
 [ 7.21327910e+00  1.14071008e+01 -6.37816398e-01]
 [ 9.80171175e+00  2.50728731e+01 -6.21622993e-01]
 [ 2.19729661e+01  4.22475104e+01 -8.60322676e-01]
 [ 1.91374632e+01  4.73965451e+01 -5.06801730e-01]
 [ 2.25673580e+01  2.91899254e+01 -2.18778401e-01]
 [ 3.34667072e+01  5.67987483e+01 -8.58021365e-01]
 [ 2.25673580e+01  2.91899254e+01 -2.18778401e-01]
 [ 2.25673580e+01  2.91899254e+01 -2.18778401e-01]
 [ 2.25673580e+01  2.91899254e+01 -2.18778401e-01]
 [ 2.25673580e+01  2.91899254e+01 -2.18778401e-01]
 [ 2.25673580e+01  2.91899254e+01 -2.18778401e-01]
 [ 2.25673580e+01  2.91899254e+01 -2.18778401e-01]
 [ 2.25673580e+01  2.91899254e+01 -2.18778401e-01]
 [ 2.27632018e+01  3.16863578e+01 -3.77492388e-01]
 [ 2.19785329e+01  2.47636414e+01 -9.21102225e-01]
 [ 3.15977889e+01  3.01705400e+01 -1.03875707e+00]] 
lwh_diff, org - ref: 
[[-0.11956739 -0.0065434   0.21272647]
 [-0.11956739 -0.0065434   0.21272647]
 [-0.11956739 -0.0065434   0.21272647]
 [-0.11956739 -0.0065434   0.21272647]
 [-0.11956739 -0.0065434   0.21272647]
 [-0.11956739 -0.0065434   0.21272647]
 [ 0.12597322  0.02988958  0.2352457 ]
 [ 0.27720213  0.05256724  0.26591372]
 [-0.14526367 -0.06898749  0.05993128]
 [ 0.10165739 -0.01628542  0.03472924]
 [-0.0567584  -0.03991604  0.21433115]
 [-0.0567584  -0.03991604  0.21433115]
 [-0.0567584  -0.03991604  0.21433115]
 [-0.11956739 -0.0065434   0.21272647]
 [-0.11956739 -0.0065434   0.21272647]
 [-0.11956739 -0.0065434   0.21272647]
 [-0.11956739 -0.0065434   0.21272647]
 [-0.11956739 -0.0065434   0.21272647]
 [-0.11956739 -0.0065434   0.21272647]
 [-0.11956739 -0.0065434   0.21272647]
 [-0.11956739 -0.0065434   0.21272647]
 [-0.11956739 -0.0065434   0.21272647]
 [-0.11956739 -0.0065434   0.21272647]
 [-0.11956739 -0.0065434   0.21272647]
 [-0.11956739 -0.0065434   0.21272647]
 [-0.11956739 -0.0065434   0.21272647]
 [-0.11956739 -0.0065434   0.21272647]
 [-0.11956739 -0.0065434   0.21272647]
 [-0.11956739 -0.0065434   0.21272647]
 [-0.11956739 -0.0065434   0.21272647]
 [-0.11956739 -0.0065434   0.21272647]
 [-0.11956739 -0.0065434   0.21272647]] 
socre, org, ref: 
[[3.3959064e-01 9.8725618e-04]
 [3.3959064e-01 5.7523670e-07]
 [3.3959064e-01 3.3599856e-05]
 [3.3959064e-01 5.7523670e-07]
 [3.3959064e-01 5.7523670e-07]
 [3.3959064e-01 5.4101598e-05]
 [1.3848478e-01 7.8275251e-01]
 [1.4491211e-01 6.6160482e-01]
 [1.4468919e-01 1.8359281e-01]
 [1.3972151e-01 2.2588813e-01]
 [1.0839889e-01 6.7008889e-01]
 [7.7077352e-02 5.1216584e-01]
 [9.0225242e-02 3.4477130e-02]
 [3.3959064e-01 3.0659377e-03]
 [3.3959064e-01 2.4638028e-04]
 [3.3959064e-01 2.0392812e-03]
 [3.3959064e-01 5.3301966e-07]
 [3.3959064e-01 7.2589819e-07]
 [3.3959064e-01 5.0225989e-03]
 [3.3959064e-01 4.9194954e-03]
 [3.3959064e-01 5.7523670e-07]
 [3.3959064e-01 1.0120779e-06]
 [3.3959064e-01 5.7523670e-07]
 [3.3959064e-01 5.7523670e-07]
 [3.3959064e-01 5.7523670e-07]
 [3.3959064e-01 5.7523670e-07]
 [3.3959064e-01 5.7523670e-07]
 [3.3959064e-01 5.7523670e-07]
 [3.3959064e-01 5.7523670e-07]
 [3.3959064e-01 6.6301436e-04]
 [3.3959064e-01 3.2969129e-03]
 [3.3959064e-01 1.8351297e-03]] 
obj_id: 776 =============
xyz_diff, org - ref: 
[[ 1.82901380e+01 -7.39544031e+00  4.87541330e-02]
 [ 1.82901380e+01 -7.39544031e+00  4.87541330e-02]
 [ 1.82901380e+01 -7.39544031e+00  4.87541330e-02]
 [ 1.82901380e+01 -7.39544031e+00  4.87541330e-02]
 [ 1.42670428e+01 -5.56639747e+00  1.20665442e-01]
 [ 3.15285039e+01 -1.43747744e+01  2.18392417e-01]
 [ 1.33536655e+01 -5.53535387e+00  4.24354683e-02]
 [ 2.07687811e+01 -9.43431305e+00  3.37463801e-02]
 [ 1.57028118e+01 -6.92071599e+00  1.71955755e-02]
 [ 2.15894027e+01 -9.58997711e+00  1.19785756e-01]
 [ 1.34310291e+01 -5.80843793e+00  3.66275485e-02]
 [ 1.55315920e+01 -6.76888882e+00  4.12003114e-02]
 [ 2.23198397e+01 -9.77291749e+00  1.48657973e-01]
 [ 2.64856451e+01 -1.07248887e+01  3.25061479e-01]
 [ 2.88483736e+01 -1.18034082e+01 -1.63185846e-01]
 [ 2.88483736e+01 -1.18034082e+01 -1.63185846e-01]
 [ 3.84214759e+01 -1.41358925e+01 -4.16827758e-01]
 [ 3.91761491e+01 -1.49365124e+01 -8.13174381e-01]
 [ 3.76275387e+01 -1.46779564e+01 -3.46517452e-01]
 [ 3.05702337e+01 -1.42221195e+01 -9.93354772e-02]
 [ 2.25363573e+01 -9.40693858e+00 -2.86070495e-01]
 [ 2.60070454e+01 -1.08705675e+01 -3.80010491e-01]
 [ 1.99204752e+01 -8.46075794e+00 -1.09643632e-01]
 [ 3.22598448e+01 -1.42181857e+01  2.16087184e-01]
 [ 1.82901380e+01 -7.39544031e+00  4.87541330e-02]
 [ 1.82901380e+01 -7.39544031e+00  4.87541330e-02]
 [ 1.82901380e+01 -7.39544031e+00  4.87541330e-02]
 [ 1.82901380e+01 -7.39544031e+00  4.87541330e-02]] 
lwh_diff, org - ref: 
[[-0.10903311  0.00442243  0.02890456]
 [-0.10903311  0.00442243  0.02890456]
 [-0.10903311  0.00442243  0.02890456]
 [-0.10903311  0.00442243  0.02890456]
 [-0.10903311  0.00442243  0.02890456]
 [-0.10903311  0.00442243  0.02890456]
 [-0.10903311  0.00442243  0.02890456]
 [-0.00298166 -0.01939249 -0.02718687]
 [ 0.08844709  0.05745697  0.09647882]
 [ 0.17900753  0.08573556  0.32062328]
 [ 0.17900753  0.08573556  0.32062328]
 [ 0.17900753  0.08573556  0.32062328]
 [-0.01414394  0.04497719  0.26967525]
 [ 0.2783761   0.12754178  0.33567619]
 [ 0.2783761   0.12754178  0.33567619]
 [ 0.2783761   0.12754178  0.33567619]
 [ 0.2783761   0.12754178  0.33567619]
 [ 0.2783761   0.12754178  0.33567619]
 [ 0.2783761   0.12754178  0.33567619]
 [ 0.2783761   0.12754178  0.33567619]
 [ 0.2783761   0.12754178  0.33567619]
 [ 0.2783761   0.12754178  0.33567619]
 [ 0.2783761   0.12754178  0.33567619]
 [-0.10903311  0.00442243  0.02890456]
 [-0.10903311  0.00442243  0.02890456]
 [-0.10903311  0.00442243  0.02890456]
 [-0.10903311  0.00442243  0.02890456]
 [-0.10903311  0.00442243  0.02890456]] 
socre, org, ref: 
[[1.15289912e-01 1.03720795e-05]
 [1.15289912e-01 1.03720795e-05]
 [1.15289912e-01 1.03720795e-05]
 [1.15289912e-01 1.03720795e-05]
 [1.15289912e-01 2.63932016e-05]
 [1.15289912e-01 6.87559950e-04]
 [1.15289912e-01 3.98981996e-04]
 [1.59858555e-01 8.55496898e-03]
 [1.02647282e-01 2.09150277e-02]
 [1.17603473e-01 4.94816862e-02]
 [9.80412290e-02 7.36045092e-02]
 [9.69081149e-02 1.80579141e-01]
 [1.04557976e-01 7.95898587e-02]
 [4.02813435e-01 2.78722728e-05]
 [4.02813435e-01 2.07970807e-05]
 [4.02813435e-01 2.07970807e-05]
 [4.02813435e-01 4.46771664e-05]
 [4.02813435e-01 5.00878696e-06]
 [4.02813435e-01 4.32977367e-06]
 [4.02813435e-01 4.87936304e-05]
 [4.02813435e-01 4.65939706e-07]
 [4.02813435e-01 1.53156521e-04]
 [4.02813435e-01 7.25636846e-06]
 [1.15289912e-01 1.19338213e-02]
 [1.15289912e-01 1.03720795e-05]
 [1.15289912e-01 1.03720795e-05]
 [1.15289912e-01 1.03720795e-05]
 [1.15289912e-01 1.03720795e-05]] 
obj_id: 973 =============
xyz_diff, org - ref: 
[[-2.02745759e+01  2.02637324e+01  3.83757042e-01]
 [-2.02745759e+01  2.02637324e+01  3.83757042e-01]
 [-1.24281398e+01  2.22585054e+01  5.54934315e-01]
 [-5.90315970e-04 -3.43276243e-02 -4.06989821e-02]
 [-1.49977808e-02 -1.23827012e-02 -4.65959061e-02]
 [-1.59117098e+00  3.05262742e+00  1.80068009e-01]
 [ 7.84589233e+00 -3.26922958e+00 -1.89284389e-01]
 [ 1.54882224e+00 -3.14039589e+00 -2.41697304e-03]
 [-4.92967566e+00  1.09598737e+01  4.77842741e-01]
 [-7.37536610e+00  1.40576734e+01  3.71522946e-01]
 [-2.02745759e+01  2.02637324e+01  3.83757042e-01]
 [-2.02745759e+01  2.02637324e+01  3.83757042e-01]
 [-2.02745759e+01  2.02637324e+01  3.83757042e-01]
 [-2.02745759e+01  2.02637324e+01  3.83757042e-01]
 [-2.02745759e+01  2.02637324e+01  3.83757042e-01]
 [-2.02745759e+01  2.02637324e+01  3.83757042e-01]
 [-2.02745759e+01  2.02637324e+01  3.83757042e-01]] 
lwh_diff, org - ref: 
[[ 0.21192694  0.02819681  0.23132133]
 [ 0.21192694  0.02819681  0.23132133]
 [ 0.21192694  0.02819681  0.23132133]
 [ 0.00927782 -0.09193063  0.07371533]
 [ 0.07052565 -0.04855537  0.12319434]
 [-0.14117002 -0.09284759 -0.0006237 ]
 [-0.14117002 -0.09284759 -0.0006237 ]
 [-0.14117002 -0.09284759 -0.0006237 ]
 [ 0.21192694  0.02819681  0.23132133]
 [ 0.21192694  0.02819681  0.23132133]
 [ 0.21192694  0.02819681  0.23132133]
 [ 0.21192694  0.02819681  0.23132133]
 [ 0.21192694  0.02819681  0.23132133]
 [ 0.21192694  0.02819681  0.23132133]
 [ 0.21192694  0.02819681  0.23132133]
 [ 0.21192694  0.02819681  0.23132133]
 [ 0.21192694  0.02819681  0.23132133]] 
socre, org, ref: 
[[7.04417601e-02 6.62525417e-05]
 [7.04417601e-02 6.62525417e-05]
 [7.04417601e-02 4.77466310e-05]
 [3.51337016e-01 5.83361275e-03]
 [3.11894715e-01 2.34757550e-02]
 [1.13860905e-01 9.30706854e-04]
 [1.13860905e-01 1.45983970e-04]
 [1.13860905e-01 2.95381673e-04]
 [1.79913163e-01 8.11712409e-04]
 [7.04417601e-02 2.06919449e-05]
 [7.04417601e-02 6.62525417e-05]
 [7.04417601e-02 6.62525417e-05]
 [7.04417601e-02 6.62525417e-05]
 [7.04417601e-02 6.62525417e-05]
 [7.04417601e-02 6.62525417e-05]
 [7.04417601e-02 6.62525417e-05]
 [7.04417601e-02 6.62525417e-05]] 
obj_id: 1087 =============
xyz_diff, org - ref: 
[[-0.01519858  0.06333027  0.00970436]
 [-0.00480569  0.02999028  0.02006112]
 [-0.00996957  0.02350324  0.01784544]
 [-0.0122165   0.04231196  0.02082537]
 [-0.00943248  0.04103556  0.02432775]
 [-0.0190837   0.01977893  0.03510039]
 [-0.0197731   0.02232372  0.03093595]
 [-0.03073629  0.05742432  0.00374345]
 [-0.03992625  0.06688524  0.00598558]
 [-0.03347175  0.05805885  0.00232954]
 [-0.03598589  0.08076266  0.01114432]
 [-0.02406396  0.05971534  0.01156119]
 [-0.02091861  0.04692803  0.01115208]
 [-0.02376387  0.05565148  0.00970915]
 [-0.02650262  0.06157419  0.01082461]
 [-0.02959362  0.06299698  0.00580584]
 [-0.02283989  0.05716934  0.01069557]
 [-0.01260035  0.05287642  0.01748015]] 
lwh_diff, org - ref: 
[[-0.06597757 -0.00806379  0.17176318]
 [-0.14264822 -0.04082727  0.04469323]
 [ 0.03672934 -0.00741005  0.04874754]
 [-0.06288004 -0.002491    0.14600074]
 [-0.02844381 -0.04393983 -0.02356493]
 [-0.02844381 -0.04393983 -0.02356493]
 [-0.02844381 -0.04393983 -0.02356493]
 [ 0.20981216  0.03543949  0.07135677]
 [ 0.20981216  0.03543949  0.07135677]
 [ 0.01587105 -0.00390148  0.06095839]
 [ 0.09787035  0.02082777  0.11137486]
 [-0.02951479 -0.02818513  0.03532422]
 [ 0.09218121 -0.00440407  0.05146301]
 [ 0.04550028 -0.01566768  0.06326449]
 [ 0.03675175 -0.03249264  0.09167457]
 [-0.06000757 -0.0578413   0.09952843]
 [ 0.20844269  0.01940846  0.10108519]
 [ 0.20844269  0.01940846  0.10108519]] 
socre, org, ref: 
[[0.14801604 0.8730102 ]
 [0.27917874 0.81568366]
 [0.11395462 0.87152326]
 [0.1470072  0.7996198 ]
 [0.14662294 0.1951014 ]
 [0.14662294 0.00289239]
 [0.07540008 0.08425912]
 [0.09190708 0.06164805]
 [0.11404508 0.6995726 ]
 [0.1467234  0.17857508]
 [0.15945904 0.44924095]
 [0.17447656 0.78622013]
 [0.18600193 0.8395911 ]
 [0.2028231  0.79445773]
 [0.19202167 0.8814096 ]
 [0.14742818 0.65788823]
 [0.1039164  0.8340285 ]
 [0.09018812 0.29846975]] 
obj_id: 1207 =============
xyz_diff, org - ref: 
[[-1.19293724e+00 -1.55677831e+01 -3.33149064e-01]
 [-1.19293724e+00 -1.55677831e+01 -3.33149064e-01]
 [-1.19293724e+00 -1.55677831e+01 -3.33149064e-01]
 [-1.19293724e+00 -1.55677831e+01 -3.33149064e-01]
 [-1.19293724e+00 -1.55677831e+01 -3.33149064e-01]
 [-1.19293724e+00 -1.55677831e+01 -3.33149064e-01]
 [-1.19293724e+00 -1.55677831e+01 -3.33149064e-01]
 [ 1.04861372e+00  1.43871277e+01  4.76993995e-01]
 [ 1.01249187e-01  1.39321501e+00  1.18416382e-01]
 [ 4.88032752e-02  1.43035836e-02 -1.35445333e-02]
 [ 1.46084483e-02  5.05095614e+00 -3.11960780e-02]
 [ 6.93016704e-02  4.29396546e+00  9.88851724e-02]
 [ 1.18086074e+00  2.79004400e+01  7.55896542e-01]
 [ 5.19409111e-01  7.86482434e+01  1.91581288e+00]
 [ 4.61193958e+00 -1.34712842e+01 -5.00338175e-01]
 [-1.19293724e+00 -1.55677831e+01 -3.33149064e-01]
 [-1.19293724e+00 -1.55677831e+01 -3.33149064e-01]
 [-1.19293724e+00 -1.55677831e+01 -3.33149064e-01]
 [-1.19293724e+00 -1.55677831e+01 -3.33149064e-01]
 [-1.19293724e+00 -1.55677831e+01 -3.33149064e-01]
 [-1.19293724e+00 -1.55677831e+01 -3.33149064e-01]] 
lwh_diff, org - ref: 
[[ 0.30771017  0.04767656  0.07657826]
 [ 0.30771017  0.04767656  0.07657826]
 [ 0.30771017  0.04767656  0.07657826]
 [ 0.30771017  0.04767656  0.07657826]
 [ 0.30771017  0.04767656  0.07657826]
 [ 0.30771017  0.04767656  0.07657826]
 [ 0.30771017  0.04767656  0.07657826]
 [ 0.07613754 -0.01512194 -0.15874052]
 [-0.03803349 -0.06940913 -0.11754692]
 [-0.11736584 -0.10113788 -0.22198856]
 [-0.11736584 -0.10113788 -0.22198856]
 [ 0.06578827 -0.07053018 -0.22297859]
 [ 0.06578827 -0.07053018 -0.22297859]
 [ 0.30771017  0.04767656  0.07657826]
 [ 0.30771017  0.04767656  0.07657826]
 [ 0.30771017  0.04767656  0.07657826]
 [ 0.30771017  0.04767656  0.07657826]
 [ 0.30771017  0.04767656  0.07657826]
 [ 0.30771017  0.04767656  0.07657826]
 [ 0.30771017  0.04767656  0.07657826]
 [ 0.30771017  0.04767656  0.07657826]] 
socre, org, ref: 
[[0.26363456 0.00464014]
 [0.26363456 0.00464014]
 [0.26363456 0.00464014]
 [0.26363456 0.00464014]
 [0.26363456 0.00464014]
 [0.26363456 0.00464014]
 [0.26363456 0.00464014]
 [0.21555007 0.00144631]
 [0.22592692 0.00487985]
 [0.13854711 0.00643694]
 [0.08824623 0.00067045]
 [0.17208064 0.00192571]
 [0.0902321  0.00041773]
 [0.26363456 0.00232298]
 [0.26363456 0.00158295]
 [0.26363456 0.00464014]
 [0.26363456 0.00464014]
 [0.26363456 0.00464014]
 [0.26363456 0.00464014]
 [0.26363456 0.00464014]
 [0.26363456 0.00464014]] 
obj_id: 1212 =============
xyz_diff, org - ref: 
[[ 0.09419372  0.04489622  0.06294847]
 [ 0.07237779  0.0345976   0.07544928]
 [ 0.06988903  0.11430386  0.10799384]
 [ 0.03509952  0.18007725  0.11066849]
 [ 0.06905469  0.07334338  0.09388523]
 [-0.0267291   0.07301611  0.02169278]
 [-0.00357733  0.0793556   0.03043508]
 [ 0.05496902  0.07647118  0.04572266]
 [ 0.08908254  0.07330819  0.06412266]
 [ 0.10151121  0.0776228   0.07844028]
 [ 0.09496298  0.07932959  0.07235492]
 [ 0.08026809  0.06588332  0.05777532]
 [ 0.08105725  0.03687957  0.07114693]] 
lwh_diff, org - ref: 
[[ 0.05560589 -0.03352737  0.02310872]
 [-0.14226389 -0.06319714 -0.01312256]
 [ 0.1017251  -0.05641007 -0.05314529]
 [-0.1896534  -0.09165287 -0.03507483]
 [-0.03310776 -0.06799984 -0.04461908]
 [ 0.19213104 -0.01349044  0.05465448]
 [ 0.16671276 -0.01351047  0.01599956]
 [ 0.00172377 -0.06353974  0.02341735]
 [ 0.16966248 -0.01218247  0.06040585]
 [-0.01051092 -0.05895901  0.07853687]
 [ 0.21075296 -0.03203011 -0.03237987]
 [ 0.00786161 -0.04113793  0.03196037]
 [ 0.11249828 -0.03155804 -0.03071606]] 
socre, org, ref: 
[[0.23511906 0.8239222 ]
 [0.37470257 0.83952826]
 [0.35319874 0.84513277]
 [0.32608685 0.7637422 ]
 [0.429858   0.8321064 ]
 [0.14946964 0.8975274 ]
 [0.3399838  0.84674335]
 [0.28653038 0.85505533]
 [0.23347381 0.8356533 ]
 [0.21818699 0.82798713]
 [0.18318117 0.84777695]
 [0.27008405 0.8423685 ]
 [0.29613018 0.8326189 ]] 
obj_id: 1268 =============
xyz_diff, org - ref: 
[[-5.87239360e+00  1.13898984e+01  2.63485740e-01]
 [-3.52699563e-01  4.54265713e-01  1.59405620e-01]
 [-1.84426710e+00  4.40326174e+00  2.21595404e-01]
 [-3.17526465e+00  1.14352228e+01  1.27096990e-01]
 [-9.02092477e+00  3.33905623e+00 -1.04621998e-01]
 [ 1.90439021e+00 -8.38413390e+00  9.62863763e-03]
 [-1.33109267e+00  4.63354809e+00  1.86306261e-01]
 [-2.74833267e+00  1.10542241e+01  1.82831416e-02]
 [-5.74241403e-03  5.65351216e-02  2.60966125e-03]
 [-1.10241868e+01  9.80759313e+00  4.51945326e-01]
 [ 2.14675328e+00 -1.09229280e+01  4.29073021e-01]
 [-3.07098924e-02  9.30734718e-02  7.17759216e-03]
 [ 2.52129852e+00 -1.15859453e+01  3.85324061e-01]
 [-3.89934707e-03  3.13295525e-02 -1.41058700e-02]
 [ 4.93587404e+00 -1.67883518e+01  3.34654885e-01]
 [ 4.93587404e+00 -1.67883518e+01  3.34654885e-01]
 [ 4.93587404e+00 -1.67883518e+01  3.34654885e-01]
 [ 4.93587404e+00 -1.67883518e+01  3.34654885e-01]
 [ 4.93587404e+00 -1.67883518e+01  3.34654885e-01]
 [ 4.93587404e+00 -1.67883518e+01  3.34654885e-01]] 
lwh_diff, org - ref: 
[[ 0.41847467  0.08179331 -0.02347827]
 [ 0.41847467  0.08179331 -0.02347827]
 [ 0.41847467  0.08179331 -0.02347827]
 [ 0.41847467  0.08179331 -0.02347827]
 [ 0.41847467  0.08179331 -0.02347827]
 [ 0.41847467  0.08179331 -0.02347827]
 [ 0.41847467  0.08179331 -0.02347827]
 [ 0.41847467  0.08179331 -0.02347827]
 [ 0.41847467  0.08179331 -0.02347827]
 [ 0.41847467  0.08179331 -0.02347827]
 [ 0.41847467  0.08179331 -0.02347827]
 [ 0.41847467  0.08179331 -0.02347827]
 [ 0.41847467  0.08179331 -0.02347827]
 [ 0.41847467  0.08179331 -0.02347827]
 [ 0.41847467  0.08179331 -0.02347827]
 [ 0.41847467  0.08179331 -0.02347827]
 [ 0.41847467  0.08179331 -0.02347827]
 [ 0.41847467  0.08179331 -0.02347827]
 [ 0.41847467  0.08179331 -0.02347827]
 [ 0.41847467  0.08179331 -0.02347827]] 
socre, org, ref: 
[[5.7607736e-02 6.6349778e-05]
 [8.8925391e-02 9.3003335e-05]
 [6.2248945e-02 1.3184665e-05]
 [6.1934292e-02 4.0758259e-05]
 [6.1934292e-02 4.2487936e-05]
 [6.1934292e-02 3.8777648e-06]
 [6.1934292e-02 1.3413715e-05]
 [8.7097272e-02 1.5676331e-05]
 [8.3659254e-02 1.8905250e-05]
 [8.0850571e-02 7.0647202e-06]
 [4.9782123e-02 1.3841805e-05]
 [5.9269018e-02 3.3117431e-06]
 [3.4293465e-02 1.4191266e-05]
 [5.4497659e-01 7.1788058e-06]
 [5.4497659e-01 1.3385323e-04]
 [5.4497659e-01 1.3385323e-04]
 [5.4497659e-01 1.3385323e-04]
 [5.4497659e-01 1.3385323e-04]
 [5.4497659e-01 1.3385323e-04]
 [5.4497659e-01 1.3385323e-04]] 
obj_id: 1272 =============
xyz_diff, org - ref: 
[[-1.40614096e+00 -2.28368147e+01 -5.67979273e-01]
 [-1.40614096e+00 -2.28368147e+01 -5.67979273e-01]
 [-1.40614096e+00 -2.28368147e+01 -5.67979273e-01]
 [-1.40614096e+00 -2.28368147e+01 -5.67979273e-01]
 [-1.40614096e+00 -2.28368147e+01 -5.67979273e-01]
 [-1.40614096e+00 -2.28368147e+01 -5.67979273e-01]
 [-1.40614096e+00 -2.28368147e+01 -5.67979273e-01]
 [-1.40614096e+00 -2.28368147e+01 -5.67979273e-01]
 [ 6.78963232e-01  8.86398242e+00  2.50797424e-01]
 [ 3.86167589e-01  6.49299945e+00 -1.76225322e-02]
 [ 1.59428706e-01  3.00884989e+00  4.20419092e-02]
 [-1.37847716e+00 -3.80170625e+01 -1.33985284e+00]
 [ 1.84953962e+00 -3.21486845e+01 -8.92557773e-01]
 [-2.49901539e+00 -3.63170073e+01 -1.02186587e+00]
 [-5.43097412e+00 -2.05059873e+01 -7.64976008e-01]
 [-4.13810637e+00 -1.83451430e+01 -8.98124140e-01]
 [-1.40614096e+00 -2.28368147e+01 -5.67979273e-01]
 [-1.40614096e+00 -2.28368147e+01 -5.67979273e-01]
 [-1.40614096e+00 -2.28368147e+01 -5.67979273e-01]
 [-1.40614096e+00 -2.28368147e+01 -5.67979273e-01]
 [-1.40614096e+00 -2.28368147e+01 -5.67979273e-01]] 
lwh_diff, org - ref: 
[[ 0.2164402   0.03828168  0.05059242]
 [ 0.2164402   0.03828168  0.05059242]
 [ 0.2164402   0.03828168  0.05059242]
 [ 0.2164402   0.03828168  0.05059242]
 [ 0.2164402   0.03828168  0.05059242]
 [ 0.2164402   0.03828168  0.05059242]
 [ 0.2164402   0.03828168  0.05059242]
 [ 0.2164402   0.03828168  0.05059242]
 [ 0.15610838 -0.03212476  0.00832856]
 [ 0.01134443 -0.07564855 -0.02761364]
 [ 0.0763545  -0.04893446 -0.03881526]
 [ 0.2164402   0.03828168  0.05059242]
 [ 0.2164402   0.03828168  0.05059242]
 [ 0.2164402   0.03828168  0.05059242]
 [ 0.2164402   0.03828168  0.05059242]
 [ 0.2164402   0.03828168  0.05059242]
 [ 0.2164402   0.03828168  0.05059242]
 [ 0.2164402   0.03828168  0.05059242]
 [ 0.2164402   0.03828168  0.05059242]
 [ 0.2164402   0.03828168  0.05059242]
 [ 0.2164402   0.03828168  0.05059242]] 
socre, org, ref: 
[[2.1469536e-01 4.8320077e-04]
 [2.1469536e-01 4.8320077e-04]
 [2.1469536e-01 4.8320077e-04]
 [2.1469536e-01 4.8320077e-04]
 [2.1469536e-01 4.8320077e-04]
 [2.1469536e-01 4.8320077e-04]
 [2.1469536e-01 4.8320077e-04]
 [2.1469536e-01 4.8320077e-04]
 [2.3466754e-01 1.1642869e-03]
 [3.2930750e-01 1.7747160e-03]
 [2.0098214e-01 1.2501617e-03]
 [9.9126667e-02 9.4604486e-04]
 [2.1469536e-01 2.8468305e-03]
 [2.1469536e-01 1.0252213e-03]
 [2.1469536e-01 1.1062626e-03]
 [2.1469536e-01 2.1896217e-04]
 [2.1469536e-01 4.8320077e-04]
 [2.1469536e-01 4.8320077e-04]
 [2.1469536e-01 4.8320077e-04]
 [2.1469536e-01 4.8320077e-04]
 [2.1469536e-01 4.8320077e-04]] 
obj_id: 1275 =============
xyz_diff, org - ref: 
[[-1.23545828e+00  3.04846713e+01  5.30334226e-01]
 [-1.23545828e+00  3.04846713e+01  5.30334226e-01]
 [-1.23545828e+00  3.04846713e+01  5.30334226e-01]
 [-1.23545828e+00  3.04846713e+01  5.30334226e-01]
 [-1.23545828e+00  3.04846713e+01  5.30334226e-01]
 [-6.25306766e-01  2.72126912e+01  2.80187768e-01]
 [-1.08474266e+00  2.91794637e+01  1.42868946e-01]
 [-3.12179470e-02 -5.21488569e-02  4.03411748e-02]
 [-3.91026761e-03 -3.69170887e-02  7.76206476e-03]
 [-3.08213966e-03 -3.40160308e-02  3.82713595e-02]
 [-3.15532643e-03 -1.67285584e-02  9.70564114e-02]
 [-1.15463572e+00  2.15525361e+01  2.07306900e-01]
 [-9.33363941e-01  2.16046383e+01  6.89176372e-01]
 [-8.94077582e-01  1.99691296e+01  5.80459184e-01]
 [-1.23545828e+00  3.04846713e+01  5.30334226e-01]
 [-1.23545828e+00  3.04846713e+01  5.30334226e-01]
 [-1.23545828e+00  3.04846713e+01  5.30334226e-01]
 [-1.23545828e+00  3.04846713e+01  5.30334226e-01]] 
lwh_diff, org - ref: 
[[-0.18165874 -0.06429482  0.20075262]
 [-0.18165874 -0.06429482  0.20075262]
 [-0.18165874 -0.06429482  0.20075262]
 [-0.18165874 -0.06429482  0.20075262]
 [-0.18165874 -0.06429482  0.20075262]
 [-0.18165874 -0.06429482  0.20075262]
 [-0.18165874 -0.06429482  0.20075262]
 [-0.05165863 -0.02607369 -0.05728865]
 [-0.00410366  0.02000165 -0.01506567]
 [ 0.05373001 -0.00878382 -0.04135966]
 [ 0.09034681  0.02445936 -0.04539943]
 [-0.18165874 -0.06429482  0.20075262]
 [-0.18165874 -0.06429482  0.20075262]
 [-0.18165874 -0.06429482  0.20075262]
 [-0.18165874 -0.06429482  0.20075262]
 [-0.18165874 -0.06429482  0.20075262]
 [-0.18165874 -0.06429482  0.20075262]
 [-0.18165874 -0.06429482  0.20075262]] 
socre, org, ref: 
[[0.11017939 0.00190442]
 [0.11017939 0.00190442]
 [0.11017939 0.00190442]
 [0.11017939 0.00190442]
 [0.11017939 0.00190442]
 [0.11017939 0.01733977]
 [0.11017939 0.0070492 ]
 [0.5972661  0.02272015]
 [0.64136827 0.2836915 ]
 [0.6155906  0.07833648]
 [0.6441494  0.03911676]
 [0.11017939 0.02890463]
 [0.11017939 0.01279767]
 [0.11017939 0.00369301]
 [0.11017939 0.00190442]
 [0.11017939 0.00190442]
 [0.11017939 0.00190442]
 [0.11017939 0.00190442]] 
obj_id: 1345 =============
xyz_diff, org - ref: 
[[ 2.33051439e+00 -7.05207247e+01 -1.66991696e+00]
 [ 4.85106207e+00 -4.55599519e+01 -6.94690771e-01]
 [ 1.35061585e+00 -1.80412535e+01 -6.85634876e-02]
 [ 2.55044060e+00 -6.70625188e+01 -1.95492325e+00]
 [ 4.15030697e+00 -6.79429638e+01 -1.89770013e+00]
 [ 2.36515937e+00 -3.23299114e+01 -2.82465267e-01]
 [ 5.13602349e+00 -4.76836384e+01 -8.24363333e-01]
 [ 4.88089113e+00 -6.82783347e+01 -1.82897346e+00]
 [-1.06232517e+00  2.02264465e+01  6.03162124e-01]
 [ 2.85914684e+00 -2.81392296e+01 -3.06214708e-01]
 [ 8.04823415e-01 -1.41251906e-01  7.74825822e-02]
 [ 1.06291084e+00 -2.22390822e+00  1.03034229e-01]
 [-1.37745564e-02 -3.36123967e-02  2.53644316e-02]
 [ 6.23305897e-01 -2.07464032e+01 -2.13160196e-01]
 [ 5.24763887e-01 -4.05472927e+01 -8.81682513e-01]
 [ 3.41968299e+00 -7.41458727e+01 -1.81847407e+00]
 [ 3.41968299e+00 -7.41458727e+01 -1.81847407e+00]
 [ 3.41968299e+00 -7.41458727e+01 -1.81847407e+00]
 [ 3.41968299e+00 -7.41458727e+01 -1.81847407e+00]] 
lwh_diff, org - ref: 
[[ 0.23838139  0.11885405  0.19048572]
 [ 0.23838139  0.11885405  0.19048572]
 [ 0.23838139  0.11885405  0.19048572]
 [ 0.23838139  0.11885405  0.19048572]
 [ 0.23838139  0.11885405  0.19048572]
 [ 0.23838139  0.11885405  0.19048572]
 [ 0.23838139  0.11885405  0.19048572]
 [ 0.23838139  0.11885405  0.19048572]
 [ 0.23838139  0.11885405  0.19048572]
 [ 0.23838139  0.11885405  0.19048572]
 [ 0.01383877  0.00328612  0.18701184]
 [-0.03503752  0.00988674  0.17930555]
 [ 0.04971075  0.00944495 -0.05338788]
 [ 0.23838139  0.11885405  0.19048572]
 [ 0.23838139  0.11885405  0.19048572]
 [ 0.23838139  0.11885405  0.19048572]
 [ 0.23838139  0.11885405  0.19048572]
 [ 0.23838139  0.11885405  0.19048572]
 [ 0.23838139  0.11885405  0.19048572]] 
socre, org, ref: 
[[7.0027061e-02 6.3556049e-06]
 [7.0027061e-02 1.7564242e-04]
 [7.0027061e-02 3.5748348e-04]
 [7.0027061e-02 2.1045515e-05]
 [7.0027061e-02 9.6883696e-06]
 [7.0027061e-02 6.7697758e-05]
 [7.0027061e-02 1.5248256e-04]
 [7.0027061e-02 4.4763045e-05]
 [7.0027061e-02 8.7901106e-05]
 [7.0027061e-02 6.7563327e-05]
 [2.8482819e-01 9.0479334e-05]
 [2.9087350e-01 4.8918626e-04]
 [2.6573005e-01 3.5568818e-01]
 [1.8763909e-01 5.3178548e-04]
 [7.0027061e-02 1.9019373e-05]
 [7.0027061e-02 5.8409609e-05]
 [7.0027061e-02 5.8409609e-05]
 [7.0027061e-02 5.8409609e-05]
 [7.0027061e-02 5.8409609e-05]] 
obj_id: 1502 =============
xyz_diff, org - ref: 
[[ 3.47290510e-02  1.06886995e+01  2.18876901e-01]
 [-2.23593807e-01  1.68224718e+01  4.30184160e-01]
 [ 1.82642423e-02 -3.43077548e+00 -1.17373013e-02]
 [-4.84020430e-02 -5.62286918e+00 -1.14820313e-01]
 [-4.02513583e-02 -4.41134798e+00 -4.20900846e-02]
 [-3.10290666e-02  8.24218826e+00  3.20035569e-01]] 
lwh_diff, org - ref: 
[[-0.2241416   0.07349992  0.01887989]
 [-0.33585596  0.01085484 -0.05568874]
 [-0.52829361  0.00211203 -0.01626503]
 [-0.33316755  0.08822322  0.13155675]
 [ 0.01957703  0.17010641  0.22843862]
 [-0.2241416   0.07349992  0.01887989]] 
socre, org, ref: 
[[0.08265573 0.03024372]
 [0.10497857 0.01300601]
 [0.1311299  0.00595524]
 [0.11894443 0.00744414]
 [0.12573422 0.00633746]
 [0.12024265 0.01034557]] 
obj_id: 1503 =============
xyz_diff, org - ref: 
[[-2.58866812e-02 -3.60893280e+00 -9.31676450e-02]
 [-3.72449465e-03 -1.73442101e-02  4.78262050e-02]
 [ 1.17702279e-02 -9.11409412e-03  3.35008410e-02]
 [-3.66890860e-02  7.89972986e-03  3.92168298e-02]
 [-4.81487762e-01 -1.75205606e+01 -3.58664765e-01]
 [-2.31304796e-01 -9.92433838e+00 -2.16464324e-01]
 [ 9.07320200e-02 -4.64732665e+00 -6.78192368e-03]
 [ 5.78558870e-02 -1.69294174e+00 -6.22520894e-03]] 
lwh_diff, org - ref: 
[[ 0.0288353   0.18256998  0.24723947]
 [ 0.01446295  0.09484434  0.04236388]
 [ 0.21449804  0.13696551  0.02912128]
 [-0.22221136  0.05126166 -0.02208126]
 [-0.19836378  0.0898025   0.27032328]
 [ 0.20859432  0.19271398  0.36804128]
 [-0.21238804  0.04932976  0.01587057]
 [-0.11304426  0.09806967  0.07493436]] 
socre, org, ref: 
[[0.13592096 0.01670534]
 [0.12997183 0.01219447]
 [0.10215091 0.04195172]
 [0.12847427 0.01084073]
 [0.12934743 0.02254331]
 [0.11597619 0.0166645 ]
 [0.16092925 0.01766066]
 [0.12698913 0.01065625]] 
obj_id: 1506 =============
xyz_diff, org - ref: 
[[-1.45837732e-01  3.76183418e+00  1.00934639e-01]
 [-1.22153066e-01 -4.92075491e+00 -1.66209061e-01]
 [-1.81238543e-01 -4.90552159e+00 -1.62813090e-01]
 [ 6.47675600e-04  1.63954915e-01  6.93627132e-02]
 [-1.21602152e-01  3.16864125e+00  1.07056785e-01]] 
lwh_diff, org - ref: 
[[ 0.06212664 -0.01930523  0.05268002]
 [-0.27284431 -0.07694578  0.12971973]
 [ 0.05273771  0.00861883  0.2033819 ]
 [-0.16960526 -0.10895205 -0.04789245]
 [ 0.06212664 -0.01930523  0.05268002]] 
socre, org, ref: 
[[0.07917004 0.00421279]
 [0.11292762 0.00673372]
 [0.11714622 0.01348956]
 [0.10810562 0.00064336]
 [0.10683338 0.01727943]] 
obj_id: 1573 =============
xyz_diff, org - ref: 
[[-0.01744777  0.00570058 -0.02464819]
 [-0.01223147 -0.00691884 -0.02118769]
 [-0.00867205  0.02451189 -0.00979954]
 [ 0.00329953  0.02476335 -0.00233446]
 [-0.00189179 -0.00681752 -0.01086906]
 [-0.00765218  0.01102687 -0.00475922]
 [-0.00028633  0.02059077  0.00262115]
 [-0.0055334   0.03161419 -0.01472062]
 [-0.02145389  0.01696208 -0.03359228]
 [-0.01174669 -0.03710681 -0.02607702]] 
lwh_diff, org - ref: 
[[ 0.06930256  0.02945971 -0.13760006]
 [ 0.03243589  0.05470586 -0.18432045]
 [-0.06849194  0.01906347 -0.22764492]
 [ 0.0135107   0.0143342  -0.15283227]
 [-0.01164722 -0.00626707 -0.1891681 ]
 [ 0.1941247   0.00377607 -0.09180439]
 [ 0.07121277 -0.00728345 -0.22527957]
 [-0.00342417  0.04738331 -0.21072733]
 [ 0.13224936  0.05272555 -0.19127989]
 [ 0.09316349  0.07359219 -0.27213371]] 
socre, org, ref: 
[[4.8571101e-01 2.8216422e-03]
 [4.4266897e-01 1.0123317e-03]
 [4.4670266e-01 1.2298570e-03]
 [4.2890295e-01 4.1828558e-04]
 [4.7525781e-01 9.0562267e-04]
 [3.8745919e-01 1.6905253e-03]
 [2.3159541e-01 2.0628017e-03]
 [5.1908010e-01 2.5148056e-03]
 [5.7532948e-01 3.5240175e-03]
 [5.0209892e-01 4.2877784e-03]] 
obj_id: 1574 =============
xyz_diff, org - ref: 
[[ 0.00079248 -0.01408196  0.00661452]
 [-0.00288337  0.00091186  0.01018479]
 [-0.00242872  0.00114429  0.01161988]
 [ 0.00071918 -0.01369151  0.01022075]
 [ 0.00234207  0.00313645  0.01897839]
 [ 0.00887089  0.03372971  0.0151754 ]
 [ 0.0010872   0.01250307  0.01026487]
 [-0.02022862  0.03469797  0.00870585]
 [-0.00716855  0.04453015  0.0332001 ]
 [-0.00468394  0.02129705  0.02793068]
 [-0.00600561  0.00177527  0.03645376]
 [-0.00038562  0.02323481  0.02395193]
 [-0.0075057   0.02876404  0.02851905]
 [ 0.00110346 -0.021561    0.00798424]
 [ 0.00588831 -0.01849555  0.00606184]
 [-0.00141039 -0.01354578  0.0099245 ]] 
lwh_diff, org - ref: 
[[ 0.0926919  -0.03206873  0.15255046]
 [ 0.3293519   0.01801157  0.13818967]
 [ 0.14968538 -0.0033679   0.05412149]
 [-0.02914906 -0.05309343 -0.00890243]
 [ 0.11909294 -0.02731919  0.0949049 ]
 [ 0.27884293 -0.00584054  0.10489666]
 [ 0.12660837 -0.02070475  0.06997609]
 [ 0.23819065 -0.02172065  0.11966288]
 [ 0.09440088 -0.03145075  0.13646722]
 [ 0.0212245  -0.04842877  0.0535773 ]
 [ 0.29763079 -0.00053334  0.0978514 ]
 [ 0.21659088 -0.02290106  0.1727488 ]
 [ 0.16690922 -0.03023553  0.10148823]
 [-0.18702173 -0.03319669  0.06058109]
 [-0.10710239 -0.02765012 -0.05994165]
 [-0.20271111 -0.03816462  0.06133199]] 
socre, org, ref: 
[[0.5567145  0.6497829 ]
 [0.5555177  0.637266  ]
 [0.54184395 0.6013756 ]
 [0.5291795  0.7085632 ]
 [0.5518961  0.53457755]
 [0.5026491  0.39544117]
 [0.51293826 0.36399364]
 [0.4782106  0.45749334]
 [0.5448184  0.5865644 ]
 [0.48902905 0.21313791]
 [0.4056961  0.48738036]
 [0.46063542 0.32979602]
 [0.4029945  0.210779  ]
 [0.49321312 0.55353504]
 [0.4441799  0.34691456]
 [0.5187561  0.5570409 ]] 
obj_id: 1581 =============
xyz_diff, org - ref: 
[[-2.25438032e-03 -2.55096621e-02  1.65916636e-02]
 [ 6.93618892e-02  2.77517067e+00  1.08354765e-01]
 [ 1.53345370e-03 -2.62928628e-02  6.19319722e-02]
 [-1.31374127e-01 -1.67392174e+01 -5.19167373e-01]
 [-2.07283297e-01 -9.42056649e+00 -4.02008395e-01]
 [-1.28730419e-01 -8.49847882e+00 -2.05407445e-01]] 
lwh_diff, org - ref: 
[[-0.10509205  0.03145957  0.02907872]
 [-0.10509205  0.03145957  0.02907872]
 [-0.38480568 -0.02568138 -0.00534976]
 [-0.52697468 -0.0594815  -0.01861906]
 [-0.09670973  0.06895304  0.10633862]
 [-0.06708336  0.12423515  0.28842843]] 
socre, org, ref: 
[[0.12875174 0.00667514]
 [0.09426866 0.00400272]
 [0.11934962 0.00206934]
 [0.14738174 0.00103006]
 [0.10352293 0.00366207]
 [0.13401368 0.0052764 ]] 
obj_id: 1583 =============
xyz_diff, org - ref: 
[[ -0.10378108  -6.97928981  -0.21580976]
 [ -0.08887192  -7.57774934  -0.17970078]
 [ -0.05393515   0.04228955   0.04554241]
 [ -0.05470624   0.04024143   0.04374049]
 [ -0.04668431   0.02808148   0.05166349]
 [ -0.13012166 -18.76682371  -0.36109574]
 [ -0.34087554 -14.04209886  -0.31800156]
 [ -0.29493981 -14.89540838  -0.37884671]
 [ -0.09162323  -5.4552048   -0.27184567]] 
lwh_diff, org - ref: 
[[-0.20634651 -0.07234526  0.14849699]
 [-0.09592819 -0.05157804  0.24668789]
 [-0.08081627 -0.03984785  0.06699252]
 [ 0.05432606 -0.01677799  0.00693309]
 [-0.16850042 -0.08218551  0.00316322]
 [-0.17217255 -0.06253028  0.2199434 ]
 [-0.17217255 -0.06253028  0.2199434 ]
 [-0.08267069 -0.02790117  0.31614625]
 [-0.2129426  -0.0977385  -0.00125527]] 
socre, org, ref: 
[[0.14210267 0.0971291 ]
 [0.10711707 0.10550154]
 [0.14422616 0.0792531 ]
 [0.1161059  0.169316  ]
 [0.10544554 0.08261288]
 [0.09339493 0.27510217]
 [0.1427245  0.15454154]
 [0.12723136 0.10773756]
 [0.15085891 0.07797378]] 
obj_id: 1584 =============
xyz_diff, org - ref: 
[[-1.32323600e-01 -8.05036087e+00  1.39572720e-02]
 [-1.07847883e+00 -2.01004200e+01 -1.26071880e-01]
 [-9.54588625e-01 -2.35820914e+01 -1.12165246e-01]
 [-1.06812474e+00 -2.05625180e+01 -1.07737279e-01]
 [-1.11578034e+00 -8.58226352e+00  1.16055635e-01]
 [-1.08777374e+00 -2.01121710e+01 -2.91280987e-01]
 [-2.17050352e-01 -8.73767215e+00 -2.08816646e-01]
 [-1.04058782e+00 -2.06368033e+01 -7.57664658e-02]
 [-1.21514314e-01 -2.26653039e+00  1.16027377e-02]
 [-6.80853030e-02  1.22319467e-02 -4.49898411e-02]
 [-5.87415124e-02 -1.16356190e-01 -1.95975046e-04]] 
lwh_diff, org - ref: 
[[-0.1194129  -0.01107621 -0.02670932]
 [-0.1194129  -0.01107621 -0.02670932]
 [-0.1194129  -0.01107621 -0.02670932]
 [-0.1194129  -0.01107621 -0.02670932]
 [-0.1194129  -0.01107621 -0.02670932]
 [-0.1194129  -0.01107621 -0.02670932]
 [-0.1194129  -0.01107621 -0.02670932]
 [-0.1194129  -0.01107621 -0.02670932]
 [-0.16618729 -0.01923323 -0.08806217]
 [-0.10296965 -0.03318667 -0.26200068]
 [-0.2320509  -0.07909608 -0.29691052]] 
socre, org, ref: 
[[1.06885493e-01 2.25006326e-04]
 [1.06885493e-01 1.79862167e-04]
 [9.54663530e-02 7.76469606e-05]
 [9.54663530e-02 2.02860654e-04]
 [9.54663530e-02 2.28879086e-04]
 [9.54663530e-02 4.20768280e-04]
 [8.23941827e-02 1.46298335e-04]
 [8.28393474e-02 2.29897851e-04]
 [1.01348512e-01 6.11182651e-04]
 [1.13852866e-01 4.22269477e-05]
 [1.25011429e-01 8.14193767e-03]] 
obj_id: 1715 =============
xyz_diff, org - ref: 
[[-8.79092331e-02 -1.37314293e-01 -4.81024857e-01]
 [ 1.61179587e-02 -9.68204197e-02 -2.92275705e-02]
 [-8.75516612e-02 -1.62387671e+00 -1.04125468e-01]
 [-4.31391499e-01 -1.21229739e+01 -9.63565042e-02]
 [-2.59747551e-01 -5.63946141e+00 -2.51666317e-01]
 [-3.34917335e-01 -4.46383521e+00 -2.76180698e-01]
 [-4.71906167e-01 -4.48779988e+00 -3.12027172e-01]
 [ 3.05515007e-01  5.07232330e+00 -8.05062737e-02]
 [-4.22414542e-01 -1.25839611e+01 -8.90204560e-02]
 [-5.38049925e-02 -7.85102200e-03  7.01341893e-03]] 
lwh_diff, org - ref: 
[[ 0.06089401  0.01768494  0.15703321]
 [ 0.13754892 -0.02059507  0.02445781]
 [-0.02838135 -0.03318     0.15720963]
 [-0.02838135 -0.03318     0.15720963]
 [-0.02838135 -0.03318     0.15720963]
 [-0.02838135 -0.03318     0.15720963]
 [-0.02838135 -0.03318     0.15720963]
 [-0.02838135 -0.03318     0.15720963]
 [-0.02838135 -0.03318     0.15720963]
 [ 0.06089401  0.01768494  0.15703321]] 
socre, org, ref: 
[[0.08193054 0.00518851]
 [0.1487428  0.00190333]
 [0.10767601 0.00210782]
 [0.10767601 0.00035241]
 [0.07411154 0.0053974 ]
 [0.05542416 0.00194933]
 [0.05542416 0.00116219]
 [0.05542416 0.00193658]
 [0.09591    0.00041024]
 [0.14710999 0.08439785]] 
obj_id: 1834 =============
xyz_diff, org - ref: 
[[-1.65742106e+00 -1.21946682e+01 -1.66844783e-01]
 [-1.64890441e+00 -1.01379136e+01 -6.25268559e-01]
 [-1.41775666e+00 -8.98445930e+00 -2.25019499e-01]
 [-2.56291373e-01 -4.07326356e-01 -1.29483541e-01]
 [-1.58825703e+00 -1.07404416e+01 -3.25821735e-01]
 [-1.70691115e+00 -1.15258942e+01 -3.56243050e-01]
 [-9.47556150e-02 -2.48477929e+00 -3.87718509e-01]
 [-4.86911160e-01 -2.09832689e+01 -5.10258059e-01]
 [-1.17304176e-01 -4.24276247e-01 -4.22745035e-02]
 [-2.07627122e-02 -2.41998504e-03 -1.70594120e-02]
 [-5.62397346e-01 -3.39923316e+00 -2.43664408e-01]] 
lwh_diff, org - ref: 
[[-0.0686202  -0.01341605  0.07593548]
 [-0.0686202  -0.01341605  0.07593548]
 [-0.0686202  -0.01341605  0.07593548]
 [-0.0686202  -0.01341605  0.07593548]
 [-0.0686202  -0.01341605  0.07593548]
 [-0.0686202  -0.01341605  0.07593548]
 [-0.0686202  -0.01341605  0.07593548]
 [-0.0686202  -0.01341605  0.07593548]
 [-0.0686202  -0.01341605  0.07593548]
 [-0.0686202  -0.01341605  0.07593548]
 [-0.0686202  -0.01341605  0.07593548]] 
socre, org, ref: 
[[3.6579661e-02 4.5518486e-06]
 [1.1492851e-01 1.9708325e-04]
 [7.2783366e-02 9.8930022e-06]
 [7.4818216e-02 3.5172011e-06]
 [7.4818216e-02 2.5887859e-05]
 [7.3678061e-02 2.3739067e-05]
 [7.1354508e-02 4.6413250e-05]
 [3.4818474e-02 5.8370488e-06]
 [8.2711205e-02 2.4822719e-05]
 [9.6557185e-02 1.1271207e-04]
 [9.6557185e-02 1.4564768e-05]] 
obj_id: 2262 =============
xyz_diff, org - ref: 
[[-1.15126068e+00  2.04759506e+01  1.72939146e-01]
 [-1.09614500e+00  1.71361432e+01  8.93622918e-02]
 [-8.11774596e-01  1.20467676e+01  7.46235646e-02]
 [-9.91164003e-01  1.74275494e+01  2.98846600e-01]
 [-6.22432796e-01  4.17734502e+00 -4.71309910e-01]
 [-6.59071275e-01  1.49287820e+01 -2.66697162e-01]
 [-8.73959288e-01  1.72881793e+01  1.17721106e-01]
 [-1.14437973e+00  2.87961335e+01  4.72831100e-01]
 [-6.34853621e-01  1.20401661e+01  3.96195516e-01]
 [ 1.73429184e-02  2.86636087e-02  5.68673150e-02]
 [-5.67377868e-01  1.47171681e+01  9.43664594e-01]
 [-2.01566031e-01  6.65309513e+00  5.26074647e-01]
 [-2.59866217e-02  5.57504849e-02  3.93911731e-02]
 [ 7.58202845e-01 -1.32910523e+01 -7.04752383e-01]
 [ 1.74079650e-01  1.58757943e+01 -5.79835383e-01]
 [-9.55858923e-01  1.18075463e+01 -1.54378233e-01]
 [-5.40206649e-01 -6.06776570e-02 -7.14880489e-01]
 [-1.11938707e+00  1.83844840e+01  9.66436482e-02]
 [-8.11037821e-01  1.47737073e+01  5.46493135e-02]] 
lwh_diff, org - ref: 
[[ 0.00593472 -0.04928648 -0.04379046]
 [ 0.00593472 -0.04928648 -0.04379046]
 [ 0.00593472 -0.04928648 -0.04379046]
 [ 0.00593472 -0.04928648 -0.04379046]
 [ 0.00593472 -0.04928648 -0.04379046]
 [ 0.00593472 -0.04928648 -0.04379046]
 [ 0.00593472 -0.04928648 -0.04379046]
 [ 0.00593472 -0.04928648 -0.04379046]
 [ 0.00593472 -0.04928648 -0.04379046]
 [ 0.00593472 -0.04928648 -0.04379046]
 [ 0.11143589  0.02600741  0.14319479]
 [ 0.11143589  0.02600741  0.14319479]
 [ 0.02749348 -0.01831555 -0.03147089]
 [ 0.00593472 -0.04928648 -0.04379046]
 [ 0.00593472 -0.04928648 -0.04379046]
 [ 0.00593472 -0.04928648 -0.04379046]
 [ 0.00593472 -0.04928648 -0.04379046]
 [ 0.00593472 -0.04928648 -0.04379046]
 [ 0.00593472 -0.04928648 -0.04379046]] 
socre, org, ref: 
[[0.06503016 0.00170595]
 [0.06503016 0.00153671]
 [0.06503016 0.0013923 ]
 [0.06503016 0.00156461]
 [0.06503016 0.00169661]
 [0.06503016 0.00100029]
 [0.06503016 0.00208905]
 [0.06503016 0.00281841]
 [0.06503016 0.01104892]
 [0.11662941 0.21431467]
 [0.10743016 0.05055925]
 [0.09527966 0.00277694]
 [0.13217583 0.05580229]
 [0.08657237 0.0006562 ]
 [0.06503016 0.00203654]
 [0.06503016 0.0017054 ]
 [0.06503016 0.00146981]
 [0.06503016 0.0014921 ]
 [0.06503016 0.00102224]] 
obj_id: 2310 =============
xyz_diff, org - ref: 
[[-8.44711884e-01  4.30248666e+01  1.33294526e+00]
 [-8.28294005e-01  2.18606645e+01  7.14305779e-01]
 [-7.14280265e-01  3.49057445e+01  1.25732812e+00]
 [-6.92071552e-01  2.86084543e+01  9.27428237e-01]
 [-7.27377903e-01  4.11252679e+01  1.29032574e+00]
 [-1.08409550e+00  3.35340422e+01  8.04245119e-01]
 [-7.62283557e-01  2.45031820e+01  9.17088827e-01]
 [-7.32547080e-01  4.38998090e+01  1.49762043e+00]
 [-7.77595818e-01  1.14161936e+01  4.08288820e-01]
 [-1.85608059e-01  5.36518620e+00  5.51239712e-01]
 [-3.04310749e-02 -1.43610109e-02  1.57890245e-01]
 [ 2.09221743e-02  1.13110531e-03 -7.46399809e-02]
 [-2.26807533e-01 -5.88626159e+00 -1.39767400e-01]
 [ 4.61815296e-01 -4.99408489e+00 -2.20727116e-01]
 [-8.75089188e-01 -1.87798920e+00 -4.68592498e-01]
 [-9.43398245e-01  6.03044488e+01  1.01539991e+00]
 [-8.12270616e-01  3.05120958e+01  7.94230353e-01]
 [-1.01262553e+00  4.17160441e+01  1.41187211e+00]
 [-6.90831121e-01  3.52574024e+01  1.25364759e+00]
 [-7.32547080e-01  4.38998090e+01  1.49762043e+00]] 
lwh_diff, org - ref: 
[[ 0.01282787  0.00484538 -0.00643325]
 [ 0.01282787  0.00484538 -0.00643325]
 [ 0.01282787  0.00484538 -0.00643325]
 [ 0.01282787  0.00484538 -0.00643325]
 [ 0.01282787  0.00484538 -0.00643325]
 [ 0.01282787  0.00484538 -0.00643325]
 [ 0.01282787  0.00484538 -0.00643325]
 [ 0.01282787  0.00484538 -0.00643325]
 [ 0.01282787  0.00484538 -0.00643325]
 [ 0.01282787  0.00484538 -0.00643325]
 [ 0.01282787  0.00484538 -0.00643325]
 [ 0.15113926  0.07341099  0.143736  ]
 [ 0.22280502  0.11909819  0.33883023]
 [ 0.01282787  0.00484538 -0.00643325]
 [ 0.01282787  0.00484538 -0.00643325]
 [ 0.01282787  0.00484538 -0.00643325]
 [ 0.01282787  0.00484538 -0.00643325]
 [ 0.01282787  0.00484538 -0.00643325]
 [ 0.01282787  0.00484538 -0.00643325]
 [ 0.01282787  0.00484538 -0.00643325]] 
socre, org, ref: 
[[8.50577876e-02 2.12119310e-03]
 [8.50577876e-02 7.28062936e-04]
 [8.50577876e-02 9.26766254e-04]
 [8.50577876e-02 8.21380178e-04]
 [8.50577876e-02 2.99080880e-03]
 [8.50577876e-02 1.02960728e-02]
 [8.50577876e-02 3.10314819e-04]
 [8.50577876e-02 9.83110629e-04]
 [8.50577876e-02 5.17593813e-04]
 [8.50577876e-02 2.55285902e-03]
 [1.14118017e-01 3.36850673e-01]
 [1.09274209e-01 1.64958298e-01]
 [1.15165778e-01 2.39998158e-02]
 [7.85385147e-02 2.99785640e-02]
 [8.62017199e-02 8.90397467e-04]
 [8.50577876e-02 1.82271062e-03]
 [8.50577876e-02 7.37357652e-03]
 [8.50577876e-02 1.13213565e-02]
 [8.50577876e-02 1.00180577e-03]
 [8.50577876e-02 9.83110629e-04]] 
obj_id: 1836 =============
xyz_diff, org - ref: 
[[ 5.51883836e-03 -6.01049990e-01  1.24895658e-02]
 [ 3.01702383e-02  2.92041569e-01 -1.18769616e-01]
 [-9.54710311e-02 -5.18333713e-03 -6.85965320e-02]
 [-2.76830429e-01 -6.44227201e+00 -1.14102260e-01]
 [-3.61361144e-01  1.17651650e+01  5.23040496e-01]
 [-4.67500279e-02  1.43953054e+00  3.28296256e-01]
 [-1.82889544e-01  1.54882613e+00  2.04180924e-01]
 [-1.74021898e-01  1.37326823e+00  9.88353291e-02]
 [-7.53199838e-01  1.03931478e+01  7.58156067e-01]
 [-8.49527545e-02  5.28194862e-01  8.99726039e-02]
 [-8.54595984e-01  8.62360392e+00  3.80839608e-01]] 
lwh_diff, org - ref: 
[[-0.08298159 -0.00839829  0.01176906]
 [-0.06863976 -0.02603793 -0.03344023]
 [ 0.17755747  0.05035305  0.04786766]
 [-0.0686698   0.01669788  0.22301018]
 [ 0.08785439  0.05268049  0.2902391 ]
 [-0.01181316  0.01718807  0.02418196]
 [ 0.01090431  0.02432346  0.1114192 ]
 [-0.03407764  0.03441811  0.22095215]
 [ 0.04083157  0.00088978  0.00116336]
 [ 0.01397228 -0.00247121 -0.00885701]
 [ 0.01397228 -0.00247121 -0.00885701]] 
socre, org, ref: 
[[0.10499455 0.35009104]
 [0.14828177 0.38554558]
 [0.13917264 0.21579076]
 [0.15009893 0.0797262 ]
 [0.19011694 0.06675005]
 [0.2226194  0.22518268]
 [0.23552406 0.13694285]
 [0.21044497 0.11385714]
 [0.20109221 0.33002445]
 [0.14949526 0.2880223 ]
 [0.08622625 0.18018848]] 
obj_id: 1895 =============
xyz_diff, org - ref: 
[[ 1.12194626e+00  5.06464283e+00  2.47036804e-01]
 [-2.11071243e-02 -2.36603206e-02  2.33871165e-02]
 [ 7.50425504e-01  6.02631075e+00  2.96493863e-02]
 [ 6.11664810e+00  4.09924715e+01 -4.06741697e-01]
 [ 2.90600503e+00  2.87596098e+01  6.63111319e-01]
 [ 3.91069905e+00  3.09507194e+01  6.43518572e-01]
 [ 3.85939617e+00  2.45178854e+01  3.36085038e-01]
 [-2.40534491e+00 -1.06991466e+01 -4.98411929e-02]
 [ 2.75447352e+00  1.92369445e+01  1.52850826e-01]
 [ 8.20058467e-01  1.74728861e+01  1.79117056e-01]
 [-9.22843248e+00 -4.32996755e+01 -1.30508237e+00]
 [ 4.14411911e+00  2.63507166e+01  3.96029491e-01]] 
lwh_diff, org - ref: 
[[-0.03444529 -0.00959969  0.06219685]
 [-0.03444529 -0.00959969  0.06219685]
 [-0.03444529 -0.00959969  0.06219685]
 [-0.03444529 -0.00959969  0.06219685]
 [-0.03444529 -0.00959969  0.06219685]
 [-0.03444529 -0.00959969  0.06219685]
 [-0.03444529 -0.00959969  0.06219685]
 [-0.03444529 -0.00959969  0.06219685]
 [-0.03444529 -0.00959969  0.06219685]
 [-0.03444529 -0.00959969  0.06219685]
 [-0.03444529 -0.00959969  0.06219685]
 [-0.03444529 -0.00959969  0.06219685]] 
socre, org, ref: 
[[7.5276725e-02 2.0733643e-03]
 [1.0317623e-01 4.6849202e-02]
 [8.8890292e-02 9.6437747e-05]
 [8.5108064e-02 4.2496198e-03]
 [8.5108064e-02 2.3872070e-03]
 [8.5108064e-02 1.4539454e-04]
 [8.5108064e-02 2.1235321e-03]
 [8.5108064e-02 7.9083402e-04]
 [8.5108064e-02 2.0021790e-04]
 [8.5108064e-02 3.2658176e-03]
 [8.1339329e-02 4.1205814e-04]
 [7.8931041e-02 2.1915822e-03]] 
obj_id: 1894 =============
xyz_diff, org - ref: 
[[-3.98799180e-02  2.87134270e-01 -4.21056287e-02]
 [-7.58260550e-02  4.66641709e-01 -5.31829497e-02]
 [-6.62373645e-02  1.78989480e-01 -3.68422778e-02]
 [-2.11421196e-01  5.46500314e+00  3.03074660e-01]
 [-2.71231566e-01  4.66054477e+00  2.81077578e-01]
 [-4.33750718e-02  4.95772128e-01 -3.71078866e-03]
 [-4.81579708e-02  8.64809615e-01  3.76914145e-02]
 [-2.60562037e-01  4.03023768e+00  1.69734545e-01]
 [-8.06881193e-02  2.54642539e-01 -1.10516262e-02]
 [-5.57474183e-02  4.08779630e-01 -2.92956121e-02]
 [-8.23636464e-01  7.21718945e+00  2.16686895e-01]] 
lwh_diff, org - ref: 
[[-0.12432575 -0.08606982 -0.00893819]
 [ 0.00447464 -0.06212592 -0.0273937 ]
 [ 0.03128767 -0.0480907   0.02598643]
 [-0.14585686 -0.06518483  0.16346622]
 [ 0.22793102  0.00553656  0.24726844]
 [ 0.07636595 -0.03262448  0.00860739]
 [-0.05105925 -0.03775692  0.13394368]
 [ 0.09360456  0.01368165  0.22814524]
 [-0.00949192 -0.06780624 -0.01743364]
 [ 0.1113286  -0.0114615   0.04142034]
 [ 0.1113286  -0.0114615   0.04142034]] 
socre, org, ref: 
[[0.10503203 0.13943298]
 [0.11242452 0.37681615]
 [0.12858923 0.12297954]
 [0.14447024 0.02303759]
 [0.15768085 0.02551721]
 [0.15808517 0.20975357]
 [0.17523736 0.15851231]
 [0.14719039 0.03138799]
 [0.13064201 0.15160035]
 [0.11123828 0.3694416 ]
 [0.07054134 0.08269128]] 
obj_id: 2010 =============
xyz_diff, org - ref: 
[[-1.77931824e-02 -7.24943058e+00 -1.50235741e-01]
 [-8.02949508e-03 -1.20025249e+01 -1.36070653e-01]
 [-1.18056640e-01 -1.49697834e+01 -3.51653652e-01]
 [-9.32433929e-02 -3.68713899e+00  2.06320574e-02]
 [-8.17436294e-02 -3.15710566e+00  6.25100957e-02]
 [ 3.23235454e-01  5.87644893e+00  2.35509547e-03]
 [ 1.71060055e-01 -9.19800235e+00 -5.91930587e-03]] 
lwh_diff, org - ref: 
[[ 0.03504038  0.04891062 -0.04131925]
 [ 0.03504038  0.04891062 -0.04131925]
 [ 0.03504038  0.04891062 -0.04131925]
 [ 0.21484995  0.10681319  0.25794327]
 [ 0.21484995  0.10681319  0.25794327]
 [ 0.21484995  0.10681319  0.25794327]
 [ 0.21484995  0.10681319  0.25794327]] 
socre, org, ref: 
[[8.03518519e-02 1.40777716e-04]
 [1.13278024e-01 8.91647825e-04]
 [8.84612054e-02 1.62259545e-04]
 [1.11351378e-01 1.19876082e-03]
 [9.61115807e-02 4.16159310e-05]
 [8.28619376e-02 1.23745849e-04]
 [9.47625190e-02 3.36935162e-04]] 
obj_id: 2011 =============
xyz_diff, org - ref: 
[[  0.45466248 -15.13493152  -0.45074824]
 [  0.31309214 -22.95942524  -0.77711343]
 [ -0.04462598 -13.12495016  -0.34394054]
 [  0.24628463 -22.0459687   -0.60456091]
 [  0.14078115  -9.55099343  -0.49160254]
 [  0.12694094 -15.82808149  -0.52846667]
 [ -0.07284488 -15.86190381  -0.6056059 ]
 [  0.08187718  -3.78022159  -0.27128285]
 [  0.2530953   -2.03900239  -0.33275098]] 
lwh_diff, org - ref: 
[[-0.05131626 -0.00496507  0.01605535]
 [ 0.23015356  0.03790998  0.03208351]
 [-0.05068207 -0.0073688   0.24200904]
 [-0.05068207 -0.0073688   0.24200904]
 [ 0.04897404 -0.00171661  0.01042509]
 [ 0.04299593  0.01846385  0.14802241]
 [ 0.15209484  0.05067754  0.18697119]
 [-0.00581455 -0.02113795  0.00380945]
 [-0.00581455 -0.02113795  0.00380945]] 
socre, org, ref: 
[[0.10530355 0.0603449 ]
 [0.12161286 0.09171854]
 [0.14049907 0.01040994]
 [0.08695709 0.00484887]
 [0.11042901 0.04701197]
 [0.11750437 0.14939441]
 [0.11520913 0.06157367]
 [0.12941274 0.06156566]
 [0.08730256 0.19571856]] 
obj_id: 2067 =============
xyz_diff, org - ref: 
[[ 1.76179332e-01  2.96535056e+00  1.03623188e-01]
 [ 7.62879816e-01  1.70390322e+01  2.70594598e-01]
 [ 2.88733352e-01  1.03931729e+01  1.69352176e-01]
 [ 5.29040781e-01  1.93357197e+01  1.79441930e-01]
 [ 2.97449945e-01  1.16280489e+01  1.30463358e-01]
 [-4.29397551e-03  1.09450952e+01  2.44377173e-01]
 [-1.02191909e-01  7.78832579e+00  6.39185608e-02]
 [ 8.90826777e-02  2.53809821e+00 -9.34764628e-02]] 
lwh_diff, org - ref: 
[[-0.06640148  0.04267764 -0.00193846]
 [-0.06640148  0.04267764 -0.00193846]
 [-0.10606575  0.09168768  0.16874087]
 [-0.10606575  0.09168768  0.16874087]
 [-0.10606575  0.09168768  0.16874087]
 [-0.25461483  0.03593278  0.14779902]
 [-0.25461483  0.03593278  0.14779902]
 [-0.25461483  0.03593278  0.14779902]] 
socre, org, ref: 
[[0.06967965 0.00043559]
 [0.11688119 0.00053131]
 [0.11317886 0.00215605]
 [0.09940079 0.01810437]
 [0.08898346 0.02752078]
 [0.10791676 0.00137767]
 [0.08218876 0.0044714 ]
 [0.09130764 0.01890213]] 
obj_id: 2263 =============
xyz_diff, org - ref: 
[[-1.18846494e-01 -3.96141991e-01 -2.56130860e-01]
 [ 1.12002013e+00 -3.64274667e+01 -1.39307699e+00]
 [ 9.87475820e-02  8.20285696e+00  1.05359234e-01]
 [ 9.42930031e-02  4.85631900e+00 -7.19334893e-02]
 [ 2.89438831e-01  4.08147789e+00 -2.06616852e-02]
 [ 3.99343662e-02  1.02340493e-02 -4.98505188e-02]
 [ 1.17469327e-01 -2.74496104e+00 -1.36995220e-01]
 [-1.52756079e-01 -1.81589019e+01 -9.29675656e-01]
 [-3.74522490e-02  1.68934128e+00  1.90606732e-01]] 
lwh_diff, org - ref: 
[[ 0.01812601  0.06672025 -0.02016556]
 [ 0.01812601  0.06672025 -0.02016556]
 [ 0.01812601  0.06672025 -0.02016556]
 [ 0.01812601  0.06672025 -0.02016556]
 [ 0.01812601  0.06672025 -0.02016556]
 [ 0.01812601  0.06672025 -0.02016556]
 [ 0.01812601  0.06672025 -0.02016556]
 [ 0.37450075  0.17438555  0.23814034]
 [ 0.06553221  0.08248448 -0.00343049]] 
socre, org, ref: 
[[0.08287719 0.01080151]
 [0.09093305 0.00033496]
 [0.09477448 0.00561341]
 [0.09997621 0.00366197]
 [0.06912178 0.02410725]
 [0.11402451 0.0150364 ]
 [0.09460475 0.00142085]
 [0.10055317 0.0070457 ]
 [0.10668115 0.06183772]] 
obj_id: 2171 =============
xyz_diff, org - ref: 
[[ 2.97661618e-01  1.02154084e+01  2.76509180e-01]
 [ 1.85165797e-01  1.73655404e+00  1.29538368e-01]
 [ 1.04438116e-01 -3.36412956e-01 -1.43881445e-01]
 [ 3.24082432e-03 -1.79651280e-02 -1.16691910e-01]
 [-4.21680819e-01 -1.68145233e+00 -9.20576380e-02]
 [-2.14552625e-02 -9.31324287e+00 -7.27455441e-01]
 [-1.50360774e+00 -2.74240149e+01 -6.50615631e-01]
 [ 2.96740572e-02 -1.19300048e+01 -4.58816149e-01]] 
lwh_diff, org - ref: 
[[-0.09997559  0.00280809 -0.0080483 ]
 [-0.09997559  0.00280809 -0.0080483 ]
 [-0.09997559  0.00280809 -0.0080483 ]
 [-0.09997559  0.00280809 -0.0080483 ]
 [-0.09997559  0.00280809 -0.0080483 ]
 [-0.09997559  0.00280809 -0.0080483 ]
 [-0.09997559  0.00280809 -0.0080483 ]
 [-0.09997559  0.00280809 -0.0080483 ]] 
socre, org, ref: 
[[0.07753116 0.01377698]
 [0.09314904 0.01066169]
 [0.10112644 0.03494874]
 [0.08488936 0.00157353]
 [0.09219941 0.01419999]
 [0.06814276 0.0202185 ]
 [0.06814276 0.02717458]
 [0.08285927 0.0017428 ]] 
obj_id: 2218 =============
xyz_diff, org - ref: 
[[-0.3164761   3.53581805  0.14737377]
 [-0.03531804 -4.4939025  -0.05446847]
 [ 0.28602043 -4.04082927 -0.07878272]
 [ 0.21741894 -6.97867073 -0.32872253]
 [ 0.10400526 -8.14209548 -0.5870244 ]] 
lwh_diff, org - ref: 
[[-0.04488134  0.02379203  0.06172383]
 [-0.04488134  0.02379203  0.06172383]
 [-0.04488134  0.02379203  0.06172383]
 [-0.04488134  0.02379203  0.06172383]
 [-0.04488134  0.02379203  0.06172383]] 
socre, org, ref: 
[[0.08504134 0.0004584 ]
 [0.07920758 0.00037587]
 [0.09991099 0.00015819]
 [0.10428952 0.00617552]
 [0.08922966 0.0002674 ]] 
obj_id: 2170 =============
xyz_diff, org - ref: 
[[ 6.59492624e-01  2.04980173e+00  1.01667981e-01]
 [-4.78544064e-02 -3.36365025e-03  9.64412442e-02]
 [-1.53308901e-01 -7.09806603e-02  4.50823762e-03]
 [-6.68757174e-01 -3.05617759e-01 -8.82457153e-02]
 [-1.15259294e-01  1.10303496e+00 -2.85864174e-01]
 [ 8.42036262e-01  5.13406288e+00  1.39628178e-02]
 [ 1.20473564e+00  6.69304966e+00  1.06194933e-01]] 
lwh_diff, org - ref: 
[[-0.07231283 -0.05897522  0.03158998]
 [-0.07231283 -0.05897522  0.03158998]
 [-0.00337458 -0.05650139  0.02363789]
 [-0.00337458 -0.05650139  0.02363789]
 [-0.00337458 -0.05650139  0.02363789]
 [-0.00337458 -0.05650139  0.02363789]
 [-0.00337458 -0.05650139  0.02363789]] 
socre, org, ref: 
[[0.08238022 0.10211615]
 [0.10177152 0.02366067]
 [0.1028963  0.0584866 ]
 [0.09783102 0.06021366]
 [0.08408719 0.02057718]
 [0.08454418 0.06565206]
 [0.09618165 0.05576941]] 
obj_id: 2172 =============
xyz_diff, org - ref: 
[[ -0.51658792 -10.68921317  -0.38752099]
 [ -0.0333236   -0.05099554  -0.06559136]
 [ -0.51327244  -9.18041807  -0.10207337]
 [ -0.16633981  -4.60259391  -0.1665131 ]
 [ -1.49771299 -11.46104896   0.3508583 ]
 [ -0.83199396 -23.58634371  -0.3912672 ]
 [ -0.47625268 -12.95321609  -0.36805459]] 
lwh_diff, org - ref: 
[[0.06409407 0.06860042 0.08868861]
 [0.06409407 0.06860042 0.08868861]
 [0.02377415 0.06020236 0.19069803]
 [0.02377415 0.06020236 0.19069803]
 [0.02377415 0.06020236 0.19069803]
 [0.02377415 0.06020236 0.19069803]
 [0.11868    0.08704233 0.20228302]] 
socre, org, ref: 
[[0.09389196 0.00313498]
 [0.10082951 0.07969996]
 [0.10072482 0.00267261]
 [0.08927392 0.00142572]
 [0.07959191 0.00275348]
 [0.08180799 0.00368331]
 [0.10264679 0.01222342]] 
obj_id: 2217 =============
xyz_diff, org - ref: 
[[-7.20533071e-03 -1.17947729e+01  5.43160570e-02]
 [-2.16382459e-01  1.28437678e+00  1.26065650e-01]
 [ 2.98888750e-02  1.17242375e-02  8.98056670e-02]
 [ 3.64194553e-01 -5.04572656e+00  2.13664142e-02]
 [ 1.64261818e-01 -1.38742486e+01 -1.26548220e-01]] 
lwh_diff, org - ref: 
[[-0.20031214 -0.04655242 -0.00028884]
 [-0.20031214 -0.04655242 -0.00028884]
 [-0.20031214 -0.04655242 -0.00028884]
 [-0.20031214 -0.04655242 -0.00028884]
 [-0.20031214 -0.04655242 -0.00028884]] 
socre, org, ref: 
[[0.08383218 0.00629217]
 [0.0791805  0.00021638]
 [0.10554116 0.00116975]
 [0.08883852 0.01428189]
 [0.05698807 0.00053514]] 
obj_id: 2219 =============
xyz_diff, org - ref: 
[[ 6.21961262e-01 -2.07695953e+01 -5.69381871e-01]
 [ 3.74553612e-01 -1.19502762e+01 -4.70487810e-01]
 [ 1.55224323e-01 -6.80816575e+00 -2.30835102e-01]
 [ 2.77781046e-01 -4.17674615e+00 -2.01910335e-01]
 [-7.76628838e-02  2.15490509e+00  9.44928636e-02]
 [ 8.88590175e-03  5.57224909e+00  9.94406122e-02]] 
lwh_diff, org - ref: 
[[ 0.00198603  0.02765489  0.00332463]
 [ 0.00198603  0.02765489  0.00332463]
 [ 0.1180644   0.05970764  0.15227687]
 [ 0.1180644   0.05970764  0.15227687]
 [-0.13939381 -0.03526056 -0.05158269]
 [-0.13939381 -0.03526056 -0.05158269]] 
socre, org, ref: 
[[0.09166361 0.00254711]
 [0.10205336 0.0215865 ]
 [0.10762514 0.01067114]
 [0.09891045 0.00398594]
 [0.11754613 0.00183725]
 [0.09123933 0.00152534]] 
obj_id: 7 =============
xyz_diff, org - ref: 
[[-4.00170882e-02  3.93081290e-02  1.87558492e-02]
 [-2.23007125e-02  1.24075356e-02  2.74031986e-02]
 [-1.61827849e-02  1.92536195e-02  2.58918594e-02]
 [-1.64553592e-02 -1.75188368e-02  1.91996773e-02]
 [ 5.39485187e-03  3.23112485e-02  2.01180906e-02]
 [ 7.25112731e-03  1.59595529e-02  2.27457363e-02]
 [-5.27848618e-02 -6.65429182e-02  3.13870117e-02]
 [ 2.09757522e-02  1.82272625e-02  3.14242778e-03]
 [-4.54073712e-02  4.01776466e-02  1.73559410e-02]
 [-3.51852495e-02  9.18300646e-02  6.16423185e-03]
 [-8.38422148e-02  1.37724844e-01  1.87969775e-02]
 [-6.88571522e-02  1.35350957e-01  1.45408191e-02]
 [-3.44586960e-02  8.71321657e-02  1.80788557e-02]
 [-2.96184752e-02  7.27934465e-02  2.52697714e-02]
 [-5.16245963e-02  8.36283620e-02  1.61245942e-02]
 [-6.69036649e-02  1.05024207e-01  2.06696253e-02]
 [-5.98922882e-02  1.00012650e-01  8.60531325e-03]
 [-3.92141159e-02  7.44531322e-02 -2.06767695e-04]
 [-5.87355164e-02  8.71618535e-02  5.17230429e-05]] 
lwh_diff, org - ref: 
[[ 9.29770470e-02  5.18789291e-02  2.80564070e-01]
 [ 9.29770470e-02  5.18789291e-02  2.80564070e-01]
 [ 9.29770470e-02  5.18789291e-02  2.80564070e-01]
 [ 9.29770470e-02  5.18789291e-02  2.80564070e-01]
 [ 9.29770470e-02  5.18789291e-02  2.80564070e-01]
 [ 9.29770470e-02  5.18789291e-02  2.80564070e-01]
 [ 9.29770470e-02  5.18789291e-02  2.80564070e-01]
 [-8.99505615e-02 -3.57198715e-03 -7.07538128e-02]
 [ 9.29770470e-02  5.18789291e-02  2.80564070e-01]
 [-9.90304947e-02 -1.23977661e-04  1.27255559e-01]
 [ 1.61843300e-02  5.15415668e-02  1.62970185e-01]
 [ 4.06211376e-01  9.54217911e-02  2.23891973e-01]
 [ 7.45420456e-02 -8.23140144e-03  1.32523775e-01]
 [ 1.08418465e-01  5.32116890e-02  2.02118516e-01]
 [ 2.20531464e-01  4.30684090e-02  9.64987278e-02]
 [-2.87981033e-02 -2.00831890e-02  3.94967794e-02]
 [ 3.68662357e-01  1.59790754e-01  2.71980286e-01]
 [ 2.69314289e-01  1.01141930e-01  9.11433697e-02]
 [ 9.29770470e-02  5.18789291e-02  2.80564070e-01]] 
socre, org, ref: 
[[0.49800897 0.00096537]
 [0.49800897 0.00371355]
 [0.49800897 0.00113431]
 [0.49800897 0.01724911]
 [0.49800897 0.00353047]
 [0.49800897 0.00981435]
 [0.49800897 0.00205416]
 [0.51319766 0.08192561]
 [0.49800897 0.00078821]
 [0.2880499  0.00352495]
 [0.3324338  0.00072631]
 [0.32975578 0.06896318]
 [0.17350006 0.01519183]
 [0.22639024 0.06798328]
 [0.47101903 0.14024566]
 [0.42095864 0.09913135]
 [0.47796524 0.01427289]
 [0.5136182  0.1753484 ]
 [0.49800897 0.00613472]] 
obj_id: 173 =============
xyz_diff, org - ref: 
[[ 1.67930181e-02 -1.46353827e-01 -1.12822701e-01]
 [ 4.52081557e+00  2.74717211e+00 -1.72015621e-01]
 [ 5.40488265e+00  2.48424889e+00 -1.78276976e-01]
 [ 5.56619817e+00  3.16813448e+00  8.83441306e-02]
 [ 4.01370377e-02  2.28023994e-02  5.36278187e-02]
 [ 4.86288551e-03 -8.66440293e-02 -8.77951657e-02]
 [ 6.15309506e-02 -1.19880917e-02 -5.54206853e-02]
 [ 4.30983135e-02 -4.14977487e-02 -3.96446806e-02]
 [ 6.12913145e-02  9.00022565e-03 -4.07385535e-02]
 [ 6.85179505e-03 -2.21142110e-02 -4.65238003e-02]
 [ 2.90697747e-02 -4.05210041e-02 -5.84936225e-02]
 [ 3.19545831e-02 -7.08266584e-02 -4.69492086e-02]
 [-9.93787305e-03 -1.81750649e-02 -4.81337605e-02]
 [ 9.13751529e-03 -5.00869277e-02 -7.81446051e-02]] 
lwh_diff, org - ref: 
[[-0.07979536 -0.05101299  0.01017928]
 [-0.07979536 -0.05101299  0.01017928]
 [-0.07979536 -0.05101299  0.01017928]
 [-0.07979536 -0.05101299  0.01017928]
 [ 0.12683296  0.03837848  0.1032424 ]
 [-0.07979536 -0.05101299  0.01017928]
 [ 0.03046322 -0.01650476  0.00413179]
 [ 0.02417326 -0.02113771  0.00793779]
 [ 0.17984915  0.01729798  0.06407797]
 [ 0.03284836 -0.00450706  0.00931108]
 [ 0.17032003 -0.00375605  0.02912712]
 [ 0.11988068 -0.05770969 -0.02647328]
 [ 0.038311   -0.04589462 -0.02442789]
 [ 0.04133177 -0.01918602 -0.01711166]] 
socre, org, ref: 
[[0.45570126 0.61743945]
 [0.45570126 0.00359751]
 [0.45570126 0.00323456]
 [0.45570126 0.00483922]
 [0.28265402 0.85876256]
 [0.45570126 0.90218556]
 [0.35259384 0.8967942 ]
 [0.5013903  0.9050614 ]
 [0.4843501  0.88750434]
 [0.5270857  0.902632  ]
 [0.5118393  0.9012094 ]
 [0.4225003  0.8932643 ]
 [0.53543097 0.8987858 ]
 [0.48132896 0.9085684 ]] 
obj_id: 591 =============
xyz_diff, org - ref: 
[[ 0.00688831  0.00246444  0.01149661]
 [ 0.0033064  -0.00277345  0.00963746]
 [ 0.00175599 -0.00045045  0.01077385]
 [ 0.0026866   0.007809    0.0112124 ]
 [ 0.01779014  0.00801092  0.01239734]
 [ 0.00971711  0.01159911  0.01673066]
 [-0.00255625  0.00668594  0.0104928 ]
 [ 0.00733799  0.00405476  0.01162422]
 [ 0.01382404  0.00090398  0.01022233]] 
lwh_diff, org - ref: 
[[ 0.08492708 -0.02298117  0.00496578]
 [ 0.0828805  -0.03375387 -0.00475895]
 [ 0.04570389 -0.04362345  0.00031888]
 [-0.12155628 -0.0842073   0.0137428 ]
 [-0.11329508 -0.0658102  -0.00029612]
 [-0.0173521  -0.02737641  0.03306544]
 [-0.01542187 -0.0334599   0.02807689]
 [ 0.07529736 -0.01401114  0.01799488]
 [-0.10124779 -0.07158327 -0.00053084]] 
socre, org, ref: 
[[0.5147728  0.93522066]
 [0.5192917  0.9301473 ]
 [0.5556213  0.93119395]
 [0.53099495 0.93629855]
 [0.44204897 0.91925293]
 [0.6158538  0.9376255 ]
 [0.62299716 0.93446195]
 [0.60145736 0.94336855]
 [0.6171341  0.9421439 ]] 
obj_id: 1023 =============
xyz_diff, org - ref: 
[[ 0.23593918 -0.09494474 -0.12014523]
 [ 0.15981995 -0.11737488 -0.09556613]
 [ 0.00838958 -0.02193342 -0.04425539]
 [ 0.01955948 -0.05029643 -0.05429068]
 [-0.00168515  0.04287596 -0.03044527]
 [ 0.03515842 -0.05391673 -0.09137868]
 [-0.00577451 -0.11013837  0.00619041]] 
lwh_diff, org - ref: 
[[-0.03526211 -0.00539494  0.06456995]
 [-0.03526211 -0.00539494  0.06456995]
 [-0.03526211 -0.00539494  0.06456995]
 [ 0.04157591 -0.01217103  0.00747311]
 [-0.04310703  0.00214148  0.07687593]
 [-0.05142355  0.00849342  0.07565844]
 [ 0.01141167  0.01587367  0.09250164]] 
socre, org, ref: 
[[0.06673259 0.31064028]
 [0.35585332 0.83236384]
 [0.35585332 0.937992  ]
 [0.37726712 0.9343697 ]
 [0.4107941  0.9315136 ]
 [0.4392574  0.934662  ]
 [0.43014923 0.93590796]] 
obj_id: 968 =============
xyz_diff, org - ref: 
[[ 0.00762097 -0.09231993 -0.02664886]
 [ 0.08878706 -0.06266149  0.006704  ]
 [ 0.14669362 -0.07955865  0.02218486]
 [ 0.00607729 -0.04102072  0.02276893]
 [-0.00813391  0.01999675  0.00975788]] 
lwh_diff, org - ref: 
[[-0.18491936  0.01899123 -0.00238073]
 [-0.18177032 -0.00918007  0.06591332]
 [-0.02992582  0.04184031  0.20000291]
 [-0.11804724 -0.00984931 -0.00813591]
 [-0.1365881   0.00785732  0.02668428]] 
socre, org, ref: 
[[0.2577029  0.8904563 ]
 [0.1091035  0.8348513 ]
 [0.15539125 0.8545988 ]
 [0.1044442  0.838785  ]
 [0.30498594 0.87683237]] 
obj_id: 2 =============
xyz_diff, org - ref: 
[[-0.00065716 -0.03093218  0.00998516]
 [-0.00327301 -0.02726084  0.01285678]
 [-0.00157639 -0.03238467  0.01279962]
 [-0.00134671 -0.02379241  0.01258204]
 [ 0.00087465 -0.02487438  0.01296504]
 [-0.0037346  -0.0197281   0.01560605]
 [-0.00215068 -0.00663101  0.0145915 ]
 [-0.01076744 -0.01066755  0.0108193 ]] 
lwh_diff, org - ref: 
[[ 0.26051235  0.05839992  0.04653966]
 [ 0.08826399  0.02752566  0.03524232]
 [ 0.24249268  0.04543662  0.02873194]
 [ 0.11975527  0.05310655  0.02537954]
 [ 0.1040473   0.02884626  0.03621185]
 [ 0.07653809  0.01173019  0.02808547]
 [ 0.0656929  -0.002527    0.0242523 ]
 [-0.02731848 -0.0239296   0.00899184]] 
socre, org, ref: 
[[0.4935985  0.92006177]
 [0.54365575 0.93303263]
 [0.4804922  0.92907476]
 [0.5639988  0.92465985]
 [0.5455051  0.9244653 ]
 [0.57986176 0.9238915 ]
 [0.53257626 0.9397286 ]
 [0.47433808 0.9326625 ]] 
obj_id: 290 =============
xyz_diff, org - ref: 
[[ 6.38988188e-03  2.26259042e-02  2.10983855e-02]
 [ 8.82089118e-04  1.76894587e-02  1.55500443e-02]
 [-2.26805401e-03  1.63043445e-02  1.35161287e-02]
 [-3.84888688e-05  3.10090991e-02  7.41038361e-03]
 [ 9.77992377e-03  2.80917247e-02  1.91114756e-02]
 [ 3.93329555e-03  6.65421039e-02  8.89549591e-03]] 
lwh_diff, org - ref: 
[[-0.00503969 -0.01797771  0.00310743]
 [ 0.06300831 -0.00664997  0.01524448]
 [ 0.08231306  0.00765061  0.02132571]
 [ 0.0983572   0.02186155  0.01572919]
 [ 0.01960278 -0.00164413  0.0125351 ]
 [ 0.1170125   0.01534033  0.03107846]] 
socre, org, ref: 
[[0.45307833 0.7849106 ]
 [0.45497948 0.85369045]
 [0.5085445  0.7311428 ]
 [0.4661307  0.85462755]
 [0.39024958 0.860613  ]
 [0.4807172  0.87458086]] 
obj_id: 174 =============
xyz_diff, org - ref: 
[[ 0.02859312  0.02306808  0.02271631]
 [ 0.03466278  0.04347461 -0.00765737]
 [ 0.03140057  0.00699864 -0.01085575]
 [ 0.01720737  0.01628049 -0.00091856]
 [ 0.00878103  0.03581148  0.0111853 ]
 [ 0.00734194  0.02907339  0.01092563]
 [-0.01720221  0.02797424  0.006025  ]
 [-0.02185168 -0.00459078  0.0005494 ]
 [-0.01910372 -0.01502178 -0.00255251]] 
lwh_diff, org - ref: 
[[ 0.22224903  0.04640579  0.15628481]
 [ 0.22224903  0.04640579  0.15628481]
 [ 0.77557659 -0.01179361  0.06813359]
 [ 0.8140955   0.02944541  0.08038926]
 [ 0.61626816  0.0483036   0.20504045]
 [ 0.63025665 -0.0216198   0.11307478]
 [ 0.31344032 -0.00998235  0.12577868]
 [ 0.33610439 -0.02629948  0.06685805]
 [ 0.4312315  -0.01773667  0.08474374]] 
socre, org, ref: 
[[0.07813589 0.00261209]
 [0.2768929  0.6254713 ]
 [0.4362174  0.88198984]
 [0.42222598 0.8948008 ]
 [0.5273695  0.91995955]
 [0.53372586 0.9216275 ]
 [0.43322003 0.93243384]
 [0.5698747  0.935333  ]
 [0.4668419  0.93311185]] 
ABC002_1729065639: 
obj_id: 0 =============
xyz_diff, org - ref: 
[[-2.50419345e-03 -3.40711214e-02  1.08448966e-02]
 [ 9.99333741e-04 -2.55165620e-02  1.87177793e-02]
 [-4.33507316e-03 -3.44897426e-02  9.08739613e-03]
 [-2.17532342e-03 -3.35565362e-02  6.42109993e-03]
 [-1.52686488e-03 -3.02039128e-02  3.65828597e-03]
 [-2.67449358e-03 -2.55892490e-02  3.20940199e-03]
 [-2.85544400e-03 -2.34309270e-02  5.68144289e-04]
 [-1.19712369e-03 -2.17102119e-02  3.32798566e-03]
 [-4.14266291e-03 -1.94477054e-02  8.60380932e-03]
 [-2.55727719e-03 -5.78692699e-03  1.78016973e-02]
 [ 7.68065926e-03 -1.17286904e-03  1.67721827e-02]
 [ 4.62818065e-03 -1.13292061e-03  2.01495853e-02]
 [-5.22771230e-03  5.51866170e-03  1.26173823e-02]
 [-5.25663438e-03  4.17632250e-03  1.61704786e-02]
 [-6.09617119e-03  1.47945484e-03  1.45998334e-02]
 [-1.59664592e-03 -5.32047963e-03  1.01703100e-02]
 [-7.14354064e-03  4.40032144e-03  7.59848842e-03]
 [-5.98134911e-03  2.14156194e-03  1.26492873e-02]
 [-6.78062889e-03 -4.89468577e-05  1.10598555e-02]
 [ 8.49957157e-04 -2.55689429e-03  1.27441073e-02]
 [-1.31838000e-03  6.59751494e-03  7.46060025e-03]
 [-3.38268771e-03  4.01727786e-03  9.16379141e-03]
 [ 3.19939714e-03  4.86761524e-03  8.04443914e-03]
 [ 8.42557592e-03 -6.25250420e-05  2.07550380e-03]
 [ 1.53270069e-02  9.30608361e-04  8.99144709e-04]
 [ 1.32446701e-02 -1.42250832e-03 -6.46791825e-04]
 [ 1.27833393e-02  5.94547621e-04  6.00024179e-03]
 [ 1.47307395e-02  1.83484547e-03  5.85124780e-03]
 [ 1.03399010e-02 -9.76788636e-03  8.32487573e-03]
 [ 1.31401364e-02 -1.36193228e-02  7.22115305e-03]
 [ 1.35183283e-02 -6.16000199e-02  6.72102242e-03]] 
lwh_diff, org - ref: 
[[ 0.17046452 -0.01058507 -0.01067042]
 [ 0.01529169 -0.03730321  0.0482527 ]
 [ 0.15098619 -0.0049181  -0.00285161]
 [ 0.15920544  0.02188087  0.05508852]
 [ 0.05150366 -0.02511883 -0.02131796]
 [ 0.26182842  0.00582671 -0.00586259]
 [ 0.14144373 -0.02069187 -0.01984799]
 [ 0.14894819  0.00796366  0.01841938]
 [ 0.06855679 -0.04138899 -0.04025328]
 [ 0.09580278 -0.02966166  0.00086904]
 [ 0.14187098 -0.01390934  0.01122844]
 [-0.03138781 -0.03981256  0.03734028]
 [ 0.11569548 -0.04055405 -0.0436554 ]
 [ 0.08344841 -0.03096342 -0.00102174]
 [ 0.16840506 -0.02496195 -0.02904153]
 [ 0.16577864 -0.01516008  0.001912  ]
 [ 0.12966728 -0.01222801 -0.01143205]
 [ 0.22110271  0.02414632  0.05977392]
 [ 0.11340237 -0.01639557 -0.00630343]
 [ 0.11340237 -0.01639557 -0.00630343]
 [ 0.18352127 -0.01861763  0.02870476]
 [ 0.10804224 -0.01907277 -0.00436461]
 [ 0.32006359  0.0038321   0.0840261 ]
 [ 0.08458376 -0.01904225  0.02991569]
 [ 0.27692175  0.01681638  0.03635836]
 [ 0.10982418 -0.00604749  0.08983278]
 [ 0.18429327 -0.00143576  0.06118131]
 [ 0.23534489  0.04193163  0.0718205 ]
 [ 0.20935822  0.01480007  0.10283053]
 [ 0.26404905  0.01314974  0.1010052 ]
 [ 0.26404905  0.01314974  0.1010052 ]] 
socre, org, ref: 
[[0.48532316 0.93087095]
 [0.12570107 0.9163686 ]
 [0.497032   0.9334542 ]
 [0.5667349  0.9359143 ]
 [0.5923283  0.93132484]
 [0.5284046  0.9288751 ]
 [0.62072176 0.9280237 ]
 [0.6026631  0.9311952 ]
 [0.55194724 0.9294987 ]
 [0.5795863  0.9339481 ]
 [0.5597063  0.9329726 ]
 [0.55199623 0.9295213 ]
 [0.57956976 0.93607813]
 [0.5604704  0.9371803 ]
 [0.54893667 0.94132704]
 [0.5341641  0.9369766 ]
 [0.58165944 0.94346476]
 [0.56479365 0.9401017 ]
 [0.5063774  0.9391243 ]
 [0.09401861 0.2796853 ]
 [0.14598857 0.41667196]
 [0.44096544 0.90071446]
 [0.46066543 0.9345963 ]
 [0.5121423  0.9350422 ]
 [0.51261586 0.9188054 ]
 [0.4830871  0.92460346]
 [0.48577517 0.91956884]
 [0.49443647 0.9165371 ]
 [0.40571254 0.90663123]
 [0.38188466 0.8877686 ]
 [0.0472221  0.01313349]] 
obj_id: 1 =============
xyz_diff, org - ref: 
[[-1.41143356e-03  1.40916105e-04  5.43830335e-03]
 [-1.11982706e-03  5.61042239e-03  5.42082309e-03]
 [-5.96635283e-04  2.50675213e-03  4.16813789e-03]
 [-3.43217433e-03  3.18242787e-03  5.51775071e-03]
 [-3.76945562e-03  5.14439271e-03  3.69913511e-03]
 [-4.13007814e-03  7.45042811e-03  4.53586496e-03]
 [-4.22031481e-03  8.63933850e-03  3.88319136e-03]
 [-3.62210750e-03  6.29439503e-03  5.22190739e-03]
 [-3.03433537e-03  8.77322233e-03  2.95392461e-03]
 [-4.09193555e-03  1.36108571e-02  2.57553877e-03]
 [-2.83391127e-03  1.40522568e-02  4.03470754e-03]
 [-4.21447658e-03  2.18517575e-02  9.15613421e-04]
 [-8.82003202e-03  1.68061858e-02  1.52214322e-02]
 [-5.99894397e-03  1.95359236e-02  1.44159968e-02]
 [-1.03441262e-03  3.67885990e-02  2.92368684e-03]
 [-5.35046868e-03  2.48953196e-02  1.08458959e-02]
 [-1.31811811e-02  3.00640525e-02  9.77694651e-03]
 [-1.48589879e-02  3.69976742e-02  4.62056964e-03]
 [-1.39739362e-02  3.96439253e-02  3.60226356e-03]
 [-1.43594650e-02  4.28443397e-02  2.10753896e-03]
 [-9.22125686e-03  3.52707126e-02  3.21689966e-03]
 [-1.10012256e-02  3.17456391e-02  4.61900389e-03]
 [-9.52877070e-03  4.37427155e-02  2.62821266e-03]
 [-5.53653349e-03  4.59391832e-02  2.20516098e-03]
 [-8.21318460e-03  4.38397352e-02 -2.17127467e-03]
 [-8.81057441e-03  4.45825673e-02 -4.33682268e-03]
 [-1.01043127e-02  4.82796410e-02 -4.69196010e-03]
 [-1.33300926e-02  4.75677149e-02 -1.12526472e-02]
 [-1.59150141e-02  4.40958084e-02 -4.20288375e-04]
 [-1.45604577e-02  4.71143123e-02  1.05081718e-03]
 [ 1.07109479e-03  4.89253890e-02 -4.15102305e-05]
 [-3.94795022e-03  4.77028847e-02 -6.72107514e-03]
 [ 1.39263874e-04  5.32083222e-02  4.10115901e-03]
 [-4.46542974e-03  5.12389313e-02  3.19923080e-03]
 [-2.74474940e-03  4.84159237e-02 -1.63739505e-05]
 [-7.05752917e-03  3.87997173e-02  1.99343053e-03]
 [-2.18791351e-03  4.57442980e-02  4.33861903e-03]
 [ 9.30105769e-04  4.14952196e-02  3.24721196e-03]
 [ 1.38623100e-03  3.99141680e-02  3.61538328e-03]
 [ 4.61551301e-03  3.85030730e-02  3.58268051e-03]] 
lwh_diff, org - ref: 
[[ 0.21768999  0.11387122 -0.02654266]
 [ 0.00962257  0.09380066 -0.00764656]
 [-0.02875662  0.05070412 -0.00994897]
 [ 0.10959959  0.14049971  0.00234461]
 [-0.03902769  0.06777322 -0.00243211]
 [ 0.08895206  0.08624995 -0.03537321]
 [ 0.02943563  0.09501803 -0.05931497]
 [ 0.14600277  0.10594285 -0.07206798]
 [ 0.16934681  0.13114059 -0.02486992]
 [ 0.05330896  0.12171519 -0.04368973]
 [-0.00733328  0.07007396 -0.10159087]
 [ 0.04037809  0.07768452 -0.07444501]
 [ 0.08512306  0.0453285   0.01360679]
 [-0.0122304   0.02707016 -0.08694279]
 [ 0.22286654  0.11259353 -0.13240898]
 [-0.16917372  0.0263623  -0.12831593]
 [ 0.08560419  0.08573353 -0.01531601]
 [ 0.21988201  0.15583718 -0.06305838]
 [ 0.13083076  0.12277162 -0.06354475]
 [-0.03325272  0.06875861 -0.11781621]
 [ 0.11658669  0.10001767 -0.07458377]
 [ 0.09805489  0.10705292  0.00346303]
 [ 0.25911617  0.16401231 -0.09911299]
 [ 0.47044277  0.23906481 -0.06643271]
 [ 0.52231359  0.23112023 -0.01738405]
 [ 0.58226156  0.1842109   0.0058229 ]
 [ 0.66627312  0.19910967  0.01412201]
 [ 0.66627312  0.19910967  0.01412201]
 [ 0.28963757  0.1086551  -0.07375216]
 [ 0.24009323  0.04812992 -0.04364896]
 [ 0.17153263  0.05794513 -0.04129076]
 [ 0.03097391  0.08802783 -0.07881045]
 [ 0.38216162  0.11412728 -0.10442317]
 [ 0.30875492  0.12082422 -0.10218477]
 [ 0.17269611  0.13035047 -0.12871456]
 [ 0.53365374  0.13609397 -0.00507593]
 [ 0.30338192  0.1095823  -0.06245208]
 [ 0.08768511  0.07855761 -0.18654537]
 [ 0.28041029  0.14060533 -0.17151105]
 [ 0.62714052  0.18138611 -0.24570286]] 
socre, org, ref: 
[[0.44849575 0.3172187 ]
 [0.42793417 0.21055622]
 [0.4901759  0.35948485]
 [0.46656823 0.15920995]
 [0.49297112 0.18421304]
 [0.5150486  0.20148616]
 [0.5169528  0.1248231 ]
 [0.57506776 0.26926252]
 [0.57192403 0.13726924]
 [0.5016066  0.13510822]
 [0.48473033 0.1541358 ]
 [0.4403648  0.27378115]
 [0.37702772 0.15820698]
 [0.37736493 0.10376787]
 [0.470078   0.03002072]
 [0.4680646  0.09869726]
 [0.4104522  0.04625906]
 [0.35830298 0.01143198]
 [0.53216594 0.14705473]
 [0.43269894 0.07170931]
 [0.5212582  0.17875914]
 [0.44935593 0.41133755]
 [0.566241   0.4247624 ]
 [0.3040101  0.5008059 ]
 [0.30582663 0.7198731 ]
 [0.35507146 0.71978277]
 [0.3588327  0.802706  ]
 [0.3588327  0.7192411 ]
 [0.46865812 0.7026659 ]
 [0.45622197 0.8359683 ]
 [0.4594672  0.824884  ]
 [0.4273914  0.6617186 ]
 [0.53551316 0.8231302 ]
 [0.53379756 0.62269306]
 [0.4949409  0.65056133]
 [0.38549858 0.21570817]
 [0.48746935 0.34838265]
 [0.421532   0.34833774]
 [0.35782206 0.448256  ]
 [0.37562558 0.3315792 ]] 
obj_id: 697 =============
xyz_diff, org - ref: 
[[-2.70171356e+00 -5.69987826e+01 -1.87402981e+00]
 [-1.65240921e+00 -8.60818923e+01 -3.17397591e+00]
 [-1.65240921e+00 -8.60818923e+01 -3.17397591e+00]
 [-1.65240921e+00 -8.60818923e+01 -3.17397591e+00]
 [-1.65240921e+00 -8.60818923e+01 -3.17397591e+00]
 [-1.65240921e+00 -8.60818923e+01 -3.17397591e+00]
 [-1.65240921e+00 -8.60818923e+01 -3.17397591e+00]
 [-1.65240921e+00 -8.60818923e+01 -3.17397591e+00]
 [-1.65240921e+00 -8.60818923e+01 -3.17397591e+00]
 [-1.65240921e+00 -8.60818923e+01 -3.17397591e+00]
 [-1.65240921e+00 -8.60818923e+01 -3.17397591e+00]
 [-1.65240921e+00 -8.60818923e+01 -3.17397591e+00]
 [-1.65240921e+00 -8.60818923e+01 -3.17397591e+00]
 [-1.65240921e+00 -8.60818923e+01 -3.17397591e+00]
 [-1.65240921e+00 -8.60818923e+01 -3.17397591e+00]
 [-1.65240921e+00 -8.60818923e+01 -3.17397591e+00]
 [-1.65240921e+00 -8.60818923e+01 -3.17397591e+00]
 [-1.65240921e+00 -8.60818923e+01 -3.17397591e+00]
 [-1.65240921e+00 -8.60818923e+01 -3.17397591e+00]
 [-1.65240921e+00 -8.60818923e+01 -3.17397591e+00]
 [-1.65240921e+00 -8.60818923e+01 -3.17397591e+00]
 [-1.65240921e+00 -8.60818923e+01 -3.17397591e+00]
 [-6.34034028e-01 -3.98230923e+01 -1.69754090e+00]
 [-1.65240921e+00 -8.60818923e+01 -3.17397591e+00]
 [-1.65240921e+00 -8.60818923e+01 -3.17397591e+00]
 [ 6.90863406e-02 -4.05754606e+01 -1.80861993e+00]
 [-2.74407742e-01 -4.39118647e+01 -1.34433611e+00]
 [ 1.79945379e-01 -6.85754810e+01 -2.46777829e+00]] 
lwh_diff, org - ref: 
[[ 0.02632427 -0.04798174  0.01639962]
 [ 0.02632427 -0.04798174  0.01639962]
 [ 0.02632427 -0.04798174  0.01639962]
 [ 0.02632427 -0.04798174  0.01639962]
 [ 0.02632427 -0.04798174  0.01639962]
 [ 0.02632427 -0.04798174  0.01639962]
 [ 0.02632427 -0.04798174  0.01639962]
 [ 0.02632427 -0.04798174  0.01639962]
 [ 0.02632427 -0.04798174  0.01639962]
 [ 0.02632427 -0.04798174  0.01639962]
 [ 0.02632427 -0.04798174  0.01639962]
 [ 0.02632427 -0.04798174  0.01639962]
 [ 0.02632427 -0.04798174  0.01639962]
 [ 0.02632427 -0.04798174  0.01639962]
 [ 0.02632427 -0.04798174  0.01639962]
 [ 0.02632427 -0.04798174  0.01639962]
 [ 0.02632427 -0.04798174  0.01639962]
 [ 0.02632427 -0.04798174  0.01639962]
 [ 0.02632427 -0.04798174  0.01639962]
 [ 0.02632427 -0.04798174  0.01639962]
 [ 0.02632427 -0.04798174  0.01639962]
 [ 0.02632427 -0.04798174  0.01639962]
 [ 0.02632427 -0.04798174  0.01639962]
 [ 0.02632427 -0.04798174  0.01639962]
 [ 0.02632427 -0.04798174  0.01639962]
 [ 0.07488775 -0.02627683  0.07903218]
 [ 0.07488775 -0.02627683  0.07903218]
 [ 0.16469336 -0.00120687  0.14589643]] 
socre, org, ref: 
[[0.03265511 0.03020659]
 [0.39992654 0.00237088]
 [0.39992654 0.00237088]
 [0.39992654 0.00237088]
 [0.39992654 0.00237088]
 [0.39992654 0.00237088]
 [0.39992654 0.00237088]
 [0.39992654 0.00237088]
 [0.39992654 0.00237088]
 [0.39992654 0.00237088]
 [0.39992654 0.00237088]
 [0.39992654 0.00237088]
 [0.39992654 0.00237088]
 [0.39992654 0.00237088]
 [0.39992654 0.00237088]
 [0.39992654 0.00237088]
 [0.39992654 0.00237088]
 [0.39992654 0.00237088]
 [0.39992654 0.00237088]
 [0.39992654 0.00237088]
 [0.39992654 0.00237088]
 [0.39992654 0.00237088]
 [0.39992654 0.14949624]
 [0.39992654 0.00237088]
 [0.39992654 0.00237088]
 [0.25488058 0.06384513]
 [0.04977967 0.00108607]
 [0.12579347 0.00969708]] 
obj_id: 541 =============
xyz_diff, org - ref: 
[[ 3.31455690e-02  4.71137635e+01  1.87890717e+00]
 [ 3.12413395e-01  2.73444382e+01  9.00058121e-01]
 [ 3.12413395e-01  2.73444382e+01  9.00058121e-01]
 [-3.33582292e-02  3.75789213e-02  1.20152200e-01]
 [ 3.62226629e-01  9.95348962e+00  3.98481366e-01]
 [-5.91828488e-01  3.59501560e+01  1.94398889e+00]
 [ 8.07440106e-01  2.57923287e+01  1.15280620e+00]
 [ 8.07440106e-01  2.57923287e+01  1.15280620e+00]
 [ 8.07440106e-01  2.57923287e+01  1.15280620e+00]
 [ 8.07440106e-01  2.57923287e+01  1.15280620e+00]
 [ 8.07440106e-01  2.57923287e+01  1.15280620e+00]
 [-2.63681076e-01  6.56363006e+00  4.52452829e-01]
 [-4.65468546e-01  1.55166134e+01  4.56026781e-01]] 
lwh_diff, org - ref: 
[[-0.10758591  0.00479102  0.04143476]
 [-0.10758591  0.00479102  0.04143476]
 [-0.10758591  0.00479102  0.04143476]
 [ 0.20692396  0.08899784  0.16239023]
 [ 0.20692396  0.08899784  0.16239023]
 [ 0.10538769  0.01022768  0.11832714]
 [ 0.10538769  0.01022768  0.11832714]
 [ 0.10538769  0.01022768  0.11832714]
 [ 0.10538769  0.01022768  0.11832714]
 [ 0.10538769  0.01022768  0.11832714]
 [ 0.10538769  0.01022768  0.11832714]
 [-0.01404619 -0.03855491  0.06848192]
 [-0.01404619 -0.03855491  0.06848192]] 
socre, org, ref: 
[[0.4302248  0.32128787]
 [0.4302248  0.00059756]
 [0.4302248  0.00059756]
 [0.3797367  0.14285406]
 [0.3797367  0.00082376]
 [0.10178436 0.02729668]
 [0.08872738 0.00122179]
 [0.08872738 0.00122179]
 [0.08872738 0.00122179]
 [0.08872738 0.00122179]
 [0.08872738 0.00122179]
 [0.3572552  0.14194405]
 [0.06833541 0.00070993]] 
obj_id: 568 =============
xyz_diff, org - ref: 
[[-2.61973632e-02 -7.72103352e-02  1.62203109e-02]
 [ 7.35824290e-01  1.34209761e+01  4.74569993e-01]
 [ 7.35824290e-01  1.34209761e+01  4.74569993e-01]
 [ 9.91077639e-01  2.64876506e+01  1.15309201e+00]
 [ 5.33917998e-01  1.72155471e+01  6.85767285e-01]
 [ 1.19277996e+00  3.06695289e+01  1.28267080e+00]
 [ 1.52588948e+00  3.24491398e+01  1.32566348e+00]
 [ 1.52588948e+00  3.24491398e+01  1.32566348e+00]
 [ 1.52588948e+00  3.24491398e+01  1.32566348e+00]
 [ 1.52588948e+00  3.24491398e+01  1.32566348e+00]
 [ 1.52588948e+00  3.24491398e+01  1.32566348e+00]
 [ 2.41281542e-03  1.54351785e-01  1.07731304e-01]] 
lwh_diff, org - ref: 
[[-0.08610821 -0.01465392  0.01260948]
 [-0.08610821 -0.01465392  0.01260948]
 [-0.08610821 -0.01465392  0.01260948]
 [-0.16272593 -0.02908635  0.0515064 ]
 [-0.16272593 -0.02908635  0.0515064 ]
 [ 0.18625975  0.07022929  0.13479352]
 [ 0.18625975  0.07022929  0.13479352]
 [ 0.18625975  0.07022929  0.13479352]
 [ 0.18625975  0.07022929  0.13479352]
 [ 0.18625975  0.07022929  0.13479352]
 [ 0.18625975  0.07022929  0.13479352]
 [ 0.02087641 -0.01109958 -0.0253216 ]] 
socre, org, ref: 
[[4.5345494e-01 7.0358582e-02]
 [4.5345494e-01 6.2283652e-04]
 [4.5345494e-01 6.2283652e-04]
 [5.1959366e-01 1.5127199e-04]
 [5.1959366e-01 2.2272577e-03]
 [5.1721656e-01 1.4961237e-04]
 [4.5750752e-02 3.2569757e-03]
 [4.5750752e-02 3.2569757e-03]
 [4.5750752e-02 3.2569757e-03]
 [4.5750752e-02 3.2569757e-03]
 [4.5750752e-02 3.2569757e-03]
 [5.0721484e-01 1.5742062e-02]] 
ABC001_1733643332: 
obj_id: 8 =============
xyz_diff, org - ref: 
[[ 1.41753900e+00  2.53887206e+01  6.38482811e-01]
 [ 2.68155205e+00  3.83760557e+01  9.57263172e-01]
 [ 1.84490497e+00  3.99852514e+01  9.89955765e-01]
 [ 1.16870442e+00  3.83816686e+01  9.33438409e-01]
 [ 1.43625464e+00  3.74961463e+01  9.07584907e-01]
 [ 1.86217464e+00  3.33317879e+01  8.43609348e-01]
 [ 3.72872400e-01  2.56039866e+01  6.81638625e-01]
 [ 1.40760565e+00  3.69206917e+01  9.26103710e-01]
 [ 8.35146890e-01  3.20550214e+01  8.32517178e-01]
 [ 4.74802695e-01  2.27269154e+01  5.79576946e-01]
 [ 7.85476336e-01  3.46420627e+01  8.71283258e-01]
 [ 4.96018965e-01  2.39647763e+01  6.10813725e-01]
 [ 3.14652846e-01  1.36747196e+01  3.31797727e-01]
 [ 9.24112385e-01  3.19366700e+01  7.82125840e-01]
 [ 3.47377026e-01  1.89354738e+01  4.70872696e-01]
 [ 2.30753805e-01  6.29502529e+00  1.39637617e-01]
 [ 7.19777799e-02  1.75322502e+00  4.04275434e-02]
 [ 1.14590897e-01  2.24244592e+00  5.25048676e-02]
 [ 1.33743076e-01  3.57424073e+00  3.82265048e-02]
 [-2.40075894e-01 -1.17010229e+01 -2.38134169e-01]
 [ 9.89556876e-02 -2.58819910e+00 -6.93520293e-02]
 [ 2.14647655e-03 -2.70100389e+00 -1.50262764e-01]
 [-3.41349727e-01 -1.21070810e+01 -2.03299350e-01]
 [-2.30175953e-01 -1.08610040e+01 -1.71384714e-01]
 [ 1.99046710e-01  7.13419972e+00  1.44621612e-01]
 [-1.87702778e-01 -8.81843416e+00 -1.65165992e-01]
 [-5.40303070e-02 -2.12211449e+00 -1.15343232e-01]
 [-1.21730499e-01 -5.87924984e+00 -1.29025994e-01]
 [-1.64773450e-01 -7.25693622e+00 -1.04778977e-01]
 [-3.81405775e-01  1.15401391e+01  3.31071800e-01]
 [-3.57805748e-01 -8.59342826e+00 -1.44263941e-01]
 [-3.70688358e-01 -9.72799026e+00 -1.99154447e-01]
 [-4.33901632e-01 -1.38373044e+01 -3.32575770e-01]
 [-4.26346082e-01 -1.29614189e+01 -3.08647815e-01]
 [-2.71130551e-01 -9.24597933e+00 -2.87426038e-01]
 [-1.01133852e-01 -9.00205154e+00 -2.76853797e-01]] 
lwh_diff, org - ref: 
[[-0.28705359 -0.03003883  0.23791325]
 [-0.14361    -0.02701044  0.16948521]
 [-0.07756042 -0.03673196 -0.04000854]
 [-0.12758207 -0.02697539  0.12847102]
 [-0.06383991  0.00202703  0.11162198]
 [ 0.15708303  0.05415678  0.30268908]
 [-0.39015341 -0.08113885  0.20739293]
 [-0.08086586 -0.05820036 -0.05717289]
 [-0.03567505 -0.05417275 -0.04455805]
 [-0.36804104 -0.08245528  0.08372653]
 [-0.10925531 -0.07699585 -0.05813992]
 [-0.2052989  -0.04209113  0.19805551]
 [ 0.25346088  0.0788095   0.42205584]
 [-0.11533165 -0.0385747   0.02199101]
 [ 0.06844187 -0.00881171 -0.02396977]
 [-0.24015379 -0.09741724 -0.06032002]
 [ 0.05827999 -0.00147915  0.11350942]
 [-0.2086339  -0.0508225   0.23126352]
 [ 0.01014757 -0.03497696 -0.03188396]
 [-0.34293222 -0.08222079  0.03882265]
 [-0.11950064 -0.0477612   0.11370623]
 [ 0.16800117 -0.00640821 -0.00480819]
 [ 0.16800117 -0.00640821 -0.00480819]
 [ 0.16800117 -0.00640821 -0.00480819]
 [-0.13272238 -0.03741717  0.08282936]
 [-0.25824404 -0.05042267  0.03731644]
 [-0.13936996 -0.0517385   0.09183264]
 [ 0.06360817 -0.01103234  0.18180251]
 [-0.18102884 -0.03166342  0.18474066]
 [ 0.03722525 -0.00894666 -0.00199997]
 [ 0.03722525 -0.00894666 -0.00199997]
 [ 0.03722525 -0.00894666 -0.00199997]
 [ 0.03722525 -0.00894666 -0.00199997]
 [ 0.03722525 -0.00894666 -0.00199997]
 [ 0.00531292 -0.01313448  0.01325285]
 [-0.43407822 -0.09268141  0.08277559]] 
socre, org, ref: 
[[1.8249866e-01 1.1190858e-03]
 [2.2921669e-01 2.5441384e-04]
 [1.5655388e-01 7.7325618e-04]
 [1.4733864e-01 1.6143316e-04]
 [1.8089831e-01 5.0917221e-04]
 [1.7699371e-01 1.1048779e-03]
 [1.5260802e-01 3.8266103e-03]
 [1.8783383e-01 1.1399696e-02]
 [2.1599951e-01 3.1778959e-03]
 [2.1556593e-01 1.0776971e-04]
 [2.8803784e-01 4.0053166e-03]
 [1.8231769e-01 1.3889349e-03]
 [1.5602852e-01 5.3709507e-04]
 [1.6667238e-01 1.4670352e-04]
 [1.9197752e-01 5.5855997e-03]
 [2.1577159e-01 1.5986091e-03]
 [2.4369897e-01 3.8289055e-04]
 [2.1491176e-01 1.5144950e-03]
 [2.7530333e-01 6.1544697e-03]
 [2.3880719e-01 1.5952381e-04]
 [2.4058269e-01 7.0779450e-04]
 [2.1649346e-01 5.6059458e-03]
 [2.1649346e-01 5.7745154e-04]
 [2.1649346e-01 1.2668934e-04]
 [2.0800069e-01 2.8446649e-04]
 [2.3840368e-01 4.6768517e-04]
 [2.3100768e-01 2.9395826e-04]
 [2.0845674e-01 1.4567561e-03]
 [2.2843024e-01 2.8624560e-04]
 [2.1799397e-01 5.4586196e-04]
 [2.1799397e-01 3.7538342e-04]
 [2.1799397e-01 4.0994788e-04]
 [2.1799397e-01 4.6427441e-03]
 [2.1799397e-01 4.6831416e-04]
 [2.6829919e-01 6.2531367e-04]
 [2.4593294e-01 1.0973126e-04]] 
obj_id: 30 =============
xyz_diff, org - ref: 
[[-5.22370862e-02 -1.00374365e+00 -1.49446333e-01]
 [ 4.90906505e-01 -7.11780060e+00 -2.71552673e-01]
 [ 6.35513497e-01 -1.16221138e+01 -6.52859887e-01]
 [-4.93356040e-01  6.67831269e+00  8.67575863e-03]
 [-3.57395609e-01  4.97991457e+00  3.37324758e-01]
 [-3.59912458e-02  1.87814444e-01  4.94820917e-02]] 
lwh_diff, org - ref: 
[[-0.01507854 -0.07639432 -0.07114112]
 [-0.01507854 -0.07639432 -0.07114112]
 [-0.01507854 -0.07639432 -0.07114112]
 [-0.05769444 -0.06157207  0.03712499]
 [-0.05769444 -0.06157207  0.03712499]
 [-0.05769444 -0.06157207  0.03712499]] 
socre, org, ref: 
[[0.08067541 0.00259676]
 [0.09261743 0.01075121]
 [0.0981484  0.08298708]
 [0.10583772 0.0360916 ]
 [0.06633952 0.38136697]
 [0.06601182 0.01358371]] 
obj_id: 23 =============
xyz_diff, org - ref: 
[[ 1.22300628e-02  1.26280465e-03 -7.03943674e-02]
 [ 3.07827240e-01  6.98735341e+00 -2.23117167e-01]
 [ 6.67225903e-01  8.33607952e+00  9.70848159e-02]
 [ 2.93639056e-01  1.97622620e+01  3.65910801e-01]
 [ 3.55870696e-01  1.85789621e+01  2.69759996e-01]] 
lwh_diff, org - ref: 
[[ 0.07362032 -0.08629966  0.06073642]
 [ 0.07362032 -0.08629966  0.06073642]
 [ 0.07362032 -0.08629966  0.06073642]
 [ 0.07362032 -0.08629966  0.06073642]
 [ 0.07362032 -0.08629966  0.06073642]] 
socre, org, ref: 
[[0.1002154  0.18292394]
 [0.09934898 0.09711601]
 [0.08646691 0.01061346]
 [0.08656056 0.27056283]
 [0.07474691 0.26513955]] 
obj_id: 9 =============
xyz_diff, org - ref: 
[[-1.96307102e-01 -3.08055911e+01 -6.59786122e-01]
 [-2.31825707e-01 -2.58614023e+01 -5.53400110e-01]
 [ 1.27031024e-04 -2.67408899e+01 -6.42775155e-01]
 [-5.23849081e-02 -2.89000607e+01 -7.22500031e-01]
 [-1.33081022e-01 -2.48210020e+01 -6.02740469e-01]
 [-2.21673515e-01 -2.36139378e+01 -4.55194695e-01]
 [ 5.87674065e-02 -1.41750096e+01 -2.09479787e-01]
 [-1.99522497e-01 -2.14134386e+01 -2.86367059e-01]
 [-1.19692950e-01 -1.80048078e+01 -2.14292219e-01]
 [ 1.53411184e-02 -1.20297107e+01 -1.57136526e-01]
 [ 1.00793705e-02 -1.45873290e+01 -1.77390337e-01]
 [ 9.15925180e-02 -6.37083024e+00 -1.18471645e-01]
 [-2.62761331e-02  1.89357091e-01  2.96401885e-02]
 [ 3.06926042e-02  8.71784054e+00  2.30467811e-01]
 [ 1.74448053e-02  5.52207527e+00  1.83101183e-01]
 [ 1.09127708e-01  1.53787430e+01  4.44800137e-01]
 [ 1.26130891e-01  1.51624785e+01  4.38350277e-01]
 [ 3.54088634e-02  1.35392795e+01  3.80221639e-01]
 [-5.13986346e-02  1.20896199e+01  2.77786322e-01]
 [-3.62970496e-02  1.30425898e+01  2.98258296e-01]
 [ 2.12486905e-02  6.87857886e+00  2.18917272e-01]
 [-1.88093538e-01  2.26640872e+01  5.64457581e-01]
 [-1.22600822e-01  2.09460255e+01  5.53234192e-01]
 [-2.04794084e-01  2.91955123e+01  4.01052371e-01]
 [ 1.33272202e-03  2.44305604e+01  6.64368170e-01]
 [-2.39591358e-01  2.78269096e+01  6.56890273e-01]] 
lwh_diff, org - ref: 
[[-0.06467485 -0.04660678  0.16367173]
 [ 0.02391768 -0.05892491  0.26394856]
 [-0.05442429 -0.06412792  0.09239984]
 [-0.0210557  -0.0537498   0.02340031]
 [-0.06128693 -0.07267404 -0.04456592]
 [-0.12184572 -0.07110357  0.09637558]
 [-0.07726002 -0.07843995 -0.04400742]
 [-0.20063543 -0.09599519  0.18171728]
 [ 0.14951229 -0.01238918  0.38575244]
 [-0.13809204 -0.10160351 -0.01192117]
 [-0.13470459 -0.08522177 -0.01857448]
 [-0.11074877 -0.06650782  0.02844453]
 [-0.063097   -0.0662837   0.22931755]
 [-0.03122091 -0.05425954  0.21266472]
 [ 0.15364456  0.00645351  0.10130107]
 [-0.23621321 -0.10068357  0.00329995]
 [-0.10539818 -0.0462327   0.05738294]
 [-0.02076244 -0.05164433  0.00904679]
 [-0.02076244 -0.05164433  0.00904679]
 [-0.02076244 -0.05164433  0.00904679]
 [-0.08484173 -0.05890059  0.06220508]
 [-0.10795164 -0.08577323 -0.03854728]
 [ 0.06794882 -0.00969625  0.20754337]
 [-0.13041115 -0.05459237  0.10810065]
 [-0.2209897  -0.09426641  0.10623622]
 [ 0.01710606 -0.02200031  0.01705289]] 
socre, org, ref: 
[[0.16579188 0.00415291]
 [0.11764144 0.00511126]
 [0.18010992 0.01655472]
 [0.22067495 0.00268528]
 [0.24594274 0.01415469]
 [0.24759    0.00689973]
 [0.21880648 0.00891202]
 [0.21745709 0.00701249]
 [0.20290822 0.00443305]
 [0.32189915 0.00751154]
 [0.18272945 0.00988201]
 [0.22876708 0.01588767]
 [0.18349962 0.00645985]
 [0.18302515 0.00874936]
 [0.1464704  0.00567804]
 [0.11101732 0.01830539]
 [0.10442536 0.01186698]
 [0.12150756 0.01765363]
 [0.12150756 0.00254536]
 [0.12150756 0.00324058]
 [0.18261836 0.00325009]
 [0.14081495 0.00422162]
 [0.1435791  0.00683281]
 [0.15289608 0.00823292]
 [0.18005647 0.0065008 ]
 [0.15093371 0.00408097]] 
obj_id: 5 =============
xyz_diff, org - ref: 
[[-5.31210935e-02  5.02701742e+00  2.34760576e-01]
 [-1.60436055e-02  7.41957525e-01  7.43007272e-02]
 [-3.57608911e-02  2.26786485e+00  1.93674492e-01]
 [-1.35940700e-01  1.26062711e+01  4.02724076e-01]
 [-6.29064153e-02 -1.57853343e-02  4.19711367e-02]
 [ 8.85766699e-03  8.35643529e+00  4.59612852e-01]
 [-9.63092762e-02  8.70051079e+00  5.17132868e-01]
 [-1.26623099e-01  6.30499768e+00  3.53825211e-01]
 [ 6.17184561e-02  4.08903400e+01  1.19789335e+00]
 [-6.28916873e-01  3.33509273e+01  9.68373302e-01]
 [-7.35689452e-01  4.69975932e+01  2.04731165e+00]
 [-2.14466820e-01  4.83573481e+01  1.83788056e+00]
 [-6.59421194e-01  5.66101815e+01  2.02583643e+00]
 [ 6.93514288e-01  5.14919709e+01  1.62675743e+00]
 [-1.21956045e-02  5.78190437e+01  2.05922587e+00]
 [-6.48980702e-01  5.62141398e+01  2.13575034e+00]
 [-6.83509807e-01  4.45226061e+01  1.72006837e+00]
 [-7.42768960e-01  4.25918205e+01  1.05312049e+00]
 [-3.17960608e-01  5.46166489e+01  1.30283150e+00]
 [-3.79945739e-01  1.66320166e+01  3.72736129e-01]
 [-5.04791322e-02  3.35160985e-01  2.18683217e-01]
 [-3.17997729e-01  1.38458851e+01  4.29611981e-01]
 [-2.80736831e-01  1.62590061e+01  5.24870068e-01]
 [ 1.08482013e+00  3.75425560e+01  1.38795312e+00]
 [-1.19943581e+00  1.68197625e+00  9.47916316e-02]] 
lwh_diff, org - ref: 
[[-0.10643816  0.0256238   0.22615933]
 [ 0.08680391 -0.00046396 -0.04172647]
 [-0.13628674 -0.00676799  0.13279092]
 [ 0.19504499  0.08728909  0.26979363]
 [ 0.18623495  0.04927444 -0.01114976]
 [ 0.02758551  0.07393432  0.28863788]
 [-0.09233236  0.02729845  0.21010244]
 [-0.0429101  -0.01013613 -0.02075911]
 [-0.15374994  0.02514672  0.16728878]
 [-0.0556798   0.02821231  0.18213618]
 [-0.12326431 -0.0225637  -0.01142621]
 [-0.15624189 -0.04450107 -0.04142141]
 [ 0.1319952   0.05170655  0.02074492]
 [-0.14238834  0.02629948  0.23042142]
 [ 0.09301138  0.03810573  0.06528163]
 [-0.24278879 -0.07504272 -0.06606913]
 [-0.03564739 -0.03502512 -0.05036652]
 [-0.03564739 -0.03502512 -0.05036652]
 [-0.03564739 -0.03502512 -0.05036652]
 [-0.03564739 -0.03502512 -0.05036652]
 [-0.07322121 -0.01464963 -0.03081071]
 [-0.07322121 -0.01464963 -0.03081071]
 [-0.07322121 -0.01464963 -0.03081071]
 [ 0.02275753  0.02593565 -0.02297795]
 [ 0.02275753  0.02593565 -0.02297795]] 
socre, org, ref: 
[[0.26392773 0.09727454]
 [0.2274861  0.02598781]
 [0.2619092  0.01880797]
 [0.1943988  0.05984919]
 [0.21893504 0.04127624]
 [0.17777003 0.14986484]
 [0.17148797 0.22284165]
 [0.22124384 0.02596078]
 [0.15618879 0.1078521 ]
 [0.19254573 0.20709078]
 [0.18957534 0.03736126]
 [0.16257712 0.04070213]
 [0.15761383 0.07403942]
 [0.15690903 0.12979142]
 [0.14429143 0.02362025]
 [0.17877069 0.00623523]
 [0.146444   0.00781979]
 [0.146444   0.00244652]
 [0.146444   0.00434161]
 [0.146444   0.00120879]
 [0.20411648 0.0378784 ]
 [0.20411648 0.00215571]
 [0.20411648 0.00494676]
 [0.15111674 0.03447412]
 [0.09736285 0.04814187]] 
obj_id: 4 =============
xyz_diff, org - ref: 
[[ 0.01361334  0.01293913  0.00661507]
 [ 0.01343652 -0.00369614  0.00188058]
 [ 0.02842268 -0.0145597   0.00433947]
 [ 0.00430918 -0.00927211  0.00557843]
 [ 0.01153116 -0.02197064  0.00517753]
 [ 0.02412502 -0.00358901  0.01161649]
 [ 0.00606907 -0.00673317  0.0089784 ]
 [ 0.00058871  0.0031203   0.01140289]
 [ 0.00279669 -0.00220493  0.00301855]
 [-0.00367785 -0.00336256  0.00800161]
 [-0.00631344 -0.00117406  0.00453644]
 [ 0.00170317  0.01225875  0.01058386]
 [-0.00687037  0.00905868  0.00421795]
 [-0.01654309  0.0001624   0.0069614 ]
 [-0.01781706  0.00642825  0.00419104]
 [-0.01662587  0.00447048  0.00570035]
 [-0.02320863  0.01297861  0.01330018]
 [-0.01385507  0.06213491  0.02447963]] 
lwh_diff, org - ref: 
[[ 0.23510551 -0.09037781  0.05116701]
 [ 0.25557041 -0.08689356  0.02939832]
 [ 0.17093945 -0.09306669  0.03903937]
 [ 0.14883709 -0.10612559  0.0319072 ]
 [ 0.17895222 -0.10173059  0.0352217 ]
 [ 0.17968369 -0.09308362  0.08104289]
 [ 0.27796507 -0.06185246  0.1378212 ]
 [ 0.31198597 -0.06592536  0.09765363]
 [ 0.2239809  -0.09035182  0.01904559]
 [ 0.20642805 -0.09690309 -0.0043273 ]
 [ 0.20456266 -0.09992194  0.01207674]
 [ 0.32912636 -0.05261707  0.03340137]
 [ 0.29836512 -0.06134439  0.03345037]
 [ 0.2754364  -0.08428407  0.02518272]
 [ 0.29700708 -0.0631454   0.06827259]
 [ 0.30882454 -0.0326035   0.08543169]
 [ 0.33867311 -0.02039242  0.160465  ]
 [ 0.33867311 -0.02039242  0.160465  ]] 
socre, org, ref: 
[[2.8288105e-01 8.2789934e-01]
 [4.3691340e-01 8.6061603e-01]
 [4.7933453e-01 8.6634964e-01]
 [4.2900828e-01 8.6406446e-01]
 [4.6675733e-01 8.7013727e-01]
 [3.7710324e-01 8.5217094e-01]
 [4.4645011e-01 8.6113387e-01]
 [4.9777856e-01 8.7779129e-01]
 [4.9944526e-01 8.6780936e-01]
 [5.1612133e-01 8.7229562e-01]
 [4.3767011e-01 8.5892367e-01]
 [3.7311485e-01 8.5263819e-01]
 [4.4754821e-01 8.4300321e-01]
 [3.8589174e-01 8.3068675e-01]
 [3.1952274e-01 8.1119305e-01]
 [3.0102494e-01 8.1312585e-01]
 [2.3404714e-01 7.1120739e-01]
 [3.6517784e-02 7.1475923e-04]] 
obj_id: 18 =============
xyz_diff, org - ref: 
[[-2.62826606e-01  9.27165942e+00  5.66643130e-01]
 [ 2.53066242e-01  1.74593873e+01  4.51124697e-01]
 [ 2.75887934e-01  2.78412311e+01  7.05421694e-01]
 [ 3.79245073e-02  2.65145550e-01  1.03446944e-01]
 [ 2.67571419e-02 -3.38646740e+00 -1.54618379e-02]
 [ 3.09054447e-01  9.40880991e+00  3.32885650e-01]
 [ 1.69392084e-01  6.71051064e+00  1.78551578e-01]
 [-1.47778859e-02 -9.87910398e+00 -1.73620407e-01]
 [-3.09612895e-01 -1.19729081e+01 -9.72806326e-02]
 [ 4.95852655e-02  4.34685788e-01  9.91880462e-02]
 [ 6.79845679e-02  3.74767803e+00  1.02610247e-01]
 [-6.66829537e-01 -3.65446735e+01 -1.14465850e+00]
 [ 3.99516546e-01  2.13456194e+01  6.15728462e-01]
 [ 2.54866275e-01  1.80654091e+01  3.81345723e-01]
 [ 8.77582484e-02  1.21726736e+01 -6.62132262e-02]
 [ 3.31474150e-01  9.82191526e+00  1.42555652e-01]
 [ 1.07897688e-01  1.52875446e+01  3.15732186e-01]
 [-1.11129262e-02  3.18430444e+01  7.50079339e-01]
 [ 8.05191090e-02 -1.05858032e+00 -3.97998708e-01]] 
lwh_diff, org - ref: 
[[-0.06785393 -0.00232434  0.25637686]
 [ 0.08280325  0.01768827  0.04589844]
 [-0.01856089  0.02664042  0.02742743]
 [-0.13152599 -0.01037908  0.20038247]
 [-0.13152599 -0.01037908  0.20038247]
 [-0.12571764 -0.01333237  0.21225154]
 [-0.12571764 -0.01333237  0.21225154]
 [-0.12571764 -0.01333237  0.21225154]
 [-0.12571764 -0.01333237  0.21225154]
 [-0.05472326  0.01247549  0.04459381]
 [-0.08709717 -0.00857925  0.1230067 ]
 [-0.08709717 -0.00857925  0.1230067 ]
 [ 0.00323486  0.02164245  0.05551434]
 [ 0.00323486  0.02164245  0.05551434]
 [ 0.00323486  0.02164245  0.05551434]
 [ 0.00323486  0.02164245  0.05551434]
 [ 0.00323486  0.02164245  0.05551434]
 [ 0.00323486  0.02164245  0.05551434]
 [ 0.00323486  0.02164245  0.05551434]] 
socre, org, ref: 
[[1.11235738e-01 2.07988356e-04]
 [1.05981499e-01 1.48705393e-03]
 [1.21672712e-01 1.47604535e-03]
 [1.37004599e-01 7.93629512e-03]
 [9.35019031e-02 2.97102425e-02]
 [1.04551375e-01 6.40807021e-03]
 [8.59712735e-02 1.06474233e-03]
 [8.66289437e-02 7.46234786e-03]
 [8.97277743e-02 1.51840337e-02]
 [1.02695219e-01 7.78323691e-03]
 [1.08412765e-01 1.04515301e-03]
 [1.08412765e-01 2.15611998e-02]
 [1.20555595e-01 8.48976430e-03]
 [6.84830472e-02 4.48137027e-04]
 [8.38289559e-02 9.16768258e-05]
 [9.09975693e-02 5.62727626e-04]
 [9.09975693e-02 1.61146503e-02]
 [9.09975693e-02 4.46632132e-03]
 [9.21469629e-02 3.02737067e-03]] 
obj_id: 37 =============
xyz_diff, org - ref: 
[[-0.02313589 -0.022447    0.0406009 ]
 [ 0.49389334  9.2279654   0.28098734]
 [ 0.04421221  7.26478042  0.03474805]
 [ 0.09808199 11.01030462  0.18151605]
 [ 0.47248339 11.65548726  0.63014404]
 [-0.04595785 11.4288048   0.40696014]] 
lwh_diff, org - ref: 
[[0.23913765 0.07639766 0.14909887]
 [0.23913765 0.07639766 0.14909887]
 [0.23913765 0.07639766 0.14909887]
 [0.23913765 0.07639766 0.14909887]
 [0.23913765 0.07639766 0.14909887]
 [0.23913765 0.07639766 0.14909887]] 
socre, org, ref: 
[[0.07207931 0.40752518]
 [0.06742605 0.54747754]
 [0.08771182 0.06229473]
 [0.08794259 0.13390844]
 [0.08304036 0.15716663]
 [0.08864719 0.02018296]] 
obj_id: 1 =============
xyz_diff, org - ref: 
[[-4.68397562e-04 -8.85472577e-03 -7.51953567e-03]
 [-3.21877907e-04 -3.67445743e-03 -1.40078454e-02]
 [ 1.24462216e-03 -2.05020747e-03 -8.23507729e-03]
 [ 4.57947284e-03  1.34933561e-03 -8.77075727e-03]
 [ 3.42134599e-03  5.83950136e-03 -6.07947433e-03]
 [-6.31296416e-04 -6.25708255e-04 -4.57372736e-03]
 [ 3.59846641e-03 -7.94518856e-04 -1.35228225e-03]
 [ 4.94773681e-03 -5.91177563e-05 -3.30220923e-03]
 [ 4.22139665e-04  2.02667669e-03  7.99734745e-04]
 [ 4.12224290e-03 -5.24028034e-03  2.21984325e-03]
 [-1.09993936e-04 -4.90852279e-03  5.80039618e-03]
 [ 3.07873043e-03 -3.22489957e-03  5.55811252e-03]
 [ 3.00695969e-03  9.03799999e-03  7.91183269e-03]
 [-1.09678926e-05  1.78978100e-02  1.08297017e-03]
 [-7.06179353e-03 -5.76304468e-03  2.07494170e-03]
 [-5.08010361e-03 -4.63152841e-03 -1.43827587e-03]
 [-4.10007409e-03 -3.69066676e-03  3.70088468e-03]
 [ 3.52141904e-05 -4.88343732e-03 -2.98057621e-03]
 [-3.74058267e-03 -2.74517378e-03 -4.99217172e-04]
 [-4.99010818e-03 -2.98151775e-03 -6.43392133e-03]
 [-3.20313468e-03 -4.37619679e-03 -5.92074721e-03]
 [-3.87414141e-05 -3.00377222e-03 -1.03384095e-02]
 [-2.68898931e-03 -3.59670511e-03 -5.12443712e-03]
 [-7.08860655e-03 -4.69397413e-03 -7.89153364e-03]
 [-1.15316781e-03 -6.90592760e-04 -1.04775357e-02]
 [-1.02565105e-02 -4.54231377e-03 -5.20623427e-03]
 [-1.17169484e-02 -4.39609550e-03 -1.64861407e-04]
 [-3.39323410e-03 -1.21588250e-03  5.14809262e-03]] 
lwh_diff, org - ref: 
[[-0.09264326  0.013273   -0.02158618]
 [-0.30400467 -0.01978993 -0.0674088 ]
 [-0.25925922 -0.01499176 -0.05383325]
 [-0.13423681  0.05848885  0.01966727]
 [-0.28573322  0.04991245  0.06330502]
 [-0.13472891  0.03277302  0.03043222]
 [-0.20072842  0.05109668  0.05904484]
 [-0.13006353  0.02670741 -0.00962865]
 [-0.28252649  0.01189876 -0.00545466]
 [-0.24886513 -0.02434635 -0.04894507]
 [-0.24268007  0.00917292  0.00727224]
 [-0.40261889 -0.05095005 -0.06767488]
 [-0.12450886 -0.00065422 -0.0183965 ]
 [-0.27345181 -0.03545213 -0.05839074]
 [-0.11054564  0.03116131  0.00323427]
 [-0.21309566  0.00196195 -0.01351023]
 [-0.09486151  0.0452826   0.0286423 ]
 [-0.1207552   0.04330397  0.0140605 ]
 [-0.14375973  0.04537225  0.11211991]
 [-0.15714312  0.03837371  0.05975366]
 [-0.12353468  0.0211122   0.03373516]
 [-0.14574385  0.03811955  0.04528165]
 [-0.05754042  0.01718163  0.02823162]
 [-0.1000905   0.02260709 -0.00668299]
 [-0.02309752  0.02011108  0.00343037]
 [-0.17995977  0.03201771  0.03318954]
 [-0.10843182  0.07290816  0.08760726]
 [-0.02340841  0.08593893  0.11682391]] 
socre, org, ref: 
[[4.5338476e-01 9.1584343e-01]
 [4.2228988e-01 9.1498142e-01]
 [4.5478147e-01 9.1443914e-01]
 [5.4677880e-01 9.1759026e-01]
 [4.9704114e-01 9.1745603e-01]
 [5.0803250e-01 9.1357034e-01]
 [4.8774803e-01 9.1644478e-01]
 [5.3364557e-01 9.1870755e-01]
 [4.9382725e-01 9.0893257e-01]
 [5.2570915e-01 9.1065449e-01]
 [5.2596128e-01 9.0610635e-01]
 [5.3104150e-01 9.0533751e-01]
 [5.3854269e-01 9.1483837e-01]
 [4.7591302e-01 9.0738112e-01]
 [4.3510410e-01 8.9826792e-01]
 [4.5141995e-01 8.9813334e-01]
 [4.2054102e-01 8.9556986e-01]
 [4.6060833e-01 8.9231145e-01]
 [4.3416229e-01 8.8650012e-01]
 [4.6511760e-01 8.8456029e-01]
 [4.8418790e-01 8.8912040e-01]
 [4.3994173e-01 8.7954897e-01]
 [3.9220130e-01 8.7106001e-01]
 [3.2633525e-01 8.7447864e-01]
 [2.9288599e-01 8.7943769e-01]
 [2.1421434e-01 8.1747669e-01]
 [2.2314616e-01 6.8962635e-03]
 [1.8776399e-01 1.1387731e-05]] 
obj_id: 47 =============
xyz_diff, org - ref: 
[[-0.02581893 -0.0152076   0.01783653]
 [-0.11450425  0.50797248 -0.25497015]
 [ 0.33014853  4.95785362 -0.05508541]
 [ 0.67361718 13.36702948  0.07174509]
 [ 0.38092181 11.6171244   0.0247999 ]
 [ 0.3575758  11.06041317  0.01536232]
 [-0.03488178  5.38214527  0.06050105]] 
lwh_diff, org - ref: 
[[ 0.15117979 -0.01172996  0.0431329 ]
 [ 0.15117979 -0.01172996  0.0431329 ]
 [ 0.15117979 -0.01172996  0.0431329 ]
 [ 0.15117979 -0.01172996  0.0431329 ]
 [ 0.15117979 -0.01172996  0.0431329 ]
 [ 0.15117979 -0.01172996  0.0431329 ]
 [ 0.15117979 -0.01172996  0.0431329 ]] 
socre, org, ref: 
[[5.9975851e-02 4.2422122e-01]
 [6.6104226e-02 1.2945117e-02]
 [5.9725255e-02 7.3875519e-03]
 [6.7620702e-02 6.7583180e-04]
 [8.5231930e-02 1.1970091e-03]
 [9.9601246e-02 2.1826178e-03]
 [7.8183889e-02 1.7569849e-04]] 
obj_id: 13 =============
xyz_diff, org - ref: 
[[ 1.31201204e+00  2.03655176e+01  5.13701699e-01]
 [ 1.05491566e+00  1.73447842e+01  4.31765138e-01]
 [ 1.24795289e+00  2.21195942e+01  5.27630842e-01]
 [ 9.69090658e-01  2.22362741e+01  5.38726070e-01]
 [ 9.37865679e-01  2.48501395e+01  5.74249845e-01]
 [ 4.52201909e-01  1.72308538e+01  4.07681890e-01]
 [ 7.52474015e-01  1.64466582e+01  3.87713362e-01]
 [ 1.04596154e-01  1.12932494e+01  2.34937569e-01]
 [ 4.29713944e-01  1.53810137e+01  3.59126532e-01]
 [ 2.53593425e-01  1.15026819e+01  2.80426848e-01]
 [ 1.75732974e-01  5.52398008e+00  1.21347192e-01]
 [ 1.18798739e-01  1.38982386e+01  3.22014675e-01]
 [ 2.12914085e-01  1.01342018e+01  2.11562282e-01]
 [ 9.33718631e-02  3.21614204e+00 -1.31357873e-01]
 [ 9.13102724e-02  7.47566270e-01  2.31650776e-02]
 [ 1.18767549e-01  5.14079572e+00  1.23809949e-01]
 [ 9.08749949e-02 -3.47988876e-01 -3.75996918e-02]
 [-1.67167214e-01 -9.07991857e+00 -1.80524779e-01]
 [-2.67178489e-01 -1.05398326e+01 -1.64571513e-01]
 [-1.71050211e-01 -9.00196649e+00 -1.98521893e-01]
 [-4.15141537e-01 -1.60675255e+01 -2.69566198e-01]
 [-3.75163436e-01 -1.53794162e+01 -2.96524588e-01]
 [-1.35301774e-01 -9.42890940e+00 -2.62394987e-01]
 [ 8.14627790e-03 -6.92845669e+00 -1.33289640e-01]
 [-3.97616855e-01 -1.44079086e+01 -2.77208066e-01]
 [-2.90269023e-01 -1.27428959e+01 -2.66373163e-01]
 [-5.52790003e-01 -2.80678744e+01 -5.26478837e-01]
 [-3.62803256e-01 -1.47556803e+01 -2.66633923e-01]
 [-3.97464539e-01 -1.69407232e+01 -3.08730189e-01]
 [-3.95708875e-01 -1.69204713e+01 -2.95759063e-01]
 [-5.64852707e-01 -2.81822118e+01 -5.35898648e-01]
 [-6.38332110e-01 -2.06323766e+01 -3.48873815e-01]
 [-5.33484234e-01 -1.69253646e+01 -2.62599144e-01]
 [-6.16380665e-01 -1.80450311e+01 -2.91596345e-01]
 [-5.60036754e-01 -1.98676412e+01 -2.68264779e-01]
 [-1.62742754e+00 -3.91429206e+01 -6.96964993e-01]
 [-1.21705623e+00 -3.77870257e+01 -6.82540748e-01]] 
lwh_diff, org - ref: 
[[ 0.18528175  0.06218982  0.22345459]
 [ 0.20198488  0.04562879  0.32239544]
 [-0.068295   -0.03187585  0.17417097]
 [-0.068295   -0.03187585  0.17417097]
 [ 0.04049301 -0.0209806   0.0336448 ]
 [ 0.11230469  0.00057602  0.16665244]
 [ 0.35127211  0.06384087  0.32428968]
 [-0.0824523  -0.02941251  0.22445476]
 [ 0.17447472 -0.03272009 -0.05506647]
 [ 0.32110214  0.02127457 -0.00633717]
 [-0.19385242 -0.05795813  0.14277887]
 [ 0.2116704  -0.0200007  -0.03981853]
 [ 0.03303051 -0.00742435  0.20852423]
 [ 0.03303051 -0.00742435  0.20852423]
 [ 0.05548048 -0.03202224 -0.03367507]
 [ 0.14753771 -0.02537918 -0.0141257 ]
 [ 0.13288164 -0.03705359 -0.04164636]
 [ 0.00525379 -0.019732    0.12106013]
 [ 0.09115028 -0.00774121  0.27539229]
 [ 0.22907305 -0.03782701 -0.03633523]
 [-0.15094566 -0.04705477  0.11938083]
 [ 0.13013315  0.00980973  0.16840601]
 [ 0.47873068  0.10312343  0.09549558]
 [ 0.47873068  0.10312343  0.09549558]
 [ 0.47873068  0.10312343  0.09549558]
 [ 0.11576653  0.02028823  0.12592101]
 [ 0.0326252  -0.01716709 -0.01297677]
 [-0.02972174 -0.00868964  0.16669297]
 [ 0.39864874  0.05522633  0.22272098]
 [-0.03255272 -0.01231503  0.19541287]
 [ 0.20042849  0.01967955  0.04694915]
 [ 0.20042849  0.01967955  0.04694915]
 [ 0.20042849  0.01967955  0.04694915]
 [ 0.20042849  0.01967955  0.04694915]
 [ 0.20042849  0.01967955  0.04694915]
 [ 0.03094721 -0.00480509  0.12712395]
 [-0.360219   -0.07126212  0.11318219]] 
socre, org, ref: 
[[0.15964787 0.00221009]
 [0.1421906  0.00529343]
 [0.14819203 0.00396849]
 [0.0934238  0.00108543]
 [0.14907567 0.0246332 ]
 [0.14497106 0.00374116]
 [0.12892397 0.00390971]
 [0.14101604 0.00619634]
 [0.13014746 0.029649  ]
 [0.15970771 0.01657061]
 [0.22169484 0.00119399]
 [0.16268769 0.03179824]
 [0.14832117 0.00233731]
 [0.14832117 0.00505266]
 [0.16476154 0.00980772]
 [0.14271294 0.01305427]
 [0.16183263 0.00324719]
 [0.20295073 0.00285972]
 [0.1729731  0.00182039]
 [0.19804746 0.01600923]
 [0.1717669  0.00140335]
 [0.19473137 0.00206639]
 [0.13606192 0.00751508]
 [0.13606192 0.00446193]
 [0.13606192 0.00079959]
 [0.1652137  0.00200069]
 [0.17069839 0.00196668]
 [0.19902614 0.00228876]
 [0.167323   0.0007507 ]
 [0.18918121 0.00095442]
 [0.16543753 0.00621394]
 [0.16543753 0.00039418]
 [0.16543753 0.00046328]
 [0.16543753 0.00614948]
 [0.16543753 0.00028335]
 [0.18877377 0.0038612 ]
 [0.14945729 0.00319941]] 
obj_id: 45 =============
xyz_diff, org - ref: 
[[-0.0204305  -0.04707158 -0.08065239]
 [-0.20354668  0.46543773 -0.03513007]
 [ 0.05882488  0.73920713 -0.11881518]
 [-0.35531201  3.88782946  0.37157647]
 [-0.22514277 10.38479297  0.58571784]
 [ 0.06110377  6.45613084  0.40545373]
 [-0.15435251  5.90796586  0.39680233]] 
lwh_diff, org - ref: 
[[ 0.08656168 -0.00869322  0.1680243 ]
 [ 0.08656168 -0.00869322  0.1680243 ]
 [ 0.08656168 -0.00869322  0.1680243 ]
 [-0.15266085 -0.05372214  0.20475626]
 [-0.15266085 -0.05372214  0.20475626]
 [-0.15266085 -0.05372214  0.20475626]
 [-0.15266085 -0.05372214  0.20475626]] 
socre, org, ref: 
[[6.1860461e-02 1.9273662e-04]
 [8.5560583e-02 1.0382109e-03]
 [9.3488440e-02 6.5043831e-05]
 [1.0289992e-01 3.0053445e-05]
 [8.5775554e-02 2.3682529e-04]
 [7.0817515e-02 2.5082266e-04]
 [4.4898354e-02 4.8737417e-04]] 
obj_id: 26 =============
xyz_diff, org - ref: 
[[-3.69556901e-01 -6.81798827e+00  2.19591713e-02]
 [ 8.27120575e-02 -2.49638605e+01 -5.07514437e-01]
 [-5.73009785e-01 -1.94076708e+01 -4.32628195e-01]
 [-2.43588956e-01 -1.32397770e+01  2.09627019e-01]
 [-8.62844678e-01 -9.04008405e+00 -7.80715782e-02]
 [-6.69566470e-01 -2.62165755e+01 -5.06413090e-01]
 [-3.89086521e-01 -1.51731904e+01 -2.21531396e-01]
 [-1.19512587e+00  1.67780456e+00  4.81368579e-01]
 [-1.36542859e+00 -1.59793127e+01  2.72004753e-01]
 [-1.05307343e+00 -2.19347027e+01 -4.33951763e-01]
 [-1.05307343e+00 -2.19347027e+01 -4.33951763e-01]
 [-2.27325327e-02  4.16422717e-05 -1.39490277e-02]] 
lwh_diff, org - ref: 
[[-0.20955181 -0.02892756  0.16783571]
 [-0.20955181 -0.02892756  0.16783571]
 [-0.20955181 -0.02892756  0.16783571]
 [-0.20955181 -0.02892756  0.16783571]
 [-0.20955181 -0.02892756  0.16783571]
 [-0.20955181 -0.02892756  0.16783571]
 [-0.20955181 -0.02892756  0.16783571]
 [-0.20955181 -0.02892756  0.16783571]
 [-0.20955181 -0.02892756  0.16783571]
 [-0.20955181 -0.02892756  0.16783571]
 [-0.20955181 -0.02892756  0.16783571]
 [-0.30473518 -0.07870054 -0.08233953]] 
socre, org, ref: 
[[9.1006525e-02 2.8423271e-03]
 [7.6562196e-02 8.4484305e-04]
 [8.4312648e-02 1.0400803e-03]
 [7.8054830e-02 6.9061597e-04]
 [8.1873238e-02 3.9432509e-04]
 [8.3234079e-02 1.5798409e-04]
 [8.7429635e-02 4.7127661e-04]
 [8.7429635e-02 6.8528345e-04]
 [8.7429635e-02 2.7961517e-04]
 [8.7429635e-02 1.8377227e-03]
 [8.7429635e-02 1.8377227e-03]
 [1.7395325e-01 3.4395473e-03]] 
obj_id: 25 =============
xyz_diff, org - ref: 
[[-1.70779972e-01  1.48593178e+01  3.69299246e-01]
 [ 5.43211856e-02  1.59190741e+01 -1.32876513e-01]
 [-5.21479696e-02  2.04862039e+01  4.74477116e-01]
 [-8.33135923e-02  2.34509144e+01  3.09081033e-01]
 [-4.26095605e-02  1.68711815e+01  2.38351672e-01]
 [-8.37039389e-02  1.61425976e+01  3.99520468e-01]
 [ 8.18064675e-02  2.01304883e+01  2.54367858e-01]
 [ 6.14183166e-02  3.62012344e+01  7.90891821e-01]
 [-7.54923388e-02 -1.04180735e+00 -7.75853689e-02]
 [-1.12474935e-01 -2.97187283e+00 -3.99513813e-01]
 [-3.43623403e-02  3.84360902e-03  6.94198675e-02]
 [ 1.48853039e-01  1.85769254e+01  6.30949173e-01]
 [ 7.70794631e-03  1.55418863e+01 -1.51065973e-01]
 [ 3.71118815e-01  1.62653898e+01  1.73873589e-01]
 [ 1.71582169e-01  5.90980325e-01 -6.21060816e-01]
 [ 4.37919675e-01  1.69721232e+01  2.56286575e-01]
 [ 3.15565874e-02  1.41228324e+01 -4.97690303e-01]
 [-2.57315717e-01 -9.82010604e+00 -6.63474412e-01]] 
lwh_diff, org - ref: 
[[-0.10154104  0.03145015  0.05641282]
 [-0.10154104  0.03145015  0.05641282]
 [-0.10154104  0.03145015  0.05641282]
 [-0.10154104  0.03145015  0.05641282]
 [-0.10154104  0.03145015  0.05641282]
 [-0.10154104  0.03145015  0.05641282]
 [-0.10154104  0.03145015  0.05641282]
 [-0.10154104  0.03145015  0.05641282]
 [ 0.1120162   0.06914246  0.08256996]
 [-0.15628767 -0.00939095  0.01094401]
 [ 0.00863266  0.01419842 -0.00067794]
 [ 0.00863266  0.01419842 -0.00067794]
 [ 0.00863266  0.01419842 -0.00067794]
 [ 0.00863266  0.01419842 -0.00067794]
 [ 0.00863266  0.01419842 -0.00067794]
 [ 0.00863266  0.01419842 -0.00067794]
 [ 0.00863266  0.01419842 -0.00067794]
 [ 0.00863266  0.01419842 -0.00067794]] 
socre, org, ref: 
[[9.30406675e-02 1.47247285e-01]
 [8.86438116e-02 5.11895574e-04]
 [9.07127485e-02 7.88487680e-03]
 [9.07127485e-02 8.84252950e-05]
 [9.07127485e-02 8.48856347e-04]
 [9.07127485e-02 1.25782215e-03]
 [9.07127485e-02 1.52474735e-04]
 [9.07127485e-02 6.62095903e-04]
 [1.29856035e-01 4.56990581e-03]
 [1.46618783e-01 4.00631223e-03]
 [1.18893646e-01 3.52627262e-02]
 [1.18893646e-01 4.40047210e-04]
 [1.18893646e-01 4.66152822e-04]
 [1.18893646e-01 1.41802093e-03]
 [1.18893646e-01 2.41257017e-03]
 [1.18893646e-01 4.92362829e-04]
 [1.18893646e-01 1.63295073e-03]
 [6.79558963e-02 1.65391446e-03]] 
obj_id: 43 =============
xyz_diff, org - ref: 
[[ 2.18370912e-01  1.58011443e+01 -1.22094175e-01]
 [ 5.83582413e-02  1.28723206e+01  1.30041035e-01]
 [ 5.27683369e-01  1.62122755e+01  1.17526789e-01]
 [ 4.53639390e-01  1.37134491e+01  6.66040787e-02]
 [ 2.00197144e-01  6.99415692e+00  5.00306377e-02]
 [ 2.75077412e-01  1.43116562e+01  8.83341726e-02]
 [ 6.03982050e-03  3.23346593e-03  4.95228281e-02]
 [ 4.05933260e-02 -6.96610149e+00 -5.55155058e-02]
 [ 1.53009298e-01  5.73497138e+00  1.24172451e-01]
 [-4.92436272e-01 -1.11375644e+01  5.32688061e-02]
 [ 9.85792620e-02 -1.78813007e+01  8.79214084e-02]
 [-4.63472067e-01  1.23721703e+01 -7.52573204e-01]
 [-4.77444411e-01 -4.58983391e+00 -6.41789562e-01]
 [-5.38347166e-02 -1.51036981e+01  1.67180062e-01]
 [-2.44768216e-01 -1.04916496e+01 -3.95547856e-01]
 [-2.46591952e-02  5.65437342e+00 -1.36697877e-01]
 [ 2.19121405e-01 -1.20954882e+01  1.08537112e-01]
 [-2.10662518e-01  2.67177887e+00 -1.63796890e-01]
 [-1.86018101e-02  1.32730310e+01  1.96920935e-01]
 [ 6.23980958e-01 -1.43477364e+01  5.88520697e-01]
 [-1.17590426e-01  6.73915775e-01 -1.01291783e-01]
 [-1.17110106e+01 -5.44884002e+00 -2.39356467e-01]
 [-2.78381037e-01 -8.07852772e+00  1.23056858e-03]
 [-1.00110184e+00 -2.07980052e+01  1.62961777e-01]
 [-1.15125190e+00 -2.58142971e+01  4.31730571e-01]
 [-1.15125190e+00 -2.58142971e+01  4.31730571e-01]
 [-2.16228990e-01 -1.30820974e+01  2.77488217e-02]
 [ 5.25011402e-01 -1.19551894e+01  1.81062374e-01]
 [-1.18589883e+00 -1.34669575e+01  1.85670833e-01]] 
lwh_diff, org - ref: 
[[ 0.11924982  0.02291393  0.10721779]
 [ 0.11924982  0.02291393  0.10721779]
 [ 0.11924982  0.02291393  0.10721779]
 [ 0.11924982  0.02291393  0.10721779]
 [ 0.11924982  0.02291393  0.10721779]
 [ 0.11924982  0.02291393  0.10721779]
 [-0.08424807 -0.04804635  0.00835192]
 [-0.08424807 -0.04804635  0.00835192]
 [-0.08424807 -0.04804635  0.00835192]
 [-0.08424807 -0.04804635  0.00835192]
 [-0.08424807 -0.04804635  0.00835192]
 [-0.08424807 -0.04804635  0.00835192]
 [-0.08424807 -0.04804635  0.00835192]
 [-0.08424807 -0.04804635  0.00835192]
 [-0.08424807 -0.04804635  0.00835192]
 [-0.08424807 -0.04804635  0.00835192]
 [-0.08424807 -0.04804635  0.00835192]
 [-0.01244879 -0.02937198  0.08173811]
 [-0.05396652 -0.01768255  0.18391287]
 [-0.05396652 -0.01768255  0.18391287]
 [-0.13450289 -0.02153802  0.06061614]
 [-0.03127718 -0.0152812   0.01441383]
 [-0.03127718 -0.0152812   0.01441383]
 [-0.03127718 -0.0152812   0.01441383]
 [-0.03127718 -0.0152812   0.01441383]
 [-0.03127718 -0.0152812   0.01441383]
 [-0.03127718 -0.0152812   0.01441383]
 [-0.03127718 -0.0152812   0.01441383]
 [-0.05683613 -0.03917456  0.04278815]] 
socre, org, ref: 
[[6.80994689e-02 2.33626233e-05]
 [5.61807901e-02 3.54350868e-06]
 [8.16435963e-02 1.96417765e-04]
 [5.79535700e-02 4.39230098e-05]
 [8.06436911e-02 7.33225097e-05]
 [7.90728778e-02 1.20284632e-04]
 [1.02889203e-01 3.29545029e-02]
 [8.40825140e-02 1.05772437e-04]
 [7.99519420e-02 2.12774812e-05]
 [7.99519420e-02 1.21966796e-05]
 [7.99519420e-02 2.57244741e-04]
 [7.99519420e-02 2.04025026e-04]
 [7.99519420e-02 6.32292504e-05]
 [7.99519420e-02 4.80463896e-05]
 [7.99519420e-02 2.85870890e-04]
 [7.99519420e-02 1.54734589e-05]
 [7.99519420e-02 7.19888558e-05]
 [1.02085382e-01 9.42495279e-03]
 [1.02786951e-01 2.55255564e-03]
 [9.54754353e-02 1.73963155e-04]
 [1.22175850e-01 7.43435870e-04]
 [1.09834686e-01 4.85438904e-05]
 [1.09834686e-01 1.60616497e-03]
 [1.09834686e-01 3.25231784e-04]
 [1.09834686e-01 2.93321646e-04]
 [1.09834686e-01 2.93321646e-04]
 [1.09834686e-01 4.43686062e-04]
 [1.09834686e-01 1.80713050e-05]
 [1.36462301e-01 3.50767368e-04]] 
obj_id: 2 =============
xyz_diff, org - ref: 
[[ 1.30782171e+00  2.48693789e+01  6.40652689e-01]
 [ 7.82873558e-01  3.40427745e+01  8.61999246e-01]
 [-6.81812411e-02  1.75443401e+01  3.71646073e-01]
 [ 1.27640011e+00  3.82011874e+01  9.47856681e-01]
 [ 2.04083218e-01  2.42998127e+01  5.95607143e-01]
 [ 9.15575193e-02  1.61061015e+01  4.07353553e-01]
 [ 3.70316676e-01  3.03089724e+01  8.13385687e-01]
 [ 2.61029301e-02  1.65026251e+01  4.52147123e-01]
 [ 3.99865677e-01  2.54495465e+01  7.16384186e-01]
 [-3.18448516e-01  2.76712028e+01  7.11419364e-01]
 [ 1.90092102e-01  2.03924838e+01  5.48975137e-01]
 [ 1.51320768e-01  1.41441461e+01  4.05703575e-01]
 [-3.79112578e-02  3.46917118e+01  8.90243912e-01]
 [ 1.15360759e-01  1.97008745e+01  5.07520423e-01]
 [ 1.18546311e-01  2.10133638e+01  5.39479215e-01]
 [-5.92507875e-02  1.78351615e+01  4.72414485e-01]
 [ 4.43998977e-02  1.51951326e+01  3.91306298e-01]
 [-9.73611188e-02  1.97919197e+01  4.75261359e-01]
 [-5.58793420e-02  1.87385256e+01  4.66640767e-01]
 [ 2.63865510e-02  1.95830519e+01  5.17696374e-01]
 [-1.92585523e-01  1.85386519e+01  4.84015662e-01]
 [ 1.41386016e-01  1.22053652e+01  2.96060594e-01]
 [ 1.13016393e-01  5.53050885e+00  1.54299520e-01]
 [-1.54757738e-01  1.79867483e+01  4.38671404e-01]
 [-5.67579300e-01  3.37070915e+01  8.55419751e-01]
 [-3.71141210e-01  2.05037984e+01  5.82234411e-01]
 [-8.55801346e-01  4.39084561e+01  1.22519888e+00]
 [-5.90757650e-01  4.28417730e+01  1.26767748e+00]
 [-9.28187968e-01  6.81467609e+01  1.76603254e+00]
 [-1.04147535e+00  4.77396738e+01  1.47194542e+00]
 [-1.00740897e+00  4.88888740e+01  1.48891189e+00]
 [-7.53010126e-01  4.25986769e+01  1.42384979e+00]
 [-5.38686515e-01  1.64047579e+01  5.61234338e-01]
 [ 1.60674823e-01  3.86760112e+01  1.28779663e+00]
 [ 1.60817154e-01  4.45915522e+01  1.40037807e+00]] 
lwh_diff, org - ref: 
[[-2.39300728e-02 -4.12321091e-03  1.47351503e-01]
 [-4.39510345e-02 -4.47926521e-02 -2.80562639e-02]
 [-2.26661682e-01 -6.02569580e-02  7.57025480e-02]
 [-4.24351692e-02  9.13357735e-03  1.45337224e-01]
 [-7.38053322e-02 -2.29609013e-02  1.98133945e-01]
 [-1.58471107e-01 -3.55088711e-02  1.96962953e-01]
 [ 1.23669624e-01 -5.97381592e-03 -5.45458794e-02]
 [ 2.90031433e-02 -4.15203571e-02 -4.66612577e-02]
 [-4.86026764e-01 -9.58771706e-02  8.43815804e-02]
 [ 7.46693611e-02 -2.23915577e-02 -5.77244759e-02]
 [-1.29866600e-01 -4.53114510e-02  1.63672328e-01]
 [ 2.76251793e-01  3.98285389e-02  4.01839614e-01]
 [-2.78882980e-02 -1.90138817e-02 -1.01855993e-02]
 [-3.06267738e-02 -4.15744781e-02 -4.77882624e-02]
 [-8.76126289e-02 -4.75246906e-02 -5.44369221e-02]
 [-2.21290588e-02  1.64747238e-03  1.02749586e-01]
 [-1.41248703e-01 -3.85110378e-02  2.07176447e-01]
 [ 1.39933109e-01  1.98841095e-04 -2.46791840e-02]
 [-1.86734676e-01 -3.97377014e-02  6.66891336e-02]
 [-4.36878204e-03 -7.81798363e-03  1.42238140e-02]
 [ 1.24863625e-01  7.39574432e-03 -6.97433949e-03]
 [ 1.24863625e-01  7.39574432e-03 -6.97433949e-03]
 [ 1.24863625e-01  7.39574432e-03 -6.97433949e-03]
 [-2.40098476e-01 -4.68943119e-02  5.96007109e-02]
 [-1.27196312e-01 -3.11179161e-02 -4.06980515e-03]
 [ 1.61743164e-03  9.11092758e-03  1.29150033e-01]
 [ 3.74865532e-02  1.78074837e-03  1.27754807e-01]
 [-1.50484562e-01 -3.91407013e-02  1.37725592e-01]
 [ 2.06136703e-02 -9.97543335e-04 -1.65584087e-02]
 [ 2.06136703e-02 -9.97543335e-04 -1.65584087e-02]
 [ 2.06136703e-02 -9.97543335e-04 -1.65584087e-02]
 [ 2.06136703e-02 -9.97543335e-04 -1.65584087e-02]
 [ 2.06136703e-02 -9.97543335e-04 -1.65584087e-02]
 [ 1.84955597e-02 -7.35807419e-03 -1.14363432e-02]
 [-2.44439602e-01 -5.85486889e-02  2.68372297e-02]] 
socre, org, ref: 
[[3.5220423e-01 7.2057795e-04]
 [2.1974352e-01 6.9522643e-03]
 [2.1266037e-01 1.2244550e-03]
 [2.1277924e-01 2.3386546e-03]
 [1.9658521e-01 6.6466484e-04]
 [1.4926270e-01 8.9900824e-04]
 [2.1497196e-01 2.2644749e-02]
 [2.3531437e-01 1.5913151e-02]
 [2.4151109e-01 2.6244225e-04]
 [2.4321423e-01 3.1995345e-02]
 [2.6962775e-01 1.2105802e-03]
 [2.3004675e-01 3.1451343e-04]
 [2.2360049e-01 6.3824062e-03]
 [2.7328673e-01 4.5392592e-03]
 [2.3943296e-01 7.3208963e-03]
 [2.8962040e-01 1.8359123e-04]
 [2.7209771e-01 5.0292187e-04]
 [3.4410441e-01 5.0348407e-03]
 [2.6652977e-01 5.2959635e-04]
 [2.7843162e-01 1.6480969e-03]
 [2.4196951e-01 1.1527791e-02]
 [2.4196951e-01 2.1312786e-03]
 [2.4196951e-01 4.1386685e-03]
 [2.3148970e-01 8.6276938e-05]
 [2.5204855e-01 9.2836481e-04]
 [2.8253254e-01 3.5638598e-04]
 [2.4830431e-01 1.4965715e-04]
 [2.3871765e-01 1.9137029e-04]
 [2.4770670e-01 1.6106074e-03]
 [2.4770670e-01 1.7956259e-03]
 [2.4770670e-01 1.9405514e-03]
 [2.4770670e-01 1.9565022e-03]
 [2.4770670e-01 2.0785164e-02]
 [2.9405347e-01 6.2072142e-03]
 [2.9193386e-01 6.6521537e-04]] 
obj_id: 11 =============
xyz_diff, org - ref: 
[[-6.89690574e-02 -1.66220559e+00  4.06054200e-02]
 [-1.52866411e-01 -1.92132788e+00  6.38643765e-02]
 [-1.31226921e-01 -2.92921329e+00 -4.99604841e-02]
 [-1.71471642e-03 -3.01805447e-02  6.23831706e-02]
 [-1.11563204e-02 -1.95121418e+00  1.59670612e-01]
 [ 8.14195688e-02  9.38564295e-01  3.11914633e-01]
 [ 1.40108174e-01  3.72432637e-01  1.87513811e-01]
 [ 2.10964385e-01  3.22974716e+00  1.40421565e-01]
 [ 8.95725629e-02  1.13142090e-01  7.80151910e-02]
 [ 9.07030111e-02  2.21349648e+00  2.89898858e-01]
 [ 1.01271159e-01  1.88324942e+01  8.28187345e-01]
 [ 3.77153358e-01  1.17833859e+01  5.47741974e-01]
 [ 8.47829471e-02  1.68451157e-01  6.04771257e-02]
 [ 2.49157663e-02  1.29468182e+01  2.03823741e-01]
 [ 1.13532408e-01  1.96875584e+01  5.17977895e-01]
 [ 1.16541625e-01  1.45712348e+01  4.66189605e-01]
 [-1.49282764e-02  2.12733334e+00 -1.65000591e-01]
 [-1.97719520e-01  1.70694646e+01  4.53210390e-01]
 [-2.86906325e-02  1.69980973e+01  5.01248252e-01]
 [ 1.17726061e-01  1.44295004e+01  4.91812143e-01]
 [ 3.22137507e-01  2.89132425e+01  9.53236081e-01]
 [ 1.28651233e+00  4.69344389e+01  1.62070324e+00]
 [ 8.30790197e-01  4.31350470e+01  1.56904783e+00]
 [ 1.31749039e+00  3.90323501e+01  1.44703963e+00]
 [ 1.82220590e+00  5.22564392e+01  1.22702493e+00]
 [ 1.82220590e+00  5.22564392e+01  1.22702493e+00]
 [ 1.82220590e+00  5.22564392e+01  1.22702493e+00]
 [ 1.58908359e+00  5.06891607e+01  1.75523252e+00]
 [ 1.75584165e+00  5.33767925e+01  1.85211071e+00]] 
lwh_diff, org - ref: 
[[ 0.10356283  0.0596292   0.02987766]
 [ 0.06517506  0.05826497  0.23684692]
 [ 0.0111618   0.06373596  0.30919206]
 [-0.04064798  0.04042506  0.09386539]
 [ 0.03321838  0.08243966  0.2081517 ]
 [ 0.09282398  0.09566832  0.24687135]
 [-0.08701324 -0.0026108   0.03011274]
 [ 0.01441669  0.05219936  0.03517711]
 [ 0.06999779  0.04049373  0.05554056]
 [-0.01912928  0.06743622  0.28021002]
 [-0.02424192  0.01620698  0.08837557]
 [-0.1727047  -0.0365653  -0.00210023]
 [ 0.06219769  0.02511287  0.01018989]
 [ 0.06219769  0.02511287  0.01018989]
 [ 0.06219769  0.02511287  0.01018989]
 [ 0.06219769  0.02511287  0.01018989]
 [ 0.06219769  0.02511287  0.01018989]
 [ 0.06219769  0.02511287  0.01018989]
 [ 0.06219769  0.02511287  0.01018989]
 [ 0.06219769  0.02511287  0.01018989]
 [ 0.36203671  0.10617709  0.51807261]
 [-0.18839645 -0.04377294 -0.0191046 ]
 [ 0.11953974  0.05391145  0.32979488]
 [ 0.1371007   0.04893732  0.02062833]
 [ 0.1371007   0.04893732  0.02062833]
 [ 0.1371007   0.04893732  0.02062833]
 [ 0.1371007   0.04893732  0.02062833]
 [ 0.1371007   0.04893732  0.02062833]
 [ 0.1371007   0.04893732  0.02062833]] 
socre, org, ref: 
[[1.60877392e-01 7.82439820e-05]
 [1.12184025e-01 6.95617031e-03]
 [1.35268912e-01 6.64523710e-03]
 [1.25586569e-01 4.81428253e-03]
 [1.13921508e-01 4.48666094e-03]
 [1.15413941e-01 1.77725754e-03]
 [1.08237050e-01 3.85702238e-03]
 [1.10602759e-01 2.27372767e-03]
 [1.23156294e-01 2.20440747e-03]
 [1.10470973e-01 1.66197680e-03]
 [1.82154700e-01 8.54846905e-04]
 [1.47313178e-01 1.41296681e-04]
 [1.01023808e-01 7.83250295e-03]
 [1.01023808e-01 4.99162870e-03]
 [1.01023808e-01 5.66101866e-03]
 [1.01023808e-01 4.79483395e-04]
 [9.17625427e-02 2.36398788e-04]
 [9.17625427e-02 3.22097447e-03]
 [9.17625427e-02 3.60246818e-03]
 [7.61024654e-02 6.96445757e-04]
 [1.17730029e-01 6.33104071e-02]
 [1.69441760e-01 6.25797038e-05]
 [1.18109375e-01 1.21578956e-02]
 [1.34189203e-01 6.96993025e-04]
 [1.34189203e-01 1.11732399e-03]
 [1.34189203e-01 1.11732399e-03]
 [1.34189203e-01 1.11732399e-03]
 [1.34189203e-01 2.97319668e-04]
 [7.37785771e-02 1.55761620e-04]] 
obj_id: 33 =============
xyz_diff, org - ref: 
[[-1.51094793e-02 -1.19344432e-01  4.06042165e-02]
 [ 1.59702768e-01  4.37192478e+00  2.37710268e-01]
 [-1.09560015e-02  1.80146826e+01  4.20179176e-01]
 [-1.27649451e+00 -4.40391519e+01 -3.33038799e-01]
 [-7.65110591e-01 -1.87527578e+01  5.67903846e-02]
 [-4.87735974e-01 -1.88911232e+01 -6.04239459e-02]
 [-3.64406441e-01 -1.28447570e+01  4.84081508e-02]
 [-6.35094171e-01 -2.25547136e+01 -7.74967785e-02]
 [-8.54566910e-01 -2.90967982e+01  2.84909734e-01]
 [-8.41622241e-01 -1.67961590e+01  2.16537971e-01]
 [-5.69636064e-01 -1.66509841e+01 -2.65784865e-02]
 [ 1.48633656e-01  3.13727592e+00  1.26762452e-01]
 [ 9.68924486e-03  4.38182665e-02  9.76426030e-02]
 [-8.82053872e-02 -1.04127953e-01 -1.63197919e-01]
 [-9.95754208e-02  4.51098352e-01 -6.98697890e-02]
 [ 2.49147737e-01  7.88140923e+00  1.09274882e-01]
 [ 1.50179526e-01  5.45603114e+00  4.99764029e-02]
 [ 5.10810204e-02  2.31012148e-02 -1.34561776e-02]] 
lwh_diff, org - ref: 
[[ 0.12097168  0.06475711  0.05129468]
 [ 0.12097168  0.06475711  0.05129468]
 [ 0.12097168  0.06475711  0.05129468]
 [ 0.12097168  0.06475711  0.05129468]
 [ 0.12097168  0.06475711  0.05129468]
 [ 0.12097168  0.06475711  0.05129468]
 [ 0.12097168  0.06475711  0.05129468]
 [ 0.12097168  0.06475711  0.05129468]
 [ 0.12097168  0.06475711  0.05129468]
 [ 0.12097168  0.06475711  0.05129468]
 [ 0.12097168  0.06475711  0.05129468]
 [ 0.01160049  0.02640128 -0.00791335]
 [-0.24343634 -0.03662407 -0.03258884]
 [-0.24343634 -0.03662407 -0.03258884]
 [-0.24343634 -0.03662407 -0.03258884]
 [-0.24343634 -0.03662407 -0.03258884]
 [-0.24343634 -0.03662407 -0.03258884]
 [-0.24343634 -0.03662407 -0.03258884]] 
socre, org, ref: 
[[0.07628472 0.00170741]
 [0.084043   0.00484304]
 [0.06477807 0.00061359]
 [0.08567761 0.00019565]
 [0.05180575 0.00469154]
 [0.08197401 0.00303165]
 [0.0704237  0.00472925]
 [0.0704237  0.0054059 ]
 [0.09598649 0.05258222]
 [0.08552594 0.08304457]
 [0.0744538  0.08179391]
 [0.10498148 0.0008578 ]
 [0.10775227 0.00165581]
 [0.08066364 0.00440633]
 [0.09236611 0.00035986]
 [0.09236611 0.00056862]
 [0.09236611 0.00090453]
 [0.08234404 0.00071263]] 
obj_id: 0 =============
xyz_diff, org - ref: 
[[ 6.10770084e-03 -6.62360324e-02  1.66066234e-02]
 [ 3.09392824e-03 -6.31395846e-02  1.62457861e-02]
 [ 4.44590427e-03 -5.85155495e-02  2.05543476e-02]
 [ 2.51724507e-03 -5.70430864e-02  2.11484924e-02]
 [ 3.52039247e-03 -5.39807239e-02  1.51535809e-02]
 [-1.02058332e-03 -5.71865638e-02  1.58360797e-02]
 [-5.48702106e-04 -5.02964844e-02  1.55322693e-02]
 [ 9.86062863e-03 -4.54222554e-02  1.58359104e-02]
 [ 7.38133034e-03 -4.83383636e-02  1.62378441e-02]
 [ 5.69415238e-03 -4.17489518e-02  1.27843352e-02]
 [-2.11338771e-04 -4.48842671e-02  1.53541394e-02]
 [ 1.85683712e-03 -4.36328633e-02  1.58904883e-02]
 [ 5.00133690e-03 -4.85164249e-02  1.47921558e-02]
 [ 6.15060294e-03 -4.46138937e-02  1.48019930e-02]
 [ 3.07049428e-03 -4.07332061e-02  8.81536414e-03]
 [ 3.77096100e-03 -4.13364935e-02  5.67575416e-03]
 [ 4.99889250e-03 -3.98595460e-02  6.55796246e-03]
 [-1.83683919e-03 -3.49979569e-02  5.90614367e-03]
 [-6.29237360e-04 -2.88229184e-02  5.91963716e-03]
 [-1.46164336e-03 -2.88266954e-02  1.31892639e-02]
 [-3.36790977e-03 -3.29719788e-02 -7.12226807e-03]
 [ 1.60598483e-03 -2.40660330e-02 -3.40290776e-04]
 [-3.81795131e-03 -3.04930104e-02  9.87492061e-04]
 [ 7.29455585e-04 -3.49052892e-02 -2.25374382e-03]
 [ 4.70910794e-03 -1.38713890e-02 -5.67574965e-03]
 [-2.45122614e-03 -3.76823618e-02 -7.93162100e-04]
 [-2.17411162e-03 -2.52154436e-02 -1.60781133e-02]
 [ 1.07005318e-03 -3.08495026e-02 -1.08608579e-02]
 [ 3.11119465e-03 -3.36992696e-02 -1.49348150e-02]
 [ 3.90134187e-03 -3.30411215e-02 -1.49437784e-02]
 [ 5.34683053e-03 -7.37858280e-02 -1.15015893e-02]
 [ 4.96893708e-03 -1.06117442e-01 -1.29332574e-02]
 [ 3.72922422e-03 -1.35988181e-01 -1.17943388e-02]
 [ 1.00977373e-02 -4.13081898e-01 -8.12045250e-03]] 
lwh_diff, org - ref: 
[[-0.22437859  0.01025271  0.00117898]
 [-0.16834402  0.006006   -0.0230267 ]
 [-0.20656204 -0.0072825   0.00806546]
 [-0.13995934  0.0276885   0.00335181]
 [-0.17883253 -0.01341128  0.00894809]
 [-0.32539511 -0.04182529 -0.04726028]
 [-0.20399475 -0.0100565  -0.03791976]
 [-0.1383872  -0.00379395 -0.00442612]
 [-0.26041698  0.02387142 -0.00501275]
 [-0.25731468  0.00283217 -0.01079524]
 [-0.20370102 -0.01207161 -0.03544831]
 [-0.1954031  -0.03272581 -0.04304183]
 [-0.09605789  0.00401735 -0.00090432]
 [-0.00986481  0.00832248  0.09773707]
 [-0.03511095 -0.00184822  0.00826657]
 [-0.11337757 -0.01240826 -0.01275003]
 [-0.16604471 -0.03099656  0.02406192]
 [-0.04052544  0.00391173  0.05850124]
 [-0.05589199  0.01840806  0.02248299]
 [-0.07972097 -0.01398945  0.02519071]
 [-0.04518032  0.01432943  0.04219258]
 [-0.11619997  0.02445912  0.05173755]
 [ 0.09650135  0.02588177  0.06474054]
 [-0.11791134 -0.00999904  0.03171217]
 [-0.08992004 -0.0319531   0.00874567]
 [-0.06258917  0.00532937  0.04130244]
 [-0.00441313  0.00936747  0.06208837]
 [-0.13155985 -0.02918887  0.0302155 ]
 [-0.02191544  0.01519871  0.12683606]
 [ 0.12175274  0.01715565  0.0795449 ]
 [ 0.04229784 -0.0055933   0.15604532]
 [-0.01023388 -0.01462102  0.10558653]
 [-0.04881907 -0.01651525  0.05910861]
 [-0.04881907 -0.01651525  0.05910861]] 
socre, org, ref: 
[[0.5637357  0.9344966 ]
 [0.5848317  0.9331188 ]
 [0.54221267 0.93918216]
 [0.5739795  0.9361883 ]
 [0.5273646  0.9317626 ]
 [0.51830566 0.9291683 ]
 [0.6003671  0.92934674]
 [0.5555431  0.9360045 ]
 [0.5904401  0.9341073 ]
 [0.57110995 0.9274578 ]
 [0.53739005 0.9281578 ]
 [0.5266499  0.9282282 ]
 [0.44343725 0.9326525 ]
 [0.47713095 0.93433654]
 [0.44169524 0.92676073]
 [0.5209968  0.91716856]
 [0.52373046 0.93127096]
 [0.4442875  0.9239539 ]
 [0.55975986 0.9187671 ]
 [0.5483437  0.93156314]
 [0.5147434  0.91134953]
 [0.5209076  0.9200406 ]
 [0.48367807 0.9131802 ]
 [0.40117982 0.9082674 ]
 [0.51002437 0.9135384 ]
 [0.47195745 0.89357597]
 [0.4937486  0.89156127]
 [0.48596856 0.8846638 ]
 [0.44155037 0.88759536]
 [0.44423568 0.88297546]
 [0.4489129  0.8661821 ]
 [0.43995035 0.8407748 ]
 [0.4247883  0.861045  ]
 [0.04788646 0.08849063]] 
obj_id: 19 =============
xyz_diff, org - ref: 
[[ 1.33876615e+00 -8.63417983e+00  3.49210374e-01]
 [ 1.45096160e+00  5.72870596e+00  6.81859802e-01]
 [ 1.53562976e+00  1.65966089e+00  6.08104069e-01]
 [ 1.43154128e-01 -1.27370079e+01  2.71845875e-01]
 [-2.06450683e-02 -5.44714144e-02  1.64849912e-02]
 [-6.86814106e-03 -5.44886570e-01  7.52919544e-02]
 [ 4.02809821e-01  1.98302885e+00  1.84518695e-01]
 [ 3.14835224e-01  4.82199062e+00  5.30044118e-01]
 [ 3.35051484e-01  8.77909052e+00  4.99359599e-01]
 [ 2.89238180e-01  3.65795270e+00  4.53270986e-01]
 [ 2.83467481e-01  6.61747231e+00  3.42675993e-01]
 [ 4.60515362e-01  5.76719708e+00  3.14272355e-01]
 [ 1.49933080e-01  9.27348002e-01  2.56737331e-01]
 [-1.68825148e-01 -2.81726932e-01 -6.69578011e-02]
 [ 3.13436574e-02 -9.09498878e-01 -3.94571971e-01]
 [ 1.40008336e-01  9.94094940e+00 -1.60089393e-01]
 [ 4.16278008e-01  1.41209146e+01  4.44650831e-01]
 [-7.36452313e-01 -2.39432355e+01 -9.68357498e-01]
 [ 2.53106089e-01  1.14571889e+01 -8.61951755e-03]
 [ 2.10675651e-01  5.72845776e+00 -3.81132099e-01]
 [-2.99979195e-02  1.07163106e+01  6.93232457e-02]
 [ 6.75283077e-01  2.02486908e+01  8.72012152e-01]
 [ 6.51818681e-01  2.36834073e+01  8.61935895e-01]
 [ 5.26788616e-01  2.88766324e+01  1.05592705e+00]
 [ 9.00005211e-01  2.13220574e+01  7.61887750e-01]
 [ 1.16372067e+00  2.31033847e+01  4.88329314e-01]
 [ 5.47529805e-01  1.10428224e+01  1.01475109e-01]
 [ 8.10833558e-01  1.74411380e+01  2.16809904e-01]
 [ 1.45095621e+00  3.02778946e+01  7.23607210e-01]
 [ 1.18120571e-01  6.73167710e+00  1.57135147e-01]] 
lwh_diff, org - ref: 
[[ 0.31152058  0.07734275  0.29576373]
 [ 0.07625532 -0.01917076 -0.04246831]
 [ 0.1205759   0.02857018  0.26668751]
 [-0.075284    0.00939584  0.2397964 ]
 [-0.16356707 -0.07393658 -0.05989468]
 [ 0.03950834  0.050035    0.19688678]
 [ 0.11702108  0.05268598  0.19737959]
 [-0.16619396 -0.06157172 -0.05213177]
 [-0.04697037 -0.00997472  0.00435233]
 [-0.04697037 -0.00997472  0.00435233]
 [ 0.02235413  0.0526917   0.21975327]
 [-0.07347441 -0.03619957  0.00570595]
 [-0.18187141 -0.07629764 -0.05508137]
 [-0.18187141 -0.07629764 -0.05508137]
 [-0.18187141 -0.07629764 -0.05508137]
 [-0.18187141 -0.07629764 -0.05508137]
 [-0.18187141 -0.07629764 -0.05508137]
 [-0.18187141 -0.07629764 -0.05508137]
 [-0.18187141 -0.07629764 -0.05508137]
 [-0.18187141 -0.07629764 -0.05508137]
 [-0.18187141 -0.07629764 -0.05508137]
 [ 0.13811779  0.01236677  0.44333386]
 [-0.11650753 -0.04646444 -0.02018046]
 [ 0.23039627  0.06190467  0.2752372 ]
 [ 0.15133715  0.0154438  -0.02472293]
 [ 0.15133715  0.0154438  -0.02472293]
 [ 0.15133715  0.0154438  -0.02472293]
 [ 0.15133715  0.0154438  -0.02472293]
 [ 0.15133715  0.0154438  -0.02472293]
 [ 0.15133715  0.0154438  -0.02472293]] 
socre, org, ref: 
[[0.10972599 0.02140045]
 [0.15313818 0.00999513]
 [0.11193518 0.01705367]
 [0.14369749 0.0245896 ]
 [0.11997186 0.03975942]
 [0.10285439 0.03030001]
 [0.13413754 0.0301271 ]
 [0.12121214 0.03099815]
 [0.11724172 0.04890988]
 [0.08619926 0.02574384]
 [0.11864721 0.02461863]
 [0.14564043 0.02200594]
 [0.18045376 0.00955934]
 [0.09524187 0.00985559]
 [0.09524187 0.00087653]
 [0.09524187 0.00211531]
 [0.09524187 0.00020367]
 [0.0849084  0.00037316]
 [0.0849084  0.00086222]
 [0.0849084  0.00136411]
 [0.09054064 0.00858628]
 [0.11505763 0.08565224]
 [0.20244142 0.00161224]
 [0.10240113 0.01779149]
 [0.14594921 0.00532985]
 [0.14594921 0.00056154]
 [0.14594921 0.00124996]
 [0.14594921 0.00091378]
 [0.14594921 0.00119736]
 [0.08130056 0.00326567]] 
obj_id: 39 =============
xyz_diff, org - ref: 
[[ 9.99604451e-02 -3.90428103e+00  9.57308632e-02]
 [ 3.87905861e-01 -9.64803547e+00  2.59250049e-01]
 [ 7.46549905e-01 -1.61926949e+01  5.02397634e-01]
 [-2.31642459e-01 -6.85826107e+00  1.78121143e-01]
 [ 4.81305373e-01 -1.43944424e+01  3.78462766e-01]
 [ 3.12413869e-01 -1.61784451e+01  3.71559523e-01]
 [ 3.14212380e-02 -8.82404036e+00  2.84201890e-01]
 [-2.50506988e-01 -1.28817493e+01  4.34650172e-01]
 [ 8.53132899e-02 -1.16732542e+01  3.67660855e-01]
 [ 1.51734086e-01 -1.04453506e+01  3.61122425e-01]
 [ 1.51734086e-01 -1.04453506e+01  3.61122425e-01]
 [ 1.51734086e-01 -1.04453506e+01  3.61122425e-01]
 [-3.59563698e-02 -1.10227507e+01  3.29677747e-01]
 [-1.49447742e-02  3.99269648e-02 -1.18344639e-02]
 [ 6.28349094e-01  1.22139233e+01 -7.22185743e-03]
 [ 5.41864701e-01  7.35919201e+00  2.60006390e-01]] 
lwh_diff, org - ref: 
[[ 0.04802895  0.03938937  0.02083659]
 [ 0.04802895  0.03938937  0.02083659]
 [ 0.04802895  0.03938937  0.02083659]
 [ 0.04802895  0.03938937  0.02083659]
 [ 0.04802895  0.03938937  0.02083659]
 [ 0.04802895  0.03938937  0.02083659]
 [ 0.04802895  0.03938937  0.02083659]
 [ 0.04802895  0.03938937  0.02083659]
 [ 0.04802895  0.03938937  0.02083659]
 [ 0.04802895  0.03938937  0.02083659]
 [ 0.04802895  0.03938937  0.02083659]
 [ 0.04802895  0.03938937  0.02083659]
 [ 0.04802895  0.03938937  0.02083659]
 [-0.11323404 -0.01965451 -0.00477695]
 [-0.11323404 -0.01965451 -0.00477695]
 [-0.11323404 -0.01965451 -0.00477695]] 
socre, org, ref: 
[[0.07050844 0.00089013]
 [0.06955783 0.0337704 ]
 [0.0787707  0.00220857]
 [0.07513673 0.00396042]
 [0.07513673 0.00691268]
 [0.07513673 0.00417771]
 [0.07513673 0.00690465]
 [0.09188608 0.06974757]
 [0.03645214 0.00178698]
 [0.03645214 0.00154094]
 [0.03645214 0.00154094]
 [0.03645214 0.00154094]
 [0.08131052 0.00108824]
 [0.11138896 0.16263177]
 [0.08674198 0.09718667]
 [0.05560784 0.00288288]] 
obj_id: 10 =============
xyz_diff, org - ref: 
[[ 2.30594541e-02 -1.27336752e+00 -1.21769345e-01]
 [-1.46768997e-02  1.25212011e+01  6.70289129e-01]
 [ 7.30848096e-02  9.48777970e+00  5.44813939e-01]
 [-7.65267417e-02  8.84330153e+00  5.41500263e-01]
 [ 1.39465170e-01  7.22570192e+00  4.86302731e-01]
 [ 4.69304199e-02 -6.60123353e+00 -6.92169517e-02]
 [-3.57892047e-02  1.82671444e+01  8.66141832e-01]
 [-4.80908882e-02 -5.37747138e-01  1.53578755e-01]
 [-3.74965116e-01  3.41756047e+01  1.31938352e+00]
 [-1.07274842e-01 -9.96978832e+00 -2.32030757e-01]
 [-3.00456402e-01  6.17874225e+00  5.25305182e-01]
 [ 5.45438085e-01 -1.72416188e+01 -4.26337677e-01]
 [ 1.13662847e-01  2.86422744e+01  1.28915624e+00]
 [-2.54811334e-01  3.78316017e+01  1.32680777e+00]
 [-5.19940180e-01  2.52737677e+01  1.02489406e+00]
 [-5.32509887e-01  8.76088370e+00  1.15300888e+00]
 [ 6.68379162e-01 -7.68727352e+00 -5.16700043e-01]
 [ 6.64693448e-01 -1.19237926e+01 -6.23875047e-01]
 [-1.09485211e-01 -1.19763620e+01 -3.70762130e-01]
 [-1.47122190e-01 -3.50496666e-01 -8.03450964e-03]] 
lwh_diff, org - ref: 
[[-0.03254652  0.07647014 -0.00120616]
 [-0.1151371   0.07721949  0.08939493]
 [ 0.21701241  0.17087102  0.31199837]
 [ 0.02539015  0.07612967 -0.01517034]
 [ 0.05890036  0.15288997  0.23940301]
 [ 0.06984854  0.13642359  0.18892574]
 [-0.00719929  0.10102201  0.0057255 ]
 [-0.14234209  0.0927043   0.19100249]
 [-0.13618469  0.08117437  0.17545784]
 [-0.14964104  0.0532372  -0.0167352 ]
 [-0.14779806  0.01297712 -0.06908381]
 [ 0.07563066  0.08273411  0.03081822]
 [-0.4565115   0.01741219  0.21605909]
 [ 0.01477098  0.12168241  0.13727999]
 [-0.07978392  0.05315638  0.00386214]
 [-0.01760244  0.06189251 -0.0353353 ]
 [-0.01760244  0.06189251 -0.0353353 ]
 [-0.01760244  0.06189251 -0.0353353 ]
 [-0.01760244  0.06189251 -0.0353353 ]
 [-0.09758282  0.04996538 -0.05645525]] 
socre, org, ref: 
[[0.16488133 0.07667179]
 [0.1640925  0.03290614]
 [0.14562005 0.16239755]
 [0.16319232 0.09250559]
 [0.11452474 0.1486039 ]
 [0.1230275  0.10951614]
 [0.13979976 0.18227203]
 [0.1001389  0.17714229]
 [0.11880216 0.16777463]
 [0.14874586 0.16984786]
 [0.12413667 0.17536788]
 [0.19433571 0.24280927]
 [0.13068508 0.27585673]
 [0.13259007 0.03716308]
 [0.12814267 0.10061853]
 [0.10433175 0.31582105]
 [0.10433175 0.00474434]
 [0.10433175 0.00510299]
 [0.10433175 0.06034556]
 [0.12025521 0.15608068]] 
obj_id: 15 =============
xyz_diff, org - ref: 
[[-2.54072608e-01  2.04831944e+01  6.25404645e-01]
 [-1.89538399e-01  4.97034944e+01  1.76708829e+00]
 [ 9.10343953e-02  1.43930267e+01  4.80050073e-01]
 [ 9.85817672e-01  3.55747433e+01  1.81677641e+00]
 [ 2.19162583e-01  2.39026435e+01  1.23711529e+00]
 [ 9.90887049e-02  1.48070117e+01  5.68350243e-01]
 [-1.35295550e-01  1.56074297e+01  6.34621469e-01]
 [ 3.31647726e-02  2.08462258e+01  9.32678558e-01]
 [-1.32482622e-01 -7.17045536e-03  9.82585194e-02]
 [-1.51760343e-01  2.85354148e-02  8.09485893e-02]
 [-9.45353589e-02 -3.06898129e-02  1.53280264e-02]
 [ 3.75121949e-03  8.94588560e+00  2.64355246e-01]
 [-8.57503575e-02  7.86508727e+00  3.35281092e-01]
 [-1.89122603e-01  3.99132102e+00  2.33868461e-01]
 [-2.41780223e-01  2.17907442e+00  6.36086751e-02]
 [-3.07569273e-01 -2.94947767e+01 -8.23151784e-01]
 [-1.02377422e+00 -5.63260573e+01 -1.39253697e+00]
 [ 1.69895122e-02  4.56911858e-01 -2.66652899e-01]
 [-6.58954513e-02 -2.92436735e+01 -1.06702034e+00]
 [-3.33081454e-01 -2.88369889e+01 -8.58476387e-01]
 [-8.64918836e-01 -4.11994855e+01 -9.88896856e-01]
 [-3.53380794e-01 -4.43059139e+01 -1.81189572e+00]
 [-6.89057584e-01 -2.09108540e+01 -6.44260143e-01]] 
lwh_diff, org - ref: 
[[ 0.20623684  0.10249662  0.0890168 ]
 [ 0.32211924  0.15435719  0.26781964]
 [ 0.19028282  0.0959549   0.04290915]
 [ 0.33802414  0.16401601  0.2755307 ]
 [ 0.06129837  0.08787942  0.26470935]
 [ 0.15426826  0.07400346 -0.01922464]
 [ 0.04116917  0.08415484  0.16914308]
 [ 0.00564051  0.06379795  0.23569918]
 [ 0.03480768  0.02289164 -0.05015123]
 [-0.10279417  0.00222564 -0.05386472]
 [ 0.29327011  0.14367008  0.05685198]
 [-0.16209888  0.02534366  0.19909799]
 [ 0.22357368  0.14259028  0.14435399]
 [-0.02931166  0.00972164 -0.05599213]
 [ 0.11283875  0.05105019 -0.03245199]
 [ 0.11283875  0.05105019 -0.03245199]
 [ 0.11283875  0.05105019 -0.03245199]
 [ 0.11283875  0.05105019 -0.03245199]
 [ 0.11283875  0.05105019 -0.03245199]
 [ 0.11283875  0.05105019 -0.03245199]
 [ 0.11283875  0.05105019 -0.03245199]
 [ 0.11283875  0.05105019 -0.03245199]
 [ 0.11283875  0.05105019 -0.03245199]] 
socre, org, ref: 
[[1.26245886e-01 3.55727375e-02]
 [1.05113313e-01 4.67415005e-02]
 [1.17121547e-01 8.57259184e-02]
 [1.13415472e-01 3.15950960e-02]
 [1.10330306e-01 4.11276110e-02]
 [1.21600784e-01 1.59603179e-01]
 [1.07120670e-01 3.55824009e-02]
 [1.54355943e-01 6.32645711e-02]
 [1.17396839e-01 1.41881108e-01]
 [1.45623401e-01 6.08382151e-02]
 [1.06292859e-01 1.35634899e-01]
 [1.09299995e-01 6.55868202e-02]
 [1.61335900e-01 4.64146445e-03]
 [1.76215112e-01 1.20479297e-02]
 [1.07974865e-01 6.09418117e-02]
 [1.07974865e-01 8.76179140e-04]
 [1.07974865e-01 1.34125573e-03]
 [1.07974865e-01 1.27769352e-04]
 [9.58742574e-02 8.52882629e-04]
 [9.58742574e-02 2.82469951e-03]
 [9.58742574e-02 1.04343717e-03]
 [8.52421001e-02 9.06387046e-02]
 [9.68999937e-02 8.69599264e-03]] 
obj_id: 50 =============
xyz_diff, org - ref: 
[[ 3.77089696e-02 -4.63311813e+00  3.60640533e-01]
 [ 3.37671709e-01 -1.50300787e+01  1.61695490e-01]
 [ 8.31573563e-02 -2.16042245e+01  3.03123914e-01]
 [-6.15083296e-01 -4.14842525e+01 -2.30904686e-01]
 [-3.90667110e-02 -2.26470730e+01  5.89746320e-01]
 [ 1.15467850e-01 -1.85048966e+01  3.76824222e-01]
 [ 3.92975599e-01 -2.03695371e+01  5.97784053e-01]
 [ 5.13465894e-02 -2.90374079e+01  6.88863032e-01]
 [-2.01866950e-01 -3.00226456e+01  6.52541016e-01]
 [-3.85909458e-01 -2.04919005e+01  4.32549804e-01]
 [ 1.16740447e-01 -1.41309040e+01  4.67145982e-01]
 [ 5.94270395e-02 -1.70375468e+01  6.18438121e-01]
 [ 6.60979358e-01 -1.92344405e+01  7.09232871e-01]
 [ 1.21955421e-01 -1.40659368e+01  4.69458129e-01]
 [ 1.21955421e-01 -1.40659368e+01  4.69458129e-01]
 [-2.34704577e-01 -4.03336594e+01  5.48633406e-01]
 [-4.32072661e-02  4.07478720e-02  4.44329156e-02]
 [ 6.08559211e-02 -3.21665038e+00  3.51274564e-02]
 [-5.16720698e-03  7.77081974e+00  2.47851941e-01]
 [-1.38820833e-01  2.01008908e+01  1.90772068e-02]
 [-1.81356506e-01 -3.25893542e+00  2.67209359e-03]
 [-3.16078359e-01  1.05192152e+00  2.80702724e-01]
 [-5.55095867e-01  2.53766921e+01 -5.53966398e-03]
 [-5.55095867e-01  2.53766921e+01 -5.53966398e-03]
 [-5.55095867e-01  2.53766921e+01 -5.53966398e-03]
 [-5.55095867e-01  2.53766921e+01 -5.53966398e-03]
 [-5.58166695e-01 -2.94092296e+00  4.37692322e-01]] 
lwh_diff, org - ref: 
[[ 0.04791689  0.08331418  0.01597059]
 [ 0.04791689  0.08331418  0.01597059]
 [ 0.04791689  0.08331418  0.01597059]
 [ 0.04791689  0.08331418  0.01597059]
 [ 0.04791689  0.08331418  0.01597059]
 [ 0.04791689  0.08331418  0.01597059]
 [ 0.04791689  0.08331418  0.01597059]
 [ 0.04791689  0.08331418  0.01597059]
 [ 0.04791689  0.08331418  0.01597059]
 [ 0.04791689  0.08331418  0.01597059]
 [ 0.04791689  0.08331418  0.01597059]
 [ 0.04791689  0.08331418  0.01597059]
 [ 0.04791689  0.08331418  0.01597059]
 [ 0.04791689  0.08331418  0.01597059]
 [ 0.04791689  0.08331418  0.01597059]
 [ 0.04791689  0.08331418  0.01597059]
 [-0.07182646  0.07621288 -0.00217748]
 [-0.07182646  0.07621288 -0.00217748]
 [ 0.06653738  0.10375357  0.17463994]
 [ 0.06653738  0.10375357  0.17463994]
 [ 0.06653738  0.10375357  0.17463994]
 [ 0.06653738  0.10375357  0.17463994]
 [ 0.06653738  0.10375357  0.17463994]
 [ 0.06653738  0.10375357  0.17463994]
 [ 0.06653738  0.10375357  0.17463994]
 [ 0.06653738  0.10375357  0.17463994]
 [ 0.06653738  0.10375357  0.17463994]] 
socre, org, ref: 
[[0.05737779 0.01298668]
 [0.072256   0.00023667]
 [0.05733776 0.00529085]
 [0.08216313 0.00395883]
 [0.08461049 0.00126594]
 [0.08461049 0.03030631]
 [0.08461049 0.01110735]
 [0.08461049 0.00099826]
 [0.08461049 0.00665051]
 [0.0895891  0.0059326 ]
 [0.0895891  0.00730529]
 [0.08021879 0.06515887]
 [0.09700205 0.14879882]
 [0.09700205 0.00695656]
 [0.09700205 0.00695656]
 [0.07329818 0.01230961]
 [0.10460216 0.01620325]
 [0.08307959 0.00535347]
 [0.10065442 0.02576994]
 [0.09295788 0.00599192]
 [0.09295788 0.00352908]
 [0.09295788 0.00110232]
 [0.09295788 0.01151379]
 [0.09295788 0.01151379]
 [0.09295788 0.01151379]
 [0.09295788 0.01151379]
 [0.08612867 0.0003376 ]] 
obj_id: 463 =============
xyz_diff, org - ref: 
[[-3.47543767e-01 -3.97144824e+01 -1.07325997e+00]
 [ 1.06183931e-01 -1.06655481e+01 -8.18759346e-01]
 [-6.80497471e-01 -2.84320365e+01 -4.94611167e-01]
 [-1.86307323e-01 -2.70845342e+01 -1.03610041e+00]
 [-4.69572522e-01  2.15663257e+00 -1.01151779e-02]
 [ 3.08567565e-02 -3.13430271e+01 -8.60725302e-01]
 [ 3.08567565e-02 -3.13430271e+01 -8.60725302e-01]
 [ 3.08567565e-02 -3.13430271e+01 -8.60725302e-01]
 [ 3.08567565e-02 -3.13430271e+01 -8.60725302e-01]
 [ 3.08567565e-02 -3.13430271e+01 -8.60725302e-01]
 [-1.04247301e+00  6.08357525e+00  7.27051628e-02]
 [ 3.02890283e-01 -9.08823992e+00 -3.69182750e-01]
 [ 4.68230686e-01 -7.97875266e+00 -2.07416123e-01]
 [ 1.79481539e-01  2.66440569e+00  1.47974186e-01]] 
lwh_diff, org - ref: 
[[ 0.12735748  0.10079575  0.14691722]
 [ 0.12735748  0.10079575  0.14691722]
 [ 0.12735748  0.10079575  0.14691722]
 [ 0.12735748  0.10079575  0.14691722]
 [ 0.12735748  0.10079575  0.14691722]
 [ 0.12735748  0.10079575  0.14691722]
 [ 0.12735748  0.10079575  0.14691722]
 [ 0.12735748  0.10079575  0.14691722]
 [ 0.12735748  0.10079575  0.14691722]
 [ 0.12735748  0.10079575  0.14691722]
 [ 0.12735748  0.10079575  0.14691722]
 [ 0.12735748  0.10079575  0.14691722]
 [ 0.10324621  0.08140874 -0.0071032 ]
 [ 0.10324621  0.08140874 -0.0071032 ]] 
socre, org, ref: 
[[6.1022263e-02 1.4361333e-04]
 [3.1008111e-02 4.2087682e-05]
 [3.1008111e-02 4.0555769e-05]
 [3.1008111e-02 2.6583664e-05]
 [3.1008111e-02 8.3543193e-05]
 [3.1008111e-02 1.6502436e-04]
 [3.1008111e-02 1.6502436e-04]
 [3.1008111e-02 1.6502436e-04]
 [3.1008111e-02 1.6502436e-04]
 [3.1008111e-02 1.6502436e-04]
 [3.1008111e-02 5.5069289e-05]
 [1.2114981e-01 1.4414719e-01]
 [1.0962960e-01 8.0190161e-03]
 [6.8208747e-02 4.0526962e-04]] 
obj_id: 7 =============
xyz_diff, org - ref: 
[[ 2.03397265e-01 -2.60929271e+01 -7.10201586e-01]
 [ 9.11885805e-02 -2.46344163e+01 -6.60859919e-01]
 [ 4.01472837e-02 -1.02230231e+01 -2.25242645e-01]
 [ 2.64154490e-02 -9.70835690e+00 -8.62772409e-02]
 [ 1.72872744e-02 -1.54831300e+01 -3.09644168e-01]
 [ 2.59476450e-02 -1.27381283e+01 -2.05400637e-01]
 [ 5.60836341e-02 -7.32006426e+00 -8.91546506e-02]
 [ 8.43619180e-02 -1.79739660e+01 -2.86518457e-01]
 [ 3.67852618e-02 -1.44466614e+01 -1.89624050e-01]
 [ 1.42820450e-01 -3.25382595e+00  4.79521201e-02]
 [ 1.06435401e-01 -2.69643476e+00 -7.14875907e-02]
 [ 8.51363009e-02 -5.69089959e+00 -2.79782560e-02]
 [ 1.30961981e-01  4.04886240e-01 -3.58598762e-02]
 [ 2.63016274e-01 -1.27157115e+00 -4.87878693e-02]
 [ 1.62163719e-01  1.39720590e+01  3.79373252e-01]
 [ 5.53297925e-02  1.21030281e+01  2.35966472e-01]
 [ 4.62949559e-02  1.70372816e+01  3.69534254e-01]
 [ 2.66324261e-01  7.39231415e-01  8.56729670e-02]
 [ 6.52301458e-02  1.76416695e+01  3.96868292e-01]
 [ 2.66467284e-02 -9.31051692e+00 -1.85478561e-01]
 [-8.56751584e-02  3.18279607e+01  8.14643014e-01]
 [-3.49320421e-03  9.02012323e+00  3.89109183e-01]
 [-3.14731573e-01  2.42237686e+01  5.53494025e-01]
 [-1.92244001e-01  2.28512341e+01  5.85433255e-01]
 [-3.45626980e-01  4.74598893e+01  1.16786967e+00]
 [-7.97999433e-02  3.82242395e+01  8.68845880e-01]
 [-7.72955982e-01  4.09716817e+01  8.64200013e-01]] 
lwh_diff, org - ref: 
[[-0.07832718 -0.06110191  0.15253747]
 [-0.04022789 -0.0381546   0.18571508]
 [-0.07074499 -0.07287478  0.16864526]
 [-0.06269741 -0.06496882  0.22664344]
 [ 0.13477802 -0.0554955  -0.032727  ]
 [ 0.04856157 -0.06574249 -0.03994787]
 [-0.03420782 -0.05243182  0.0860666 ]
 [ 0.01950932 -0.04948831  0.01019156]
 [-0.08566427 -0.09164953  0.09182632]
 [ 0.21267223 -0.02830005  0.45731783]
 [-0.14381075 -0.12015164 -0.03943205]
 [ 0.01427507 -0.05798435 -0.00408494]
 [-0.08355522 -0.06005454 -0.00152087]
 [-0.06150723 -0.0732851   0.09951448]
 [-0.27621126 -0.13306689  0.20328295]
 [-0.01953983 -0.080091   -0.01811957]
 [-0.25024557 -0.10915828 -0.00740993]
 [-0.14237499 -0.07909298  0.04160392]
 [-0.1346817  -0.08652258  0.01657772]
 [-0.1346817  -0.08652258  0.01657772]
 [-0.1346817  -0.08652258  0.01657772]
 [-0.18381786 -0.09300232  0.1403966 ]
 [ 0.01824808 -0.04910111  0.01093698]
 [-0.04889011 -0.04899907  0.1506722 ]
 [ 0.11116743 -0.02470756  0.13056684]
 [-0.20440435 -0.09955168  0.06341743]
 [-0.05037498 -0.06408787 -0.00113547]] 
socre, org, ref: 
[[0.25916356 0.00175604]
 [0.18312208 0.00091213]
 [0.17969096 0.00212209]
 [0.23949377 0.00218824]
 [0.29874572 0.04873659]
 [0.2894033  0.06288952]
 [0.3421696  0.00330075]
 [0.26706934 0.06715755]
 [0.3378686  0.00368071]
 [0.21806395 0.00781455]
 [0.33310986 0.02346556]
 [0.25276104 0.02978739]
 [0.12894925 0.00599718]
 [0.2733719  0.00294949]
 [0.2788562  0.00210726]
 [0.20257531 0.00869734]
 [0.2050573  0.00842894]
 [0.23074116 0.00727539]
 [0.18670103 0.03088835]
 [0.18670103 0.00397096]
 [0.18670103 0.00236713]
 [0.2929658  0.00312163]
 [0.24702317 0.00490685]
 [0.23698209 0.00176661]
 [0.24900463 0.00324231]
 [0.30043438 0.0013438 ]
 [0.23160926 0.01112381]] 
obj_id: 14 =============
xyz_diff, org - ref: 
[[-1.01463037e-01 -2.33794603e+01 -5.28793016e-01]
 [ 1.93998259e-01 -2.52253050e+01 -6.45265745e-01]
 [-1.03310414e-01  3.80704028e+00  1.13250783e-02]
 [ 1.39551671e-02 -7.18619924e+00 -1.27447929e-01]
 [ 2.24527789e-01 -6.37089773e+00 -9.28835612e-02]
 [ 3.07843420e-01 -7.28187772e+00 -1.02477600e-01]
 [ 1.80407854e-01  1.92115922e+00  1.13684031e-01]
 [ 1.10336711e-01 -4.85038063e+00 -7.48481502e-03]
 [ 2.35205063e-02 -7.48284541e-03 -3.25093837e-02]
 [ 5.01699533e-02 -3.32735779e-01 -8.01187289e-02]
 [ 1.19834432e-01  3.60205458e+00  3.97923198e-02]
 [ 2.33437682e-02 -1.38546743e+00  3.89964884e-02]
 [ 1.33930760e-01  1.28814136e+01  3.36970564e-01]
 [ 6.88561998e-02  7.64720995e-01  2.77090363e-03]
 [ 1.83240468e-01  1.35614076e+01  2.84094740e-01]
 [ 5.89851191e-02  1.00870409e+01  2.08596075e-01]
 [-1.26804667e-02  1.03539687e+01  2.88028378e-01]
 [-1.63274889e-01  1.55923391e+01  3.12180193e-01]
 [-8.21079421e-02  1.99486445e+01  3.94159247e-01]
 [ 1.14092226e-02  2.12893031e+01  4.98370083e-01]
 [-1.42828211e-01  2.30011406e+01  6.27710607e-01]
 [-2.92221749e-01  7.54192055e+00  1.83901418e-01]
 [-1.93605403e-01  2.18964350e+01  5.88447528e-01]
 [-3.62972521e-02  1.92991719e+01  5.16741404e-01]
 [-6.27720898e-01  2.89172560e+01  6.73571574e-01]] 
lwh_diff, org - ref: 
[[ 0.20855045  0.0908587   0.30943847]
 [-0.06411171  0.02242732  0.16264522]
 [-0.03223467  0.02409172  0.04225695]
 [-0.03335428  0.02322125  0.00823295]
 [-0.26913357 -0.01813865  0.20511079]
 [ 0.00368261  0.03359342 -0.00494623]
 [-0.13869953  0.01574683  0.18344057]
 [ 0.24758053  0.09709382  0.42294514]
 [-0.01314497  0.01546955  0.04219663]
 [ 0.0383935   0.04360461  0.02593553]
 [ 0.0383935   0.04360461  0.02593553]
 [ 0.0383935   0.04360461  0.02593553]
 [-0.27580643 -0.00913227  0.279302  ]
 [ 0.26685667  0.08227015  0.06108475]
 [ 0.26685667  0.08227015  0.06108475]
 [ 0.26685667  0.08227015  0.06108475]
 [ 0.22257471  0.08008933  0.07744026]
 [ 0.22257471  0.08008933  0.07744026]
 [ 0.22257471  0.08008933  0.07744026]
 [ 0.22257471  0.08008933  0.07744026]
 [-0.501019   -0.06111932  0.07398105]
 [-0.10534525  0.01039505  0.21851695]
 [-0.05790758  0.04901338  0.19448495]
 [-0.15511799 -0.00241089  0.1337285 ]
 [ 0.17042828  0.08079362  0.05858827]] 
socre, org, ref: 
[[0.13843068 0.00111933]
 [0.12143748 0.00130065]
 [0.1590169  0.00467524]
 [0.194848   0.00179501]
 [0.16414212 0.00502388]
 [0.14812602 0.00168795]
 [0.16242997 0.00785879]
 [0.10317069 0.00148719]
 [0.14556369 0.00405444]
 [0.11295044 0.00521954]
 [0.09478393 0.01208393]
 [0.09478393 0.00552542]
 [0.1438953  0.01372053]
 [0.1303017  0.00284292]
 [0.08343947 0.00622748]
 [0.0935411  0.01374614]
 [0.11098439 0.00727665]
 [0.11098439 0.0048727 ]
 [0.11098439 0.00306895]
 [0.090826   0.00250614]
 [0.13790153 0.00152896]
 [0.12344355 0.00047939]
 [0.13512404 0.00219621]
 [0.13049518 0.00054013]
 [0.12452579 0.00035305]] 
obj_id: 24 =============
xyz_diff, org - ref: 
[[-1.45022783e-01 -6.08923507e+00  1.17249768e-01]
 [-3.47840819e-02 -7.90407870e+00  5.98533848e-02]
 [-3.09768831e-03 -4.86459779e-02  1.06070414e-01]
 [ 1.18348489e-01  1.18145520e+00  2.37144326e-01]
 [ 1.48895318e-01  6.94863720e+00  4.07060553e-01]
 [ 2.18278287e-01  2.84075256e+00  1.43156463e-01]
 [ 1.70919226e-01  1.27935571e+00  1.36310551e-01]
 [ 1.26368194e-01  1.86618725e-01  4.72373981e-02]
 [ 3.51487694e-01  1.22719198e+01  6.34565407e-01]
 [ 1.49157593e-01  1.69364511e+01  6.67316118e-01]
 [ 1.24081350e-01  3.27820215e-01  7.08035604e-02]
 [ 2.11414632e-01  2.42403914e+00  1.63496527e-01]
 [-4.78458055e-02  1.10810707e+01  3.63785952e-01]
 [ 1.34662194e-01  1.68328823e+01  5.06162753e-01]
 [ 2.43390540e-01  1.62864634e+01  4.81634641e-01]
 [ 1.33780339e-01  7.18770144e+00  2.79316403e-01]
 [-1.67349821e-01  1.55018491e+01  4.51294532e-01]
 [-8.64579480e-02  1.44657522e+01  5.10348938e-01]
 [ 2.84748679e-01  1.09481841e+01  4.87071425e-01]
 [ 6.75434407e-01  2.29948234e+01  8.84267439e-01]
 [ 2.13324346e+00  3.92287140e+01  1.30776340e+00]
 [ 1.56703229e+00  3.45442718e+01  1.12301716e+00]
 [ 2.72644788e+00  4.48694376e+01  1.50685317e+00]
 [ 3.20207571e+00  5.37454202e+01  1.75655635e+00]
 [ 2.68948257e+00  4.94458804e+01  1.48107665e+00]
 [ 2.68948257e+00  4.94458804e+01  1.48107665e+00]
 [ 2.68948257e+00  4.94458804e+01  1.48107665e+00]
 [ 2.93278936e+00  5.63082942e+01  1.66014228e+00]] 
lwh_diff, org - ref: 
[[ 1.42894268e-01  3.77743244e-02  2.44577765e-01]
 [-3.67426872e-02  1.26726627e-02  2.56009102e-01]
 [ 2.36597061e-02  1.95105076e-02  6.01897240e-02]
 [-2.53977776e-02  5.08887768e-02  2.41580725e-01]
 [ 2.23680973e-01  6.19568825e-02  2.31159329e-01]
 [ 5.19165993e-02  7.87448883e-03  3.30979824e-02]
 [-1.02569103e-01 -5.50993681e-02 -1.34843588e-02]
 [-2.98037529e-02 -3.94301414e-02  4.34747934e-02]
 [-5.13467789e-02  1.26340389e-02  2.39726424e-01]
 [ 4.36897278e-02  3.63707542e-03  4.64344025e-02]
 [-1.36765480e-01 -7.99862146e-02 -2.60818005e-02]
 [-1.61399841e-02 -4.64763641e-02 -5.88524342e-03]
 [-1.61399841e-02 -4.64763641e-02 -5.88524342e-03]
 [-1.61399841e-02 -4.64763641e-02 -5.88524342e-03]
 [-1.61399841e-02 -4.64763641e-02 -5.88524342e-03]
 [-1.61399841e-02 -4.64763641e-02 -5.88524342e-03]
 [-1.61399841e-02 -4.64763641e-02 -5.88524342e-03]
 [-1.61399841e-02 -4.64763641e-02 -5.88524342e-03]
 [-1.61399841e-02 -4.64763641e-02 -5.88524342e-03]
 [ 6.93349838e-02 -2.25088596e-02  5.06248116e-01]
 [-1.66252613e-01 -9.48903561e-02 -3.35894823e-02]
 [ 1.58603668e-01  3.49767208e-02  2.95988560e-01]
 [ 2.13598728e-01  5.02824783e-04  1.73873901e-02]
 [ 2.13598728e-01  5.02824783e-04  1.73873901e-02]
 [ 2.13598728e-01  5.02824783e-04  1.73873901e-02]
 [ 2.13598728e-01  5.02824783e-04  1.73873901e-02]
 [ 2.13598728e-01  5.02824783e-04  1.73873901e-02]
 [ 2.13598728e-01  5.02824783e-04  1.73873901e-02]] 
socre, org, ref: 
[[9.65199545e-02 3.02501651e-03]
 [1.44973144e-01 2.85226409e-03]
 [1.28501520e-01 2.93280487e-03]
 [1.14802338e-01 5.18677710e-03]
 [1.00174628e-01 1.42178184e-03]
 [1.19491458e-01 2.96406052e-03]
 [1.05544731e-01 1.48804544e-03]
 [1.06513359e-01 1.84584968e-03]
 [1.23718828e-01 2.33410648e-03]
 [1.46710128e-01 1.14418706e-03]
 [1.43277571e-01 7.57876405e-05]
 [1.07465014e-01 2.63195252e-04]
 [1.07465014e-01 4.82678763e-04]
 [1.07465014e-01 2.74627819e-03]
 [1.07465014e-01 8.75235477e-04]
 [7.97022805e-02 2.37402011e-04]
 [7.97022805e-02 1.19745173e-03]
 [7.97022805e-02 2.15413608e-03]
 [6.94836006e-02 1.34617439e-03]
 [1.09631799e-01 1.25413714e-02]
 [1.45800129e-01 4.49207379e-04]
 [1.15726836e-01 1.16897617e-02]
 [1.25946626e-01 3.85990832e-04]
 [1.25946626e-01 4.83952725e-04]
 [1.25946626e-01 1.60768861e-03]
 [1.25946626e-01 1.60768861e-03]
 [1.25946626e-01 1.60768861e-03]
 [7.10104927e-02 7.49790634e-05]] 
obj_id: 22 =============
xyz_diff, org - ref: 
[[ 2.14339628e+00  4.29783889e+01  1.04239617e+00]
 [ 7.05894571e-01  2.30361832e+01  4.85532672e-01]
 [ 1.18106755e-01 -1.54581874e+00 -2.84202771e-02]
 [ 1.05473417e-01 -9.18377965e+00  4.93487333e-01]
 [ 2.56369024e-01  5.57515109e+00  3.51342177e-01]
 [ 2.01439373e-01  4.63676943e+00  1.88270595e-01]
 [-4.36653170e-01 -1.21877500e+01  6.84802228e-02]
 [ 8.18730938e-02  8.04395499e+00  4.06392831e-01]
 [ 4.29286263e-01  8.75284295e+00  3.31651274e-01]
 [-1.64377542e-01 -1.60402236e+01  3.28121078e-01]
 [-1.92832375e-01  1.69151589e-02  7.13215423e-02]
 [-3.69239912e-02 -2.90273868e+00  2.37523446e-01]
 [-7.67330213e-01 -1.68703144e+01 -2.00104063e-02]
 [-1.50456704e-01 -2.32703681e+00  1.72257032e-01]
 [-1.61300174e-01 -2.20164273e+00  1.77209695e-01]
 [-1.52646340e-01  4.94384611e+00  1.16729868e-01]
 [-3.69239912e-02 -2.90273868e+00  2.37523446e-01]
 [-8.44087830e-01 -1.54067740e+01  5.30445919e-03]
 [-1.06993278e-02 -1.58819415e+01  8.18919924e-02]
 [-4.51125573e-02 -5.79182802e-02  2.15875690e-02]
 [-1.12744220e-01 -1.03178941e+01 -1.14833291e-01]
 [-1.17926990e-01 -9.00958448e+00 -1.52172568e-01]
 [-1.72215477e-02 -2.56137468e+00 -2.08171413e-01]
 [-5.27919695e-01 -1.04470697e+01  7.87559097e-03]
 [-1.51975742e+00 -1.44514917e+01  3.16197692e-01]
 [-1.11119730e+00 -1.98621836e+01  1.90769066e-01]
 [-1.07406631e+00 -5.73760733e+00  3.72436404e-01]
 [-1.17649091e+00 -3.74473523e+00  2.74080585e-01]
 [-1.11119730e+00 -1.98621836e+01  1.90769066e-01]
 [-1.11119730e+00 -1.98621836e+01  1.90769066e-01]
 [ 4.07233305e-02  4.58058582e-02  5.23169777e-02]] 
lwh_diff, org - ref: 
[[-0.02108812 -0.02695251 -0.05209148]
 [-0.02108812 -0.02695251 -0.05209148]
 [-0.13202381 -0.04107285 -0.02387631]
 [-0.13202381 -0.04107285 -0.02387631]
 [-0.13202381 -0.04107285 -0.02387631]
 [-0.13202381 -0.04107285 -0.02387631]
 [-0.13202381 -0.04107285 -0.02387631]
 [-0.13202381 -0.04107285 -0.02387631]
 [-0.13202381 -0.04107285 -0.02387631]
 [-0.13202381 -0.04107285 -0.02387631]
 [-0.13202381 -0.04107285 -0.02387631]
 [-0.13202381 -0.04107285 -0.02387631]
 [-0.13202381 -0.04107285 -0.02387631]
 [-0.13202381 -0.04107285 -0.02387631]
 [-0.13202381 -0.04107285 -0.02387631]
 [-0.13202381 -0.04107285 -0.02387631]
 [-0.13202381 -0.04107285 -0.02387631]
 [-0.13202381 -0.04107285 -0.02387631]
 [-0.13202381 -0.04107285 -0.02387631]
 [-0.29435253 -0.06963325 -0.01395559]
 [-0.07901287 -0.00250363  0.06834805]
 [ 0.06923056  0.0298605   0.09364307]
 [ 0.06923056  0.0298605   0.09364307]
 [ 0.06923056  0.0298605   0.09364307]
 [ 0.06923056  0.0298605   0.09364307]
 [ 0.06923056  0.0298605   0.09364307]
 [ 0.06923056  0.0298605   0.09364307]
 [ 0.06923056  0.0298605   0.09364307]
 [ 0.06923056  0.0298605   0.09364307]
 [ 0.06923056  0.0298605   0.09364307]
 [-0.35471725 -0.10086405 -0.03635538]] 
socre, org, ref: 
[[0.10418522 0.06285386]
 [0.09271277 0.00438942]
 [0.10080277 0.04652684]
 [0.06401198 0.06644921]
 [0.07551835 0.03125339]
 [0.0600625  0.00635044]
 [0.07433988 0.00556538]
 [0.06989739 0.00765712]
 [0.06989739 0.00227396]
 [0.06989739 0.01305628]
 [0.06989739 0.00197573]
 [0.06989739 0.05343196]
 [0.06989739 0.03717448]
 [0.06989739 0.01358702]
 [0.06989739 0.00630852]
 [0.06989739 0.11721337]
 [0.06989739 0.05343196]
 [0.06989739 0.02773662]
 [0.06989739 0.00113849]
 [0.11814202 0.02615785]
 [0.10962895 0.3383516 ]
 [0.13161193 0.00681662]
 [0.08940367 0.13972051]
 [0.08940367 0.00408386]
 [0.08940367 0.00315559]
 [0.08940367 0.02683782]
 [0.08940367 0.01281147]
 [0.08940367 0.0077764 ]
 [0.08940367 0.02683782]
 [0.08940367 0.02683782]
 [0.12496921 0.03085562]] 
obj_id: 6 =============
xyz_diff, org - ref: 
[[ 8.53124761e-01  2.92930257e+01  6.26614468e-01]
 [ 2.15417308e-01  1.50989268e+01  3.42527613e-01]
 [ 3.27902743e-01  1.80816773e+01  4.46093213e-01]
 [ 3.75356513e-01  2.10156138e+01  4.57371383e-01]
 [ 2.53690186e-01  1.16870851e+01  2.76214775e-01]
 [ 4.26657727e-01  2.71691649e+01  6.78501363e-01]
 [ 3.33304932e-01  1.38571280e+01  3.10863140e-01]
 [ 3.75927723e-01  1.44180987e+01  3.66677106e-01]
 [ 9.55363156e-02  1.76299676e+01  3.38060364e-01]
 [ 4.51216059e-01  1.61073632e+01  3.98651277e-01]
 [ 2.70314811e-01  1.05468359e+01  2.59730577e-01]
 [ 2.68026969e-01  1.17472874e+01  2.48607824e-01]
 [ 2.00640749e-01  1.59695901e+01  3.22905092e-01]
 [ 2.39435308e-01  1.01424172e+01  1.98831629e-01]
 [ 6.93929367e-02  4.41330542e-01 -7.24618813e-02]
 [ 1.49981200e-01  6.16333679e+00  6.87741153e-02]
 [-1.45194701e-02  1.77275268e+00  1.48918307e-02]
 [ 3.11906338e-02 -6.16949472e+00 -1.51637577e-01]
 [ 1.17655058e-01 -5.29519414e+00 -9.63923605e-02]
 [-8.65121518e-03  1.94255588e+00 -1.13253258e-02]
 [ 4.21785915e-02 -3.71631752e+00  5.79788270e-03]
 [ 5.51030227e-02 -8.38366310e+00 -1.16731576e-01]
 [ 3.56360163e-02 -2.35811825e+00  9.09620968e-03]
 [ 9.70661216e-02 -1.35541464e+00 -1.10726707e-01]
 [ 3.88316315e-01 -9.42366296e+00 -9.58123948e-02]
 [-2.73425598e-02 -3.31829799e+00  1.82723362e-01]
 [-1.20332352e-01 -8.76205485e+00  5.58394088e-02]
 [-3.09202901e-01  7.76029220e+00  7.59769072e-01]
 [-5.68016084e-01 -1.59387311e+01  1.51804064e-01]
 [-5.61060302e-01 -2.62003965e+01 -1.17131907e-01]
 [-5.40304721e-01 -2.64183666e+01 -2.05159527e-01]
 [-6.30129165e-01 -1.77524716e+01 -3.26234133e-03]
 [-1.52494701e+00 -1.23067238e+01  8.16169778e-02]
 [-1.21529108e+00 -4.37553117e+01 -7.34564571e-01]] 
lwh_diff, org - ref: 
[[-0.06569147 -0.05701232  0.03226018]
 [-0.03789806 -0.0378058   0.06604862]
 [-0.14519835 -0.07297564  0.16003776]
 [ 0.04062223 -0.04144001  0.20397031]
 [-0.08581734 -0.07896924  0.20187247]
 [ 0.06659269 -0.04786086 -0.0268203 ]
 [ 0.21187973 -0.02802539 -0.04821873]
 [-0.34620047 -0.10873389  0.10498202]
 [-0.00580692 -0.0895431  -0.06525862]
 [-0.14181709 -0.06954122  0.18064451]
 [ 0.32615662  0.01766706  0.44746435]
 [ 0.06504488 -0.03753591 -0.00743437]
 [-0.01405716 -0.0675478   0.0006361 ]
 [-0.06405497 -0.06727505 -0.03082812]
 [ 0.01555872 -0.05736208  0.07822895]
 [ 0.01270866 -0.04611659  0.19996095]
 [-0.09523296 -0.10865343 -0.0449419 ]
 [-0.07653475 -0.08856082  0.0031147 ]
 [-0.1323328  -0.10238481 -0.02837408]
 [-0.02681303 -0.08905792 -0.04890084]
 [-0.02681303 -0.08905792 -0.04890084]
 [-0.02681303 -0.08905792 -0.04890084]
 [-0.02681303 -0.08905792 -0.04890084]
 [ 0.04219627 -0.04364371  0.00748372]
 [-0.00248384 -0.02535486  0.04419684]
 [ 0.04056311 -0.05909324  0.09350431]
 [ 0.07138491 -0.05338192  0.07285821]
 [-0.00836134 -0.0606401   0.00430632]
 [-0.00836134 -0.0606401   0.00430632]
 [-0.00836134 -0.0606401   0.00430632]
 [-0.00836134 -0.0606401   0.00430632]
 [-0.00836134 -0.0606401   0.00430632]
 [-0.00467587 -0.06500077 -0.03494906]
 [-0.30853415 -0.13500237  0.07107759]] 
socre, org, ref: 
[[2.6031691e-01 1.0750893e-03]
 [2.4229741e-01 1.3606383e-04]
 [2.2866417e-01 1.0080596e-04]
 [1.9076139e-01 1.5203179e-04]
 [1.7559813e-01 1.1413983e-04]
 [3.0647570e-01 4.3909247e-03]
 [2.6868039e-01 1.6435947e-02]
 [3.1471521e-01 5.7525001e-05]
 [2.8453293e-01 5.7757930e-03]
 [2.8227836e-01 3.3168140e-05]
 [2.2765563e-01 7.4918236e-05]
 [2.4234270e-01 4.2257695e-03]
 [2.2981933e-01 1.3399129e-04]
 [2.5751349e-01 1.8074209e-03]
 [3.4195456e-01 3.5953967e-04]
 [2.7887827e-01 3.8613289e-04]
 [2.7858505e-01 1.8439555e-03]
 [3.5845631e-01 7.6097327e-05]
 [3.3124766e-01 2.0410726e-04]
 [2.8260437e-01 2.5443423e-03]
 [2.8260437e-01 4.0331809e-04]
 [2.8260437e-01 1.6560977e-04]
 [2.8260437e-01 9.3020784e-04]
 [3.3358401e-01 5.5889279e-04]
 [2.0869154e-01 8.7325217e-04]
 [3.4163377e-01 2.6944143e-04]
 [2.7686328e-01 7.4871525e-05]
 [2.7746952e-01 3.1486887e-04]
 [2.7746952e-01 2.7223368e-04]
 [2.7746952e-01 6.2444987e-04]
 [2.7746952e-01 4.0682961e-04]
 [2.7746952e-01 6.5138674e-04]
 [3.3812627e-01 1.4747329e-03]
 [3.4730098e-01 1.2077523e-04]] 
obj_id: 3 =============
xyz_diff, org - ref: 
[[-0.06862245 -0.0831171   0.01192069]
 [-0.06558805 -0.08980578 -0.00577169]
 [-0.06293555 -0.0645755  -0.02517879]
 [-0.06930888 -0.03766101 -0.05581652]
 [-0.04152564 -0.07417658 -0.04459918]
 [-0.04732108 -0.03840316 -0.06549796]
 [-0.03971904  0.01633967 -0.04339594]
 [-0.0510519  -0.05048613 -0.05659112]
 [-0.08271047 -0.26842267 -0.07676047]
 [-0.05577888 -1.26299955 -0.0931469 ]] 
lwh_diff, org - ref: 
[[-0.21069098  0.00607634 -0.07615316]
 [-0.30711842 -0.00454283 -0.11971974]
 [-0.36612511 -0.00324988 -0.16836119]
 [-0.40545702 -0.05823684 -0.13190556]
 [-0.34768772 -0.0346477  -0.11238623]
 [-0.27918911 -0.0170238  -0.068169  ]
 [-0.33296776 -0.00558376 -0.10200393]
 [-0.22708178 -0.00234437 -0.03058636]
 [-0.30078316 -0.04458618 -0.00190675]
 [-0.30078316 -0.04458618 -0.00190675]] 
socre, org, ref: 
[[0.34975657 0.73003894]
 [0.30837345 0.6987102 ]
 [0.31048274 0.67974365]
 [0.29311964 0.7986132 ]
 [0.15434484 0.78109443]
 [0.26313657 0.7719569 ]
 [0.2796979  0.7791078 ]
 [0.26637647 0.7816869 ]
 [0.31718233 0.80048794]
 [0.04066924 0.09631071]] 
obj_id: 17 =============
xyz_diff, org - ref: 
[[-1.12290549e-01  3.12437865e+00  1.23446178e-01]
 [-2.44768024e-02 -2.76602921e-02  1.53703859e-02]
 [-4.93409610e-02 -7.91958515e-02 -5.79115537e-02]
 [-1.92448973e-02 -5.45257831e+00  1.09963371e-01]
 [-2.44287472e-02 -6.20762774e+00 -2.18133886e-01]
 [-1.17680704e-01 -3.23637425e+00 -1.35349804e-01]
 [ 1.52155581e-02 -1.13148442e+01 -2.79154008e-03]
 [-6.87522127e-04 -7.84823386e-02 -5.10235362e-02]
 [-1.91728105e-01 -6.03271800e+00 -3.08604968e-02]
 [-2.98105671e-01 -1.98752482e+00 -1.80476646e-02]
 [-1.88206054e-01 -2.04920165e+01 -7.13842879e-02]
 [ 4.25058862e-02 -2.44154970e+01 -4.19816213e-01]
 [-8.07161516e-02 -3.00391950e+01 -6.21387175e-01]
 [-8.07161516e-02 -3.00391950e+01 -6.21387175e-01]
 [-6.74596196e-01 -2.94644211e+01 -4.82024222e-01]] 
lwh_diff, org - ref: 
[[-0.22874498 -0.05328274  0.20395088]
 [-0.16572094 -0.05663419  0.0232985 ]
 [-0.16572094 -0.05663419  0.0232985 ]
 [-0.18300009 -0.03736567  0.1985414 ]
 [-0.18300009 -0.03736567  0.1985414 ]
 [-0.18300009 -0.03736567  0.1985414 ]
 [-0.18300009 -0.03736567  0.1985414 ]
 [-0.18300009 -0.03736567  0.1985414 ]
 [-0.18300009 -0.03736567  0.1985414 ]
 [-0.18300009 -0.03736567  0.1985414 ]
 [-0.18300009 -0.03736567  0.1985414 ]
 [-0.18300009 -0.03736567  0.1985414 ]
 [-0.18300009 -0.03736567  0.1985414 ]
 [-0.18300009 -0.03736567  0.1985414 ]
 [-0.18300009 -0.03736567  0.1985414 ]] 
socre, org, ref: 
[[1.18260816e-01 1.30540971e-03]
 [1.02304943e-01 9.07495469e-02]
 [9.42927003e-02 2.71016010e-03]
 [1.10631853e-01 1.23676308e-03]
 [9.93284434e-02 5.36562642e-04]
 [8.87198821e-02 2.78087129e-04]
 [9.66938511e-02 1.57003244e-03]
 [9.73252505e-02 3.47441703e-04]
 [9.73252505e-02 6.42393570e-05]
 [9.73252505e-02 2.12190876e-04]
 [9.73252505e-02 7.80831324e-05]
 [9.73252505e-02 1.07587874e-03]
 [9.73252505e-02 1.47527340e-03]
 [9.73252505e-02 1.47527340e-03]
 [9.17187780e-02 1.51519984e-04]] 
obj_id: 28 =============
xyz_diff, org - ref: 
[[-1.75891949e-01  1.05741922e+01  3.40131261e-01]
 [-2.46126040e-01  9.72315575e+00  3.10004949e-01]
 [-2.48799697e-01  7.59252142e+00  1.63312411e-01]
 [ 1.30792100e-03 -1.07354382e+01  2.75967153e-01]
 [ 1.02578517e-01 -1.19640562e+01  2.62852484e-01]
 [-3.52483328e-02 -3.68624715e+00  5.86055114e-02]
 [-1.27016805e-01 -3.42120042e+00  2.49011970e-01]
 [-7.82851608e-02 -2.82715638e-02 -3.51079419e-02]
 [-1.52210317e-01 -9.83273368e+00  1.33192414e-01]
 [-9.98011151e-02 -1.68608993e+01  1.75452207e-01]
 [-9.98011151e-02 -1.68608993e+01  1.75452207e-01]
 [-9.98011151e-02 -1.68608993e+01  1.75452207e-01]
 [-2.70026317e-01 -1.15156905e+01  1.26911170e-01]] 
lwh_diff, org - ref: 
[[-0.08797646  0.07748461  0.2241056 ]
 [-0.08797646  0.07748461  0.2241056 ]
 [-0.08797646  0.07748461  0.2241056 ]
 [-0.08797646  0.07748461  0.2241056 ]
 [-0.08797646  0.07748461  0.2241056 ]
 [-0.08797646  0.07748461  0.2241056 ]
 [-0.08797646  0.07748461  0.2241056 ]
 [-0.25645161  0.00842941 -0.00430262]
 [-0.25645161  0.00842941 -0.00430262]
 [-0.25645161  0.00842941 -0.00430262]
 [-0.25645161  0.00842941 -0.00430262]
 [-0.25645161  0.00842941 -0.00430262]
 [-0.25645161  0.00842941 -0.00430262]] 
socre, org, ref: 
[[0.08460336 0.0045032 ]
 [0.09591812 0.00414669]
 [0.09124567 0.00182404]
 [0.07319571 0.00122388]
 [0.06632055 0.00122474]
 [0.07888363 0.00102569]
 [0.08500678 0.00102772]
 [0.10146356 0.02049861]
 [0.08925177 0.0064924 ]
 [0.03513962 0.01151596]
 [0.03513962 0.01151596]
 [0.03513962 0.01151596]
 [0.07728213 0.00075758]] 
obj_id: 29 =============
xyz_diff, org - ref: 
[[ 5.69935859e-03 -1.64847409e-02 -2.19600910e-02]
 [-2.72637003e-02  1.42879970e+01  2.53246611e-01]
 [ 4.25697651e-01 -2.50693086e+00  1.32293283e-02]
 [ 3.06942600e-01  2.69985234e+00  2.50212371e-01]
 [ 3.89259101e-02  9.53363009e-01  8.98398028e-03]
 [ 1.74429447e-01 -9.63964884e+00 -1.74634014e-01]
 [ 1.74429447e-01 -9.63964884e+00 -1.74634014e-01]
 [ 9.48105989e-01 -1.91141780e+01 -3.21801581e-01]
 [ 1.74429447e-01 -9.63964884e+00 -1.74634014e-01]
 [ 1.74429447e-01 -9.63964884e+00 -1.74634014e-01]
 [ 1.74429447e-01 -9.63964884e+00 -1.74634014e-01]
 [ 1.40826828e-01 -9.87782231e+00 -1.81119354e-01]
 [ 4.20218527e-01 -3.75083143e+00 -3.12305511e-02]] 
lwh_diff, org - ref: 
[[0.1328845  0.08877766 0.0683794 ]
 [0.1328845  0.08877766 0.0683794 ]
 [0.1328845  0.08877766 0.0683794 ]
 [0.1328845  0.08877766 0.0683794 ]
 [0.1328845  0.08877766 0.0683794 ]
 [0.1328845  0.08877766 0.0683794 ]
 [0.1328845  0.08877766 0.0683794 ]
 [0.1328845  0.08877766 0.0683794 ]
 [0.1328845  0.08877766 0.0683794 ]
 [0.1328845  0.08877766 0.0683794 ]
 [0.1328845  0.08877766 0.0683794 ]
 [0.1328845  0.08877766 0.0683794 ]
 [0.1328845  0.08877766 0.0683794 ]] 
socre, org, ref: 
[[8.2923919e-02 1.8821064e-01]
 [5.4027006e-02 5.6436822e-02]
 [5.4027006e-02 2.1398475e-04]
 [8.5923806e-02 1.2787672e-03]
 [8.5923806e-02 1.0537257e-03]
 [8.5923806e-02 2.5082295e-04]
 [8.5923806e-02 2.5082295e-04]
 [8.5923806e-02 1.7619861e-04]
 [8.5923806e-02 2.5082295e-04]
 [8.5923806e-02 2.5082295e-04]
 [8.5923806e-02 2.5082295e-04]
 [9.1591634e-02 2.5802027e-04]
 [5.7232447e-02 2.1762388e-04]] 
obj_id: 32 =============
xyz_diff, org - ref: 
[[-3.50310982e-01 -1.29297048e+01  2.35347253e-01]
 [-6.07606103e-02 -1.56455961e+01  2.94554377e-01]
 [-6.97858948e-01 -5.08882017e+01 -2.20797833e-01]
 [ 2.69218236e-01 -4.96073528e+01 -4.88395235e-02]
 [ 7.13367819e-01 -2.82683681e+01 -1.31010039e-01]
 [ 2.70151505e-01 -3.97772751e+01  2.76468631e-01]
 [ 2.16987573e-01 -4.09063249e+01  5.60140758e-02]
 [-3.90256655e-01 -4.35366543e+01  8.89693866e-02]
 [ 4.36494100e-01 -3.80183661e+01  2.05456068e-01]
 [ 4.48009199e-01 -3.94545500e+01  3.35840600e-01]
 [ 5.00102639e-01 -3.58769028e+01 -4.26126727e-01]
 [-1.21290836e-03  7.92180799e-02 -7.58499681e-02]
 [ 2.60015566e-01 -9.13265784e+00 -8.95296959e-02]
 [ 1.70557854e+00  9.95312337e+00 -9.46108954e-01]
 [ 3.60275197e-01  1.84694566e+00 -3.76810507e-01]
 [ 4.18840610e-02  1.00937653e-01  6.97344797e-02]
 [ 4.97202795e-01  1.33712788e+01  3.16689193e-01]
 [ 5.57601370e-01  1.45949212e+01  2.49423369e-01]
 [ 6.13375305e-01  1.56781133e+01  4.59749590e-01]
 [ 6.96141223e-02  2.29900139e+01 -2.27625341e-01]
 [-2.99408050e-01 -3.87292908e-01 -9.41135928e-01]
 [-2.99408050e-01 -3.87292908e-01 -9.41135928e-01]
 [-2.99408050e-01 -3.87292908e-01 -9.41135928e-01]
 [-2.99408050e-01 -3.87292908e-01 -9.41135928e-01]
 [-2.99408050e-01 -3.87292908e-01 -9.41135928e-01]
 [ 2.30533865e-03  6.72623838e+00 -3.95415395e-01]
 [-2.99408050e-01 -3.87292908e-01 -9.41135928e-01]
 [ 2.49232337e-01  6.32601609e+00 -1.35710263e-01]] 
lwh_diff, org - ref: 
[[-0.02848482  0.04102433  0.04649532]
 [-0.02848482  0.04102433  0.04649532]
 [-0.02848482  0.04102433  0.04649532]
 [-0.02848482  0.04102433  0.04649532]
 [-0.02848482  0.04102433  0.04649532]
 [-0.02848482  0.04102433  0.04649532]
 [-0.02848482  0.04102433  0.04649532]
 [-0.02848482  0.04102433  0.04649532]
 [-0.02848482  0.04102433  0.04649532]
 [-0.02848482  0.04102433  0.04649532]
 [-0.02848482  0.04102433  0.04649532]
 [-0.09365702  0.01162875  0.08276057]
 [-0.09365702  0.01162875  0.08276057]
 [-0.09365702  0.01162875  0.08276057]
 [-0.09365702  0.01162875  0.08276057]
 [-0.11398363 -0.01497316 -0.01520002]
 [-0.11398363 -0.01497316 -0.01520002]
 [-0.11398363 -0.01497316 -0.01520002]
 [-0.11398363 -0.01497316 -0.01520002]
 [-0.11398363 -0.01497316 -0.01520002]
 [-0.11398363 -0.01497316 -0.01520002]
 [-0.11398363 -0.01497316 -0.01520002]
 [-0.11398363 -0.01497316 -0.01520002]
 [-0.11398363 -0.01497316 -0.01520002]
 [-0.11398363 -0.01497316 -0.01520002]
 [-0.11398363 -0.01497316 -0.01520002]
 [-0.11398363 -0.01497316 -0.01520002]
 [-0.11398363 -0.01497316 -0.01520002]] 
socre, org, ref: 
[[7.8901142e-02 1.6452591e-01]
 [6.6666566e-02 4.2255046e-03]
 [7.7919990e-02 1.0008206e-01]
 [7.0553191e-02 2.0042516e-01]
 [7.0553191e-02 4.7592837e-02]
 [7.0553191e-02 6.6915113e-01]
 [7.0553191e-02 6.9046527e-01]
 [8.3051249e-02 3.1143144e-01]
 [8.5343607e-02 6.7601174e-02]
 [4.6705436e-02 2.7106749e-02]
 [4.6705436e-02 4.5414597e-02]
 [1.0449421e-01 5.2567106e-01]
 [1.0449421e-01 1.7051582e-01]
 [1.0449421e-01 2.1083979e-02]
 [6.6371940e-02 4.8823669e-04]
 [1.2187810e-01 9.9143453e-02]
 [8.7844238e-02 1.0880509e-03]
 [8.7844238e-02 1.3970466e-02]
 [8.7844238e-02 2.0617330e-01]
 [8.7844238e-02 1.1690360e-02]
 [8.7844238e-02 4.0727299e-02]
 [8.7844238e-02 4.0727299e-02]
 [8.7844238e-02 4.0727299e-02]
 [8.7844238e-02 4.0727299e-02]
 [8.7844238e-02 4.0727299e-02]
 [8.7844238e-02 7.0355602e-02]
 [8.7844238e-02 4.0727299e-02]
 [5.4433707e-02 1.8625805e-02]] 
obj_id: 35 =============
xyz_diff, org - ref: 
[[ -0.53134754 -12.18484086   0.09449341]
 [  0.08375984 -12.81243249   0.19814868]
 [ -0.08283301 -16.19303508   0.11631219]
 [ -0.36369962 -12.89810071   0.10585606]
 [ -0.24635905  -9.6991828    0.04094825]
 [ -0.73711312  -8.67247023  -0.12693657]
 [ -0.21774154  -0.92760642   0.03193356]
 [ -0.06547105  -6.18051417  -0.03331624]
 [  0.12340123  -1.27903251   0.03504771]
 [ -0.02396037  -1.25816183  -0.06204703]
 [ -0.02459683  -0.04281379  -0.11580677]] 
lwh_diff, org - ref: 
[[-0.20949125 -0.01691341 -0.07067192]
 [-0.20949125 -0.01691341 -0.07067192]
 [-0.20949125 -0.01691341 -0.07067192]
 [-0.20949125 -0.01691341 -0.07067192]
 [-0.20949125 -0.01691341 -0.07067192]
 [-0.20949125 -0.01691341 -0.07067192]
 [-0.32100773 -0.06373727 -0.04583549]
 [-0.32100773 -0.06373727 -0.04583549]
 [-0.32100773 -0.06373727 -0.04583549]
 [-0.32100773 -0.06373727 -0.04583549]
 [-0.2755661  -0.00741148 -0.06139469]] 
socre, org, ref: 
[[0.07548936 0.0338458 ]
 [0.07012392 0.20784815]
 [0.08398721 0.07929243]
 [0.0790001  0.01148367]
 [0.0700659  0.01572052]
 [0.07295582 0.0530386 ]
 [0.10508644 0.05238235]
 [0.04630664 0.0935634 ]
 [0.04630664 0.1760865 ]
 [0.04630664 0.40856168]
 [0.12993228 0.67771673]] 
obj_id: 36 =============
xyz_diff, org - ref: 
[[ 0.26103605  2.36377248 -0.30836452]
 [ 0.19514851 -0.55559139  0.06727613]
 [ 0.0422194   0.22131672  0.34778318]
 [ 0.08562582  2.50668617  0.04304884]
 [ 0.09804057  3.35259347  0.24618543]
 [-0.36932535  6.61040702  0.17825377]
 [-0.36932535  6.61040702  0.17825377]
 [-0.36932535  6.61040702  0.17825377]
 [-0.31493437  8.15730525  0.2860487 ]] 
lwh_diff, org - ref: 
[[0.00653648 0.01711059 0.03861082]
 [0.00653648 0.01711059 0.03861082]
 [0.00653648 0.01711059 0.03861082]
 [0.00653648 0.01711059 0.03861082]
 [0.00653648 0.01711059 0.03861082]
 [0.00653648 0.01711059 0.03861082]
 [0.00653648 0.01711059 0.03861082]
 [0.00653648 0.01711059 0.03861082]
 [0.00653648 0.01711059 0.03861082]] 
socre, org, ref: 
[[7.2294921e-02 6.6888966e-02]
 [6.8169869e-02 2.8957617e-01]
 [7.5004175e-02 5.3402895e-01]
 [6.2781118e-02 7.8998627e-03]
 [5.5069827e-02 3.2943711e-02]
 [5.5069827e-02 1.9795654e-04]
 [5.5069827e-02 1.9795654e-04]
 [5.5069827e-02 1.9795654e-04]
 [8.6719804e-02 1.1007952e-03]] 
obj_id: 38 =============
xyz_diff, org - ref: 
[[-2.51137912e-02  1.46464564e-02 -3.38688370e-02]
 [-1.01977611e+00 -5.66118743e+01  1.43100171e+00]
 [-7.86862208e-03  3.04195589e-02 -9.73197669e-02]
 [-4.36665950e-01 -3.02761554e+01  7.08969373e-01]
 [-1.77885843e-01 -5.89918100e-02 -2.94087591e-02]
 [-6.43723470e-01 -1.07186618e+01  1.88043787e-01]
 [-7.23158543e-01 -1.85107550e+01 -7.07843425e-02]
 [-7.23158543e-01 -1.85107550e+01 -7.07843425e-02]
 [-7.23158543e-01 -1.85107550e+01 -7.07843425e-02]
 [-1.15945690e+00 -1.56147391e+01 -1.40096897e-01]] 
lwh_diff, org - ref: 
[[-0.03619528  0.05513203  0.03453898]
 [-0.03619528  0.05513203  0.03453898]
 [-0.03619528  0.05513203  0.03453898]
 [-0.03619528  0.05513203  0.03453898]
 [-0.03619528  0.05513203  0.03453898]
 [-0.03619528  0.05513203  0.03453898]
 [-0.03619528  0.05513203  0.03453898]
 [-0.03619528  0.05513203  0.03453898]
 [-0.03619528  0.05513203  0.03453898]
 [-0.03619528  0.05513203  0.03453898]] 
socre, org, ref: 
[[0.07191282 0.02467821]
 [0.06679709 0.14312434]
 [0.07446923 0.8313828 ]
 [0.0714657  0.2794923 ]
 [0.06717391 0.09974101]
 [0.07457211 0.01823727]
 [0.03546655 0.00404128]
 [0.03546655 0.00404128]
 [0.03546655 0.00404128]
 [0.09499606 0.00116407]] 
obj_id: 46 =============
xyz_diff, org - ref: 
[[ 0.03246982 -0.63885177  0.3428579 ]
 [ 0.41450842 -9.4811651   0.22066235]
 [ 0.23824133 -7.65571664  0.69178831]
 [-0.31245753 -0.60800777 -0.01194871]
 [-5.53737758 -2.09828358 -1.33627201]
 [-0.6357153  -5.57217298 -0.13467512]
 [-0.16616866 -8.58184481 -0.94591902]
 [-0.16616866 -8.58184481 -0.94591902]
 [-0.16616866 -8.58184481 -0.94591902]
 [-0.16616866 -8.58184481 -0.94591902]
 [ 0.03231231  0.8932737  -1.3214865 ]
 [ 0.19100667  5.91835002 -0.66566998]
 [-0.33740069 -9.70195626 -0.40887076]
 [-0.19384006 -7.46366185  0.03877046]
 [ 0.13879335 -0.24298876 -0.12599212]] 
lwh_diff, org - ref: 
[[ 0.01123238 -0.04628778  0.01729918]
 [ 0.01123238 -0.04628778  0.01729918]
 [ 0.01123238 -0.04628778  0.01729918]
 [-0.19677687 -0.08517265  0.00981331]
 [-0.19677687 -0.08517265  0.00981331]
 [-0.19677687 -0.08517265  0.00981331]
 [-0.19677687 -0.08517265  0.00981331]
 [-0.19677687 -0.08517265  0.00981331]
 [-0.19677687 -0.08517265  0.00981331]
 [-0.19677687 -0.08517265  0.00981331]
 [-0.19677687 -0.08517265  0.00981331]
 [-0.19677687 -0.08517265  0.00981331]
 [-0.19677687 -0.08517265  0.00981331]
 [-0.19677687 -0.08517265  0.00981331]
 [-0.19677687 -0.08517265  0.00981331]] 
socre, org, ref: 
[[0.06102226 0.06589024]
 [0.05010527 0.00451837]
 [0.05555097 0.0050258 ]
 [0.10426351 0.005525  ]
 [0.069952   0.00020336]
 [0.07653898 0.00270268]
 [0.07653898 0.00049785]
 [0.07653898 0.00049785]
 [0.07653898 0.00049785]
 [0.07653898 0.00049785]
 [0.07653898 0.00086979]
 [0.07653898 0.0038941 ]
 [0.07653898 0.00819875]
 [0.07653898 0.00015609]
 [0.06243586 0.00075028]] 
obj_id: 48 =============
xyz_diff, org - ref: 
[[ 8.07806493e-01 -2.48695333e+01  1.01861312e-01]
 [ 9.39890413e-01 -1.34195409e+01  1.29023773e-01]
 [ 1.11202430e+00 -3.74458792e-01  5.16997011e-01]
 [ 1.79212375e-01  1.07651700e+01  3.96618623e-01]
 [ 1.27574774e-01  2.16203227e+00  3.25946508e-01]
 [ 5.59763808e-01 -1.87334954e+01  5.43543521e-01]
 [ 1.79212375e-01  1.07651700e+01  3.96618623e-01]
 [ 1.79212375e-01  1.07651700e+01  3.96618623e-01]
 [ 1.79212375e-01  1.07651700e+01  3.96618623e-01]
 [ 1.79212375e-01  1.07651700e+01  3.96618623e-01]
 [ 1.79489016e-01  1.07762592e+01  3.96962585e-01]
 [ 1.78883014e-01  1.07521132e+01  3.96215067e-01]
 [ 1.07461508e+00  1.49962225e+01  2.38972103e-01]
 [ 3.05777327e-01  1.87063462e+01  3.40030728e-01]
 [ 2.30557607e-01  2.05949106e+01  5.45683121e-01]
 [ 7.08682894e-01  2.54492824e+01  6.09644242e-01]
 [-2.26541959e-02  4.99361337e-03  4.74954627e-02]
 [-1.26235026e-01  9.00485251e+00 -1.30307613e-01]
 [-1.26235026e-01  9.00485251e+00 -1.30307613e-01]
 [-1.26235026e-01  9.00485251e+00 -1.30307613e-01]
 [-1.26235026e-01  9.00485251e+00 -1.30307613e-01]
 [-1.26235026e-01  9.00485251e+00 -1.30307613e-01]
 [ 6.35809519e-01  1.05278224e+01  3.08015195e-01]
 [ 7.33933305e-01  1.90291572e+01  4.05238108e-01]] 
lwh_diff, org - ref: 
[[ 0.1175127   0.07101822  0.04719913]
 [ 0.1175127   0.07101822  0.04719913]
 [ 0.1175127   0.07101822  0.04719913]
 [ 0.1175127   0.07101822  0.04719913]
 [ 0.1175127   0.07101822  0.04719913]
 [ 0.1175127   0.07101822  0.04719913]
 [ 0.1175127   0.07101822  0.04719913]
 [ 0.1175127   0.07101822  0.04719913]
 [ 0.1175127   0.07101822  0.04719913]
 [ 0.1175127   0.07101822  0.04719913]
 [ 0.1175127   0.07101822  0.04719913]
 [ 0.1175127   0.07101822  0.04719913]
 [ 0.02595663  0.04263759 -0.01551235]
 [ 0.02595663  0.04263759 -0.01551235]
 [ 0.02595663  0.04263759 -0.01551235]
 [ 0.02595663  0.04263759 -0.01551235]
 [ 0.22410297  0.10802126  0.00956631]
 [ 0.22410297  0.10802126  0.00956631]
 [ 0.22410297  0.10802126  0.00956631]
 [ 0.22410297  0.10802126  0.00956631]
 [ 0.22410297  0.10802126  0.00956631]
 [ 0.22410297  0.10802126  0.00956631]
 [ 0.22410297  0.10802126  0.00956631]
 [ 0.22410297  0.10802126  0.00956631]] 
socre, org, ref: 
[[5.9285048e-02 1.0798899e-01]
 [5.5294074e-02 4.8714958e-02]
 [7.8819558e-02 1.8002553e-02]
 [7.8819558e-02 6.7544128e-03]
 [7.8819558e-02 3.6222879e-02]
 [7.8819558e-02 1.5188557e-02]
 [7.8819558e-02 6.7544128e-03]
 [7.8819558e-02 6.7544128e-03]
 [7.8819558e-02 6.7544128e-03]
 [7.8819558e-02 6.7544128e-03]
 [7.1030088e-02 6.7899507e-03]
 [8.7913901e-02 6.7077880e-03]
 [1.0895479e-01 2.5656274e-01]
 [8.4498420e-02 1.4227720e-02]
 [8.4498420e-02 1.8041804e-04]
 [8.4498420e-02 2.3273822e-02]
 [1.0337526e-01 5.8720231e-01]
 [1.0337526e-01 6.8402002e-03]
 [1.0337526e-01 6.8402002e-03]
 [1.0337526e-01 6.8402002e-03]
 [1.0337526e-01 6.8402002e-03]
 [1.0337526e-01 6.8402002e-03]
 [1.0337526e-01 6.2982017e-01]
 [9.5035024e-02 2.7045938e-01]] 
obj_id: 49 =============
xyz_diff, org - ref: 
[[-7.34178776e-01 -1.26040181e+01 -1.81733348e-01]
 [-1.62850405e+00 -2.05885859e+01  2.09964951e-01]
 [-9.80083888e-01 -1.90043371e+01  3.95076051e-01]
 [-2.50705581e+00 -2.68781682e+01  2.82257380e-01]
 [-1.89810538e+00 -2.78950660e+01  2.74475982e-01]
 [-2.72951297e+00 -3.82852978e+01  1.33490412e-01]
 [-2.47406294e+00 -3.43692565e+01 -2.04885434e-01]
 [ 1.37164739e+00  1.09016876e+01  2.05305082e-01]
 [-1.87346538e+00 -2.30561601e+01  3.46500191e-01]
 [-7.21231790e-01 -7.22344172e+00  3.98415993e-01]
 [-1.62335232e+00 -2.46009793e+01  2.87494630e-01]
 [-7.21231790e-01 -7.22344172e+00  3.98415993e-01]
 [-1.12588032e+00 -2.13432054e+01  7.20201664e-01]
 [-1.29442543e+00 -1.63171572e+01  2.15185634e-01]
 [-2.51534734e+00 -2.12426546e+01  3.42925645e-01]
 [-1.83760299e+00 -2.57391762e+01  1.87721662e-01]
 [-1.26491672e+00 -1.71961840e+01  4.94058141e-01]
 [-3.13045347e+00 -2.77914916e+01  3.19679009e-01]
 [-1.26491672e+00 -1.71961840e+01  4.94058141e-01]
 [-1.26491672e+00 -1.71961840e+01  4.94058141e-01]
 [-1.26491672e+00 -1.71961840e+01  4.94058141e-01]
 [-1.26491672e+00 -1.71961840e+01  4.94058141e-01]
 [-1.26491672e+00 -1.71961840e+01  4.94058141e-01]
 [-1.26491672e+00 -1.71961840e+01  4.94058141e-01]
 [-1.26491672e+00 -1.71961840e+01  4.94058141e-01]
 [ 1.90565332e-02 -2.16701487e-02 -4.31381901e-01]] 
lwh_diff, org - ref: 
[[ 0.02537775 -0.10243988  0.06194007]
 [ 0.02537775 -0.10243988  0.06194007]
 [ 0.02537775 -0.10243988  0.06194007]
 [ 0.02537775 -0.10243988  0.06194007]
 [ 0.02537775 -0.10243988  0.06194007]
 [ 0.02537775 -0.10243988  0.06194007]
 [ 0.02537775 -0.10243988  0.06194007]
 [ 0.02537775 -0.10243988  0.06194007]
 [ 0.02537775 -0.10243988  0.06194007]
 [ 0.02537775 -0.10243988  0.06194007]
 [ 0.02537775 -0.10243988  0.06194007]
 [ 0.02537775 -0.10243988  0.06194007]
 [ 0.02537775 -0.10243988  0.06194007]
 [ 0.02537775 -0.10243988  0.06194007]
 [ 0.02537775 -0.10243988  0.06194007]
 [ 0.02537775 -0.10243988  0.06194007]
 [ 0.02537775 -0.10243988  0.06194007]
 [ 0.02537775 -0.10243988  0.06194007]
 [ 0.02537775 -0.10243988  0.06194007]
 [ 0.02537775 -0.10243988  0.06194007]
 [ 0.02537775 -0.10243988  0.06194007]
 [ 0.02537775 -0.10243988  0.06194007]
 [ 0.02537775 -0.10243988  0.06194007]
 [ 0.02537775 -0.10243988  0.06194007]
 [ 0.02537775 -0.10243988  0.06194007]
 [-0.08386612 -0.11730766 -0.08602309]] 
socre, org, ref: 
[[5.9165083e-02 8.0419164e-03]
 [6.1393887e-02 4.4635697e-03]
 [8.3021283e-02 9.0128230e-03]
 [9.0693571e-02 6.0817036e-03]
 [9.0693571e-02 6.9185924e-03]
 [9.0693571e-02 1.1223087e-03]
 [7.8380324e-02 1.3111805e-03]
 [9.8648362e-02 2.4360216e-03]
 [5.3228386e-02 5.3714053e-04]
 [5.3228386e-02 5.0147675e-05]
 [5.3228386e-02 2.4582357e-03]
 [5.3228386e-02 5.0147675e-05]
 [5.3228386e-02 1.2571816e-04]
 [7.9592124e-02 1.2902118e-03]
 [9.8552473e-02 4.1938894e-03]
 [7.8442745e-02 2.0405531e-03]
 [7.8442745e-02 4.2278527e-05]
 [7.8442745e-02 1.2803316e-04]
 [7.8442745e-02 4.2278527e-05]
 [7.8442745e-02 4.2278527e-05]
 [7.8442745e-02 4.2278527e-05]
 [7.8442745e-02 4.2278527e-05]
 [7.8442745e-02 4.2278527e-05]
 [7.8442745e-02 4.2278527e-05]
 [7.8442745e-02 4.2278527e-05]
 [4.6320257e-01 1.1954159e-02]] 
obj_id: 119 =============
xyz_diff, org - ref: 
[[ 8.87288099e-01  1.89652849e+01  4.87710095e-01]
 [ 7.01705110e-01  1.65384388e+01  4.46894451e-01]
 [ 7.70721749e-01  1.86172259e+01  4.88980831e-01]
 [ 3.74141246e-01  2.33717402e+01  6.00646044e-01]
 [ 6.64173410e-01  2.46930041e+01  6.39533416e-01]
 [ 5.22288727e-01  1.89411392e+01  4.89561242e-01]
 [ 4.43445700e-01  1.26406032e+01  3.10984788e-01]
 [-2.27900302e-02  1.17748038e+01  2.82446776e-01]
 [ 3.50269988e-01  1.15226376e+01  2.91060078e-01]
 [ 1.65398690e-01  9.02642474e+00  2.18320429e-01]
 [ 1.56431747e-01  6.24297025e+00  1.39474091e-01]
 [ 5.59773612e-02  7.87370201e+00  1.80600329e-01]
 [ 1.13788190e-01  3.24264745e+00  6.60860034e-02]
 [ 7.03219150e-02  1.46620378e+00 -1.29378651e-02]
 [ 1.10410499e-01 -6.94978729e-01 -2.89753866e-02]
 [ 1.02922864e-01  2.74203297e+00  4.96713508e-02]
 [-9.73253450e-03 -7.14997588e+00 -1.49932296e-01]
 [-2.46375688e-02 -7.25292986e+00 -1.30212908e-01]
 [-6.77868843e-02 -9.19972391e+00 -1.62883124e-01]
 [-8.12127126e-02 -8.56167867e+00 -1.65835272e-01]
 [-1.48523577e-01 -1.61654914e+01 -2.69326732e-01]
 [-1.94609773e-01 -1.51603707e+01 -2.66774600e-01]
 [-1.68815567e-01 -1.77445832e+01 -3.22979007e-01]
 [-7.47422809e-02 -1.50178937e+01 -2.47965800e-01]
 [-5.42468831e-02 -1.03188359e+01 -1.63369684e-01]
 [-1.60531986e-01 -1.30604623e+01 -2.36769553e-01]
 [-1.64433183e-01 -1.39588064e+01 -2.82049600e-01]
 [-7.33725871e-02 -1.14054955e+01 -2.18582036e-01]
 [-1.52743965e-01 -1.36862845e+01 -2.59669005e-01]
 [-1.39930979e-01 -1.57325376e+01 -2.68047232e-01]
 [-6.03341302e-01 -3.28173792e+01 -7.69386072e-01]
 [-7.14511102e-01 -2.94907086e+01 -5.78332546e-01]
 [-5.63706534e-01 -2.77078677e+01 -5.43801060e-01]
 [-7.41527801e-01 -2.97770703e+01 -5.81679055e-01]
 [-6.44105099e-01 -2.66384965e+01 -4.53879166e-01]
 [-1.30449717e+00 -4.04864871e+01 -8.21400568e-01]
 [-7.60040488e-01 -4.04476370e+01 -8.28070991e-01]] 
lwh_diff, org - ref: 
[[ 0.07638121  0.07895851  0.23711443]
 [-0.0182929   0.07480812  0.24989343]
 [-0.25337744 -0.01372027  0.07489431]
 [-0.08118486 -0.00182605 -0.05312383]
 [-0.14971876  0.01333785  0.01794434]
 [ 0.15897131  0.09083557  0.22265446]
 [ 0.3642664   0.15649939  0.27615976]
 [-0.23006153  0.00689054  0.17679119]
 [-0.02360344 -0.00064516 -0.05704558]
 [ 0.14076567  0.02967119 -0.05044699]
 [-0.41634417 -0.07116413  0.02872026]
 [-0.10741043 -0.0278039  -0.07869446]
 [-0.27073812 -0.00925469  0.05345845]
 [-0.25238085  0.00466728  0.29704571]
 [ 0.10825348  0.04500341 -0.0319488 ]
 [ 0.04488659  0.00359273 -0.05909026]
 [-0.14171934 -0.03192985 -0.06361091]
 [ 0.09828377  0.0529592   0.13063169]
 [-0.083745    0.03147125  0.2304883 ]
 [ 0.21913528  0.07598996  0.02421129]
 [-0.35291719 -0.04757059 -0.01874757]
 [ 0.06947279  0.06670046  0.11964953]
 [ 0.2136364   0.07980394  0.01677501]
 [ 0.2136364   0.07980394  0.01677501]
 [ 0.2136364   0.07980394  0.01677501]
 [-0.13466263  0.01550269  0.0567013 ]
 [-0.16636992 -0.01026106 -0.02516294]
 [-0.19782686  0.00243735  0.1564126 ]
 [ 0.03871107  0.05634499  0.18862891]
 [-0.14721966  0.03387165  0.1650393 ]
 [-0.01212645  0.03644133  0.02215445]
 [-0.01212645  0.03644133  0.02215445]
 [-0.01212645  0.03644133  0.02215445]
 [-0.01212645  0.03644133  0.02215445]
 [-0.01212645  0.03644133  0.02215445]
 [-0.08663988  0.02529597  0.02897906]
 [-0.38211393 -0.0324899   0.13905978]] 
socre, org, ref: 
[[1.48255810e-01 9.18931095e-04]
 [1.12089828e-01 4.38355235e-03]
 [1.07855588e-01 6.84486353e-04]
 [1.14317164e-01 4.09817137e-03]
 [1.44340128e-01 1.23447541e-03]
 [1.02684118e-01 5.09311352e-03]
 [1.04733206e-01 2.79348320e-03]
 [1.10537849e-01 9.02379304e-03]
 [1.14612617e-01 7.90947955e-03]
 [1.32001236e-01 8.88403319e-03]
 [1.30786374e-01 2.30459715e-04]
 [1.32643193e-01 1.06832506e-02]
 [1.39369935e-01 2.48478114e-04]
 [1.18218057e-01 3.27861356e-03]
 [1.26858935e-01 4.10259329e-03]
 [1.12754203e-01 5.62570384e-03]
 [1.37801424e-01 9.00617801e-04]
 [1.12430334e-01 3.87470168e-03]
 [1.22618228e-01 4.73723933e-03]
 [1.39005885e-01 1.20368525e-02]
 [1.18789494e-01 4.96772060e-04]
 [1.13054790e-01 2.08567828e-03]
 [1.02631889e-01 2.56403722e-03]
 [1.02631889e-01 1.55268172e-05]
 [1.02631889e-01 2.04224940e-04]
 [1.31416947e-01 4.57808375e-03]
 [1.01599030e-01 3.39761929e-04]
 [1.52057841e-01 2.07053637e-03]
 [1.33883134e-01 5.45804435e-03]
 [1.45945638e-01 3.99240665e-03]
 [1.08786777e-01 3.85832367e-03]
 [1.08786777e-01 1.84109507e-04]
 [1.08786777e-01 3.36026482e-04]
 [1.08786777e-01 4.48807114e-04]
 [1.08786777e-01 3.52162344e-04]
 [1.24201402e-01 5.95401507e-03]
 [1.20073758e-01 1.74787745e-03]] 
obj_id: 118 =============
xyz_diff, org - ref: 
[[ 8.08728067e-02  3.00978413e+01  1.18689185e+00]
 [ 1.10924847e-01  2.37448349e+01  8.53040511e-01]
 [-1.58188585e-01  2.53104325e+01  1.02894481e+00]
 [ 2.26352880e-01  3.29766718e+01  1.21923636e+00]
 [ 2.53453325e-01  2.24380882e+01  8.58269153e-01]
 [ 8.64491835e-01  3.26443831e+01  1.24545115e+00]
 [-1.64230928e-01  2.78705869e+01  1.01124045e+00]
 [ 4.89044873e-03  2.54609358e+01  9.94962875e-01]
 [ 6.44311308e-02  2.05095314e+01  6.37962421e-01]
 [-8.47170701e-03  2.61831227e+01  8.31232082e-01]
 [-2.95365682e-01  1.92346644e+01  5.22196283e-01]
 [-1.74923247e-01  1.86624589e+01  4.87973831e-01]
 [-1.70822216e-01  8.76268226e+00  3.70553281e-01]
 [ 1.16809190e-01  1.76339275e+01  6.17373073e-01]
 [-4.29985327e-01  2.26544003e+01  5.80150591e-01]
 [-1.01466662e-01  9.83864514e-03 -7.02388745e-02]
 [-5.30974674e-02  5.98446155e+00  9.84822960e-02]
 [-8.25263507e-02  1.33581817e+01  7.76025173e-02]
 [ 1.71934273e-03  1.11141692e+01  2.33762734e-02]
 [-1.05291549e-01  1.05678780e+01  2.79789980e-01]
 [ 2.20101759e-01  1.58180762e+01  6.86019536e-01]
 [-6.16154827e-02  1.27218976e+01  2.11358558e-01]
 [-2.49720205e-02  1.58824488e+01  4.28499773e-01]
 [ 2.47332592e-01  2.17119162e+01  5.25327372e-01]
 [ 5.92687109e-02  2.49342176e+01  5.55164523e-01]
 [-9.05382349e-02  9.82509564e+00  2.52557513e-01]
 [ 1.11975816e-01  2.43510842e+01  6.51137055e-01]
 [ 4.07605179e-02  1.40333430e+01  3.43041029e-01]
 [ 1.90914534e-02  1.62005691e+01 -4.30148458e-02]
 [-3.25253920e-02  1.41072987e+01 -2.19047695e-01]
 [-6.32428171e-03  1.40335379e+01 -2.22394807e-01]
 [-1.02121969e-01  1.60772753e+01  1.32578476e-01]
 [-7.14427125e-01  2.62614612e+01  7.88733634e-01]] 
lwh_diff, org - ref: 
[[-0.10247993  0.01419163  0.21388233]
 [-0.03913879 -0.0282979  -0.00049198]
 [ 0.03886938  0.02701735  0.14544332]
 [ 0.04524899  0.02952194  0.31136894]
 [-0.04066658 -0.03600883 -0.03173959]
 [-0.00240135  0.01682878  0.26308119]
 [-0.10541821 -0.03087115  0.18266261]
 [-0.08823061 -0.03213167 -0.01240432]
 [-0.0911603  -0.01635027  0.08777761]
 [-0.11413383 -0.01657128  0.20141876]
 [-0.10171986 -0.04987001 -0.02681279]
 [-0.1543231  -0.07026124 -0.05361509]
 [ 0.05171824 -0.01370811 -0.00127566]
 [-0.12290001 -0.01513076  0.20312476]
 [-0.05178452 -0.00126266  0.07112825]
 [-0.17478371 -0.06554437 -0.06805885]
 [-0.15407467 -0.08497846 -0.06200838]
 [-0.15407467 -0.08497846 -0.06200838]
 [-0.15407467 -0.08497846 -0.06200838]
 [-0.15407467 -0.08497846 -0.06200838]
 [-0.0745492  -0.04153347 -0.04079664]
 [-0.0745492  -0.04153347 -0.04079664]
 [-0.0745492  -0.04153347 -0.04079664]
 [-0.16062212 -0.03854275 -0.01732695]
 [ 0.21490002  0.06348395  0.41701484]
 [ 0.02165842 -0.01594114 -0.04467738]
 [-0.2168293  -0.01014495  0.23296309]
 [-0.06918573 -0.04605126 -0.04971898]
 [-0.06918573 -0.04605126 -0.04971898]
 [-0.06918573 -0.04605126 -0.04971898]
 [-0.06918573 -0.04605126 -0.04971898]
 [-0.06918573 -0.04605126 -0.04971898]
 [ 0.13345909  0.01017761 -0.0136981 ]] 
socre, org, ref: 
[[0.23096177 0.00939423]
 [0.20389499 0.03408397]
 [0.23996477 0.01318649]
 [0.3375883  0.00666964]
 [0.26249966 0.05630009]
 [0.34753242 0.00490626]
 [0.32358533 0.02136877]
 [0.31694037 0.01886281]
 [0.29779392 0.00404467]
 [0.3164211  0.01359166]
 [0.31773776 0.01472044]
 [0.29847598 0.01485888]
 [0.31533992 0.03383253]
 [0.29447374 0.00695954]
 [0.2859831  0.0196859 ]
 [0.28728795 0.00993037]
 [0.22664402 0.01001091]
 [0.22664402 0.01930675]
 [0.22664402 0.02153392]
 [0.22664402 0.00836523]
 [0.22109844 0.01500273]
 [0.22109844 0.01123435]
 [0.22109844 0.01574098]
 [0.24467526 0.00720559]
 [0.21293862 0.01608462]
 [0.27148747 0.05382618]
 [0.28292614 0.02092682]
 [0.2363784  0.0425554 ]
 [0.2363784  0.03094395]
 [0.2363784  0.02802471]
 [0.2363784  0.03150125]
 [0.2363784  0.01901851]
 [0.26666024 0.03200904]] 
obj_id: 169 =============
xyz_diff, org - ref: 
[[ 1.13851818e+00  6.17566259e+01  1.89456246e+00]
 [ 1.23460941e+00  5.80098907e+01  1.59384050e+00]
 [ 9.97562776e-01  5.48918376e+01  1.77577433e+00]
 [ 1.04859111e+00  5.43895955e+01  1.69208606e+00]
 [ 1.09565456e+00  5.33979720e+01  1.70081043e+00]
 [ 1.80404239e+00  4.02449222e+01  1.45370228e+00]
 [ 3.13144738e-01  3.91058944e+01  1.31853806e+00]
 [ 2.00493094e-01  3.15821185e+01  1.27545494e+00]
 [ 2.93366194e-01  1.56859994e+01  4.27997676e-01]
 [ 3.09908188e-01  1.67242299e+01  5.62089973e-01]
 [-8.32177468e-02  1.95649669e+00 -8.58748053e-02]
 [-1.73729360e-01 -3.67179773e-01 -1.74579591e-01]
 [-1.28783162e-01 -3.91477678e-03 -2.10308256e-01]
 [ 1.91344472e-01  7.61612873e+00  1.38890966e-01]
 [-6.30301550e-02  5.05584248e-01 -3.86797673e-01]
 [-6.51701944e-02  2.22535418e-01 -1.53618587e-02]
 [-1.49749544e-01 -3.08769692e-02 -6.65707974e-02]
 [ 2.53007792e-01 -1.91951237e+01 -8.91527309e-01]
 [ 2.86950979e-01  1.34568260e+00 -4.99385740e-01]
 [ 2.78628077e-02  2.45144127e+01  7.74673212e-01]
 [ 8.55422699e-01  3.39820409e+01  1.13390492e+00]
 [ 1.27438857e-01  3.15813398e+01  8.90826898e-01]
 [ 7.49797825e-02  3.92920309e+01  1.27080773e+00]
 [ 1.39693846e-01  4.10348630e+00  2.33308140e-01]
 [ 4.59367294e-01  1.38372688e+01  2.55143799e-01]
 [-8.72306764e-02 -3.90366945e-02 -8.29877868e-02]
 [ 8.32048600e-03 -1.37067611e+01 -7.63724370e-01]
 [-2.04065908e-01 -1.49110947e+00 -5.62500723e-01]
 [ 3.25109695e-01 -1.91193229e+01 -7.61430081e-01]
 [ 1.67770236e-01 -8.09767307e+00 -4.94081313e-01]
 [ 1.93339108e-01 -5.98054750e+00 -5.09509647e-01]
 [ 5.44011041e-01  1.82399198e+01  1.18330081e-01]
 [-1.79100585e-01 -1.30568287e+00 -1.99552631e-01]] 
lwh_diff, org - ref: 
[[-0.20084667 -0.04123044  0.1901809 ]
 [-0.094944   -0.06012583 -0.01120782]
 [ 0.04104233  0.00942683  0.14443171]
 [ 0.10326815 -0.02121735  0.3309381 ]
 [-0.11014271 -0.07399154 -0.00775623]
 [ 0.10035896  0.00897622  0.28551984]
 [ 0.1165514   0.01057673  0.19470239]
 [ 0.09303236 -0.02511978  0.03378904]
 [ 0.09117746 -0.00169015  0.17234337]
 [ 0.11676598  0.01977038  0.19044745]
 [-0.12125731 -0.1038934  -0.03898275]
 [-0.01387405 -0.07090425 -0.01662695]
 [ 0.13537693 -0.03046751 -0.01278424]
 [-0.22897148 -0.07532883  0.23886406]
 [ 0.10908222 -0.00711703  0.11727476]
 [-0.04533958 -0.08071852 -0.01177573]
 [ 0.10968065 -0.04084682 -0.00828385]
 [ 0.10968065 -0.04084682 -0.00828385]
 [ 0.10968065 -0.04084682 -0.00828385]
 [ 0.10968065 -0.04084682 -0.00828385]
 [-0.0182662  -0.03172731  0.01434708]
 [-0.0182662  -0.03172731  0.01434708]
 [-0.0182662  -0.03172731  0.01434708]
 [-0.00118828 -0.05460358 -0.02489066]
 [ 0.20634413  0.03298998  0.43388736]
 [ 0.18846226 -0.02374673 -0.01534545]
 [ 0.14706373  0.03378725  0.29283404]
 [ 0.12697554 -0.0346911  -0.02547419]
 [ 0.12697554 -0.0346911  -0.02547419]
 [ 0.12697554 -0.0346911  -0.02547419]
 [ 0.12697554 -0.0346911  -0.02547419]
 [ 0.12697554 -0.0346911  -0.02547419]
 [ 0.32053804  0.04970074  0.04167795]] 
socre, org, ref: 
[[0.18899812 0.03899807]
 [0.21149147 0.07137343]
 [0.24035345 0.06527913]
 [0.28356972 0.00864788]
 [0.27660573 0.03866081]
 [0.29982087 0.01801978]
 [0.25789917 0.03658691]
 [0.2636665  0.0630247 ]
 [0.31377068 0.03529076]
 [0.2492476  0.0433962 ]
 [0.25755516 0.03976559]
 [0.30727965 0.04069083]
 [0.29815808 0.04746492]
 [0.32084435 0.03688539]
 [0.3203861  0.09783124]
 [0.27186963 0.02931334]
 [0.15364581 0.03857584]
 [0.15364581 0.03733481]
 [0.15364581 0.02714763]
 [0.15364581 0.01385642]
 [0.15382518 0.07709001]
 [0.15382518 0.04485286]
 [0.15382518 0.03698666]
 [0.24563736 0.05389029]
 [0.22452228 0.03122552]
 [0.24599434 0.06232861]
 [0.31132606 0.02085835]
 [0.2351617  0.06282338]
 [0.2351617  0.03433641]
 [0.2351617  0.03470395]
 [0.2351617  0.03134494]
 [0.2351617  0.01730309]
 [0.15545648 0.08212484]] 
obj_id: 364 =============
xyz_diff, org - ref: 
[[-1.62442111e-01 -1.44069125e+01 -4.17567863e-01]
 [-4.15010113e-01 -1.82837446e+01 -4.06133867e-01]
 [-3.21835210e-03 -3.14108564e+00 -6.05898115e-02]
 [-1.44214926e+00 -3.74647324e+01 -3.29851605e-01]
 [-1.34701993e+00 -3.06100243e+01 -4.41441860e-01]
 [ 4.14783270e-02 -6.31150897e-01 -1.47402281e-01]
 [ 2.32994310e-02  3.49610086e-02 -9.31737564e-02]
 [-3.15601248e-02 -1.06521637e+01  1.28486342e-01]
 [-7.97453804e-01 -2.46155922e+01 -2.60115562e-01]
 [ 9.35279816e-01  1.01267526e+01  1.16052389e-01]
 [-7.27099690e-01 -2.08271392e+01 -5.60007061e-01]
 [-7.68575434e-01 -1.64833819e+01 -3.03595736e-01]
 [-3.55319278e-01 -2.24107527e+01 -6.56540591e-01]
 [-7.39653571e-01 -1.06535561e+01  1.44332652e-01]] 
lwh_diff, org - ref: 
[[-0.27341843 -0.04102492  0.04834747]
 [-0.27341843 -0.04102492  0.04834747]
 [-0.27341843 -0.04102492  0.04834747]
 [-0.27341843 -0.04102492  0.04834747]
 [-0.27341843 -0.04102492  0.04834747]
 [-0.27341843 -0.04102492  0.04834747]
 [-0.15110397 -0.0256567   0.01605535]
 [-0.15110397 -0.0256567   0.01605535]
 [-0.15110397 -0.0256567   0.01605535]
 [-0.15110397 -0.0256567   0.01605535]
 [-0.15110397 -0.0256567   0.01605535]
 [-0.15110397 -0.0256567   0.01605535]
 [-0.15110397 -0.0256567   0.01605535]
 [-0.15110397 -0.0256567   0.01605535]] 
socre, org, ref: 
[[9.75931734e-02 1.78872864e-03]
 [7.85313249e-02 3.44686821e-04]
 [9.58437324e-02 1.16029776e-04]
 [9.10640806e-02 8.27450538e-04]
 [9.95093808e-02 1.43977616e-03]
 [1.24827512e-01 3.48854549e-02]
 [1.02311403e-01 6.97875395e-02]
 [1.02311403e-01 4.36985545e-04]
 [1.02311403e-01 6.63957908e-04]
 [1.02311403e-01 3.20605515e-03]
 [7.50214234e-02 1.22517738e-02]
 [7.50214234e-02 4.89242701e-03]
 [7.50214234e-02 1.00998429e-03]
 [6.64982647e-02 3.51022354e-05]] 
obj_id: 197 =============
xyz_diff, org - ref: 
[[-6.50491605e-02 -5.62678281e+00  9.71756898e-02]
 [-3.68068357e-01 -1.19838245e+01  8.08054068e-03]
 [ 1.53635911e-01  4.55855629e+00  3.98874770e-01]
 [ 5.99918234e-01  2.73542982e+01  7.66274990e-01]
 [-4.84064331e-01 -1.24312097e+01 -2.51162583e-01]
 [ 6.90289454e-02  6.97339653e-02 -4.80224521e-02]
 [-3.01270439e-01 -1.17253691e+01 -1.88482073e-01]
 [-1.27065394e-02  1.68695792e+00  1.59899223e-01]
 [ 5.43917194e-01  2.57369230e+01  8.60128744e-01]
 [ 6.68043180e-01  3.13303296e+01  1.21061580e+00]
 [ 1.74234210e-01  2.11016329e+01  1.09948804e+00]
 [ 1.73354449e-01  2.35163845e+01  1.14943822e+00]
 [ 3.08126649e-02  1.81138608e+01  9.15723332e-01]
 [ 7.34209313e-01  3.21290430e+01  1.22341406e+00]
 [ 3.82582140e-01  2.87016000e+01  1.09881514e+00]
 [ 3.25584193e-01  1.91992526e+01  1.06779204e+00]
 [ 4.35528172e-02  1.47634223e+01  9.56489557e-01]
 [ 3.28063608e-01  2.52512047e+01  5.26454709e-01]
 [ 4.84992622e-01  2.91537132e+01  8.02690359e-01]
 [ 1.32846086e-01  1.08400893e+01  3.63507058e-01]
 [-4.33948519e-01 -7.14011102e+00 -5.64578662e-01]
 [ 2.37686545e-01  1.17309325e+01  5.44977202e-02]
 [ 2.56938520e-01  1.20508073e+01  6.82431222e-02]
 [-4.66502907e-02  1.59330931e+00  4.49305047e-01]
 [ 5.62768355e-01  1.70061066e+01  2.30643118e-01]
 [ 2.45849774e-02  8.58216695e+00  9.02784203e-01]
 [ 8.93314144e-01  3.58410247e+01  1.02298440e+00]] 
lwh_diff, org - ref: 
[[-0.10739994 -0.06356096  0.16811383]
 [-0.04781675 -0.06913471 -0.03887308]
 [-0.06550407 -0.05483723  0.09397984]
 [ 0.08862638 -0.02084732  0.27923739]
 [-0.07919836 -0.10204232 -0.0600425 ]
 [ 0.05661201 -0.01395917  0.23381257]
 [ 0.09797192 -0.01840043  0.20698333]
 [ 0.11666536 -0.02422118 -0.01917446]
 [-0.15012598 -0.06410313  0.16470194]
 [ 0.12614822  0.00956964  0.15507007]
 [ 0.03277826 -0.06232548 -0.03842068]
 [-0.05602837 -0.07781982 -0.03948259]
 [ 0.11001587  0.00087595  0.04464686]
 [-0.19547796 -0.06705427  0.19572103]
 [ 0.0405612  -0.03799653  0.09047139]
 [-0.1500535  -0.08788383 -0.02149725]
 [ 0.04621792 -0.06184101 -0.04311788]
 [ 0.04621792 -0.06184101 -0.04311788]
 [ 0.04621792 -0.06184101 -0.04311788]
 [ 0.04621792 -0.06184101 -0.04311788]
 [-0.11696959 -0.071275   -0.03049147]
 [-0.11696959 -0.071275   -0.03049147]
 [-0.11696959 -0.071275   -0.03049147]
 [-0.11013126 -0.0568471  -0.01653659]
 [ 0.14611244  0.02095819  0.36923957]
 [ 0.17092943 -0.02936625 -0.03416312]
 [ 0.26560879  0.05549788  0.27856719]] 
socre, org, ref: 
[[0.23259084 0.01114638]
 [0.18698159 0.03629519]
 [0.26074484 0.02715445]
 [0.2842247  0.00169449]
 [0.21200235 0.01076862]
 [0.26663947 0.00312077]
 [0.30463102 0.00714442]
 [0.20537622 0.02098605]
 [0.2675791  0.00681473]
 [0.20526077 0.01578789]
 [0.21790087 0.0206828 ]
 [0.17902946 0.02391597]
 [0.19615655 0.05032621]
 [0.25183833 0.00366949]
 [0.21994439 0.02197986]
 [0.17519683 0.0216896 ]
 [0.16833521 0.01030526]
 [0.16833521 0.03025761]
 [0.16833521 0.0242897 ]
 [0.16833521 0.01874367]
 [0.11077024 0.02145122]
 [0.11077024 0.01754815]
 [0.11077024 0.01676292]
 [0.15400322 0.04191465]
 [0.13785484 0.00145941]
 [0.19749458 0.03386682]
 [0.19290254 0.00143216]] 
obj_id: 295 =============
xyz_diff, org - ref: 
[[ 3.64519791e-01 -1.67090185e+01 -2.83381405e-01]
 [ 3.48892534e-01 -2.77393864e+01 -6.88663129e-01]
 [ 1.74769608e-01 -2.70668705e+01 -6.27212096e-01]
 [-5.80105861e-02 -1.61648232e+01 -1.95439766e-01]
 [ 1.54444236e-01 -1.09681953e+01 -1.58126717e-01]
 [ 3.47813912e-01 -2.51759496e+01 -5.93757251e-01]
 [ 1.53273991e-02 -1.14184238e+01 -2.49730257e-01]
 [-1.61167161e-01 -1.91115753e+01 -3.99866817e-01]
 [ 3.52436704e-01 -6.05950451e+00  2.63209441e-02]
 [-5.00215116e-02 -2.30634284e+00 -6.38268501e-02]
 [-5.10477995e-01 -1.23473188e+01 -3.08177586e-01]
 [-1.59183324e-02 -3.91145836e+00  6.47954797e-02]
 [ 2.30849064e-02 -1.07084342e-02  1.86363919e-02]
 [-7.74304877e-03  3.07643663e-02  7.50632563e-02]
 [-8.37571803e-02 -2.98200553e+00 -5.38888238e-02]
 [ 1.49607897e-01  1.60857676e+01  4.30060418e-01]
 [ 1.15765387e-01  6.05841790e+00  1.54686628e-01]
 [ 2.84748363e-01  9.46943687e+00  3.08513738e-01]
 [ 1.24267156e-01  4.25725741e+00  1.21314052e-01]
 [ 1.38940626e-01  7.61099354e+00  2.48992784e-01]
 [ 3.53402424e-02 -4.63299764e-02  1.20155760e-02]
 [-4.36825766e-02  1.30324329e+01  3.38046188e-01]
 [-2.59428966e-01 -4.11741784e+00 -2.72590462e-04]
 [ 1.59599850e-01  2.15293673e+01  5.86371450e-01]
 [ 4.58794956e-02  2.79847869e+01  7.13401338e-01]
 [-7.73602979e-02  2.65133528e+01  7.11807788e-01]
 [ 1.58435882e-01  2.96118804e+01  7.77670679e-01]
 [ 3.57668712e-01  3.32641159e+01  9.15014541e-01]
 [ 3.09790687e-01  3.10246312e+01  7.83577129e-01]
 [ 7.98583609e-02  2.55932421e+01  6.75484404e-01]
 [-1.52937201e-01  2.54523622e+01  5.93864773e-01]
 [-1.52937201e-01  2.54523622e+01  5.93864773e-01]
 [-1.52937201e-01  2.54523622e+01  5.93864773e-01]
 [ 7.37559783e-01  4.74840341e+01  1.16054563e+00]
 [ 1.24865541e+00  5.72449862e+01  1.45794778e+00]] 
lwh_diff, org - ref: 
[[-0.13848305 -0.0135684   0.00133467]
 [-0.13848305 -0.0135684   0.00133467]
 [-0.13848305 -0.0135684   0.00133467]
 [-0.13848305 -0.0135684   0.00133467]
 [-0.13848305 -0.0135684   0.00133467]
 [-0.13848305 -0.0135684   0.00133467]
 [-0.13848305 -0.0135684   0.00133467]
 [-0.13848305 -0.0135684   0.00133467]
 [-0.38290977 -0.06215596  0.12588167]
 [ 0.02599287 -0.01516151 -0.06826949]
 [-0.15604544 -0.01621675 -0.04665029]
 [ 0.25518084  0.10116887  0.29445899]
 [ 0.02140522  0.01606655 -0.01989055]
 [ 0.02140522  0.01606655 -0.01989055]
 [ 0.02140522  0.01606655 -0.01989055]
 [ 0.2333703   0.07062459  0.05897999]
 [ 0.2333703   0.07062459  0.05897999]
 [ 0.2333703   0.07062459  0.05897999]
 [ 0.2333703   0.07062459  0.05897999]
 [ 0.2333703   0.07062459  0.05897999]
 [ 0.2333703   0.07062459  0.05897999]
 [ 0.2333703   0.07062459  0.05897999]
 [ 0.2333703   0.07062459  0.05897999]
 [-0.08501434  0.00714111  0.04491186]
 [-0.19053268 -0.00868726  0.03090382]
 [-0.17703104 -0.01148081  0.14214146]
 [ 0.11420441  0.07388043  0.19521499]
 [-0.28456306 -0.02501523  0.11857474]
 [-0.28456306 -0.02501523  0.11857474]
 [-0.28456306 -0.02501523  0.11857474]
 [-0.28456306 -0.02501523  0.11857474]
 [-0.28456306 -0.02501523  0.11857474]
 [-0.28456306 -0.02501523  0.11857474]
 [ 0.09470034  0.05534816  0.05122089]
 [ 0.09470034  0.05534816  0.05122089]] 
socre, org, ref: 
[[8.2872249e-02 4.3431917e-04]
 [9.3537092e-02 1.4721819e-03]
 [1.2925355e-01 1.5087701e-04]
 [9.6318744e-02 5.0663206e-05]
 [7.9667844e-02 1.7645242e-04]
 [7.9667844e-02 4.1754846e-04]
 [7.8080989e-02 1.9327843e-05]
 [7.8080989e-02 6.5476750e-04]
 [1.1034973e-01 5.6730636e-04]
 [1.0686885e-01 3.2520697e-03]
 [1.1096180e-01 7.1221708e-05]
 [1.0155881e-01 7.5877178e-04]
 [1.0185739e-01 1.2739914e-03]
 [9.1145322e-02 1.8167056e-03]
 [7.1287625e-02 2.4794933e-04]
 [1.0899294e-01 1.8048406e-04]
 [9.5564313e-02 1.2178429e-04]
 [7.5332187e-02 1.1088607e-03]
 [8.1050158e-02 6.4963555e-05]
 [8.8245817e-02 1.6842094e-05]
 [9.0307921e-02 1.2427836e-04]
 [9.0307921e-02 3.6369212e-05]
 [9.0307921e-02 9.8024809e-04]
 [1.0868578e-01 1.0997531e-03]
 [1.2218252e-01 2.1246298e-04]
 [1.3355827e-01 3.0954886e-04]
 [1.1939580e-01 6.4543646e-04]
 [1.0677284e-01 6.6643470e-04]
 [7.6772250e-02 7.0916074e-05]
 [7.6772250e-02 1.3822281e-04]
 [7.6772250e-02 2.9119712e-04]
 [7.6772250e-02 2.9119712e-04]
 [7.6772250e-02 2.9119712e-04]
 [1.0435721e-01 4.7214434e-04]
 [9.3999878e-02 2.8782062e-05]] 
obj_id: 219 =============
xyz_diff, org - ref: 
[[ 8.98926198e-01  2.39797620e+01  6.98142516e-01]
 [ 1.99508554e-01  6.15416551e+00 -3.55555162e-02]
 [ 4.87376675e-01  3.31823256e+01  9.10094346e-01]
 [ 6.36802149e-01  1.80031416e+01  6.39394702e-01]
 [ 2.84371318e-02  1.62723040e+00  5.81003135e-02]
 [ 9.42361626e-01  1.99104038e+01  7.61173046e-01]
 [ 6.57826677e-01  2.16556110e+01  7.55139927e-01]
 [-2.24214641e-02 -4.35635790e-02 -1.29291978e-01]
 [ 6.00024261e-01  2.30661973e+01  9.56116272e-01]
 [ 4.10240691e-01  1.45087548e+01  5.11786007e-01]
 [ 4.66351170e-01  1.50315464e+01  5.22617761e-01]
 [-1.47867345e-01  8.72102583e-01 -1.31810453e-01]
 [-1.06505299e-01  2.56636428e+00  1.00998999e-01]
 [ 9.02898960e-01  1.91862647e+01  6.14588622e-01]
 [ 4.11172532e-01  1.85563280e+01  7.67457101e-01]
 [-4.64855842e-01 -6.92707969e+00 -2.09336211e-01]
 [-3.39765374e-01 -5.37221293e+00 -6.00829955e-01]
 [-1.57018724e-01  7.22369252e+00 -2.32649089e-01]
 [ 6.12311758e-01  2.35183737e+01  3.59180608e-01]
 [ 7.38350367e-01  1.61234756e+01  2.11116045e-01]
 [-8.93772003e-01 -4.00430460e+01 -1.22859026e+00]
 [ 1.08390483e-01  1.00221205e+01  6.18188548e-02]
 [-1.06034335e+00 -3.30954029e+01 -1.53337102e+00]
 [-3.91495619e-02 -1.55853929e-02 -1.57098622e-01]
 [ 7.48222786e-01  1.41093386e+01  1.35819590e-01]
 [-1.13530284e-02 -1.18797393e-02 -1.75047014e-01]
 [-4.93314859e-01 -8.95060898e+00 -3.31850016e-01]
 [-1.99175265e-02  2.46127863e+00 -2.54207689e-01]
 [ 6.26183172e-01  6.37349475e-01 -1.69870172e-01]
 [ 2.03595588e-02 -1.36432684e+01 -3.47876804e-01]
 [ 5.07015774e-01 -6.82929209e+00 -2.80621203e-01]
 [ 3.28534691e-01 -8.42379361e+00 -4.91146787e-01]
 [ 1.57609711e+00  3.38835925e+01  1.05953709e+00]] 
lwh_diff, org - ref: 
[[-0.18383312 -0.06810689  0.2336663 ]
 [-0.11385918 -0.07315922  0.0760951 ]
 [-0.01105452 -0.03135848  0.19085896]
 [ 0.16499805  0.00403976  0.30532694]
 [-0.06021595 -0.09520781 -0.04601026]
 [-0.09293985 -0.0551579   0.30318475]
 [-0.15011215 -0.04423904  0.23289418]
 [-0.00533056 -0.04048753  0.03365266]
 [-0.17398596 -0.08465338  0.17683375]
 [-0.10073996 -0.03457546  0.21220315]
 [-0.11324358 -0.10225904 -0.0055176 ]
 [-0.16490936 -0.09999847  0.0096122 ]
 [ 0.00692415 -0.05415654  0.02353752]
 [-0.21655989 -0.09271383  0.22233534]
 [-0.16329527 -0.06073356  0.12135994]
 [-0.1386342  -0.08046269  0.01724041]
 [-0.1386342  -0.08046269  0.01724041]
 [-0.1386342  -0.08046269  0.01724041]
 [-0.1386342  -0.08046269  0.01724041]
 [-0.1386342  -0.08046269  0.01724041]
 [-0.1386342  -0.08046269  0.01724041]
 [-0.1386342  -0.08046269  0.01724041]
 [-0.1386342  -0.08046269  0.01724041]
 [-0.09504843 -0.06629062  0.00286198]
 [ 0.13267756 -0.02373886  0.43746316]
 [ 0.05819559 -0.04399037  0.0141592 ]
 [ 0.27924109  0.03965831  0.30666029]
 [ 0.27924109  0.03965831  0.30666029]
 [ 0.27924109  0.03965831  0.30666029]
 [ 0.27924109  0.03965831  0.30666029]
 [ 0.27924109  0.03965831  0.30666029]
 [ 0.27924109  0.03965831  0.30666029]
 [ 0.27924109  0.03965831  0.30666029]] 
socre, org, ref: 
[[1.74423784e-01 1.40287755e-02]
 [1.66440785e-01 9.12670791e-03]
 [2.18679011e-01 7.86910020e-03]
 [1.87441319e-01 6.40867790e-03]
 [2.22247735e-01 8.26598844e-04]
 [2.84342378e-01 1.85772369e-03]
 [2.58587360e-01 1.73418336e-02]
 [1.61273941e-01 1.98489912e-02]
 [2.69424766e-01 1.02122715e-02]
 [1.92479655e-01 1.26422830e-02]
 [1.88488677e-01 1.34502845e-02]
 [1.81256101e-01 8.61597434e-03]
 [1.68541044e-01 2.91040856e-02]
 [2.16114208e-01 1.05823055e-02]
 [1.97135225e-01 9.10050329e-03]
 [1.45743534e-01 2.96643451e-02]
 [9.03042108e-02 2.48278361e-02]
 [9.03042108e-02 2.52184784e-03]
 [9.03042108e-02 2.58201477e-03]
 [9.03042108e-02 8.90222657e-03]
 [8.69515836e-02 1.33647094e-03]
 [8.69515836e-02 2.30986159e-03]
 [8.69515836e-02 9.57585929e-04]
 [1.24091223e-01 2.04302594e-02]
 [1.61216840e-01 4.15709149e-03]
 [1.60096839e-01 2.31537316e-02]
 [1.69116855e-01 3.33375833e-03]
 [8.99539292e-02 2.64311646e-04]
 [8.99539292e-02 3.71724926e-03]
 [8.99539292e-02 5.37179969e-03]
 [8.99539292e-02 4.30698972e-03]
 [8.99539292e-02 5.68663608e-03]
 [8.45480114e-02 4.10173932e-04]] 
obj_id: 325 =============
xyz_diff, org - ref: 
[[ 4.54743608e-01 -4.32578738e+00  1.07309860e-01]
 [ 7.83529310e-01 -5.56147233e+00  2.32090501e-01]
 [-1.29213253e-01  7.73755532e+00  3.49493224e-01]
 [-1.69241712e-02 -3.86547084e-01  2.34731768e-02]
 [ 2.01023196e-01 -9.21988769e+00 -2.61593900e-01]
 [ 1.43095187e-02  1.50610333e+01  2.91383868e-01]
 [ 2.03558991e-01  4.99051577e+00  2.78888901e-02]
 [ 8.11326011e-02 -2.78938401e-01 -2.11868821e-01]
 [ 2.17457913e-01 -2.24835986e+01 -3.56614650e-01]
 [-5.78386278e-02 -3.94726948e+00 -1.68304985e-01]
 [-6.07907804e-02 -1.29347392e+01 -3.95602514e-02]
 [-2.01122207e-01 -9.75582830e+00 -5.49186004e-02]
 [ 1.01903759e+00 -3.70267459e+01 -1.03621710e+00]
 [ 1.31908624e-01 -8.06976216e+00  1.39013792e-02]
 [ 2.83928441e-01 -1.13474383e+01 -2.10643259e-01]
 [-1.06757541e-01  1.05718725e+01  2.39610938e-01]
 [-7.29256310e-02 -1.64330485e+01 -2.96672430e-01]
 [-4.03683919e-03 -2.42847521e+01 -3.23094153e-01]
 [ 1.66834891e-01 -1.02830843e+01  1.72260185e-01]
 [ 9.35004482e-02 -1.36730247e+01  1.13244348e-03]
 [ 1.80448852e-01 -1.20496713e+01  1.08479266e-01]
 [-1.18571287e-01 -2.78129963e+01 -2.33902290e-01]
 [-7.04070857e-01 -2.57273959e+01 -1.73513420e-01]
 [-1.77112393e-01  5.00435620e+00  3.31779322e-01]
 [-3.52223488e-01  1.54261709e+01  5.86320418e-01]
 [ 4.95698312e-01 -1.85401294e+01 -2.93024788e-01]
 [ 2.89268983e-02  3.09507346e+01  8.84265874e-01]
 [ 8.43898143e-01 -4.94901959e+00  2.72061160e-01]
 [ 3.32059301e-01 -1.77247964e+01 -9.29023539e-02]
 [ 1.97138632e-01 -1.27288741e+01 -5.24125982e-02]
 [ 1.24879739e-01  7.84367981e-01  1.51348917e-01]
 [-6.92946189e-02 -1.23822916e+01 -2.44986998e-02]
 [-3.19204382e-02 -5.63563211e-02  1.37957738e-02]] 
lwh_diff, org - ref: 
[[0.07179832 0.02523208 0.14052188]
 [0.07179832 0.02523208 0.14052188]
 [0.07179832 0.02523208 0.14052188]
 [0.07179832 0.02523208 0.14052188]
 [0.07179832 0.02523208 0.14052188]
 [0.07179832 0.02523208 0.14052188]
 [0.07179832 0.02523208 0.14052188]
 [0.07179832 0.02523208 0.14052188]
 [0.07179832 0.02523208 0.14052188]
 [0.07179832 0.02523208 0.14052188]
 [0.07179832 0.02523208 0.14052188]
 [0.07179832 0.02523208 0.14052188]
 [0.07179832 0.02523208 0.14052188]
 [0.07179832 0.02523208 0.14052188]
 [0.07179832 0.02523208 0.14052188]
 [0.07179832 0.02523208 0.14052188]
 [0.07179832 0.02523208 0.14052188]
 [0.07179832 0.02523208 0.14052188]
 [0.07179832 0.02523208 0.14052188]
 [0.07179832 0.02523208 0.14052188]
 [0.07179832 0.02523208 0.14052188]
 [0.07179832 0.02523208 0.14052188]
 [0.07179832 0.02523208 0.14052188]
 [0.07179832 0.02523208 0.14052188]
 [0.07179832 0.02523208 0.14052188]
 [0.07179832 0.02523208 0.14052188]
 [0.07179832 0.02523208 0.14052188]
 [0.07179832 0.02523208 0.14052188]
 [0.07179832 0.02523208 0.14052188]
 [0.07179832 0.02523208 0.14052188]
 [0.07179832 0.02523208 0.14052188]
 [0.07179832 0.02523208 0.14052188]
 [0.07415342 0.06189322 0.04572034]] 
socre, org, ref: 
[[7.76454061e-02 1.06751802e-04]
 [6.87969998e-02 6.42035811e-05]
 [9.14159492e-02 4.74336382e-04]
 [1.01011932e-01 7.13247515e-04]
 [6.97784498e-02 1.02264166e-04]
 [7.36725107e-02 1.96710578e-04]
 [7.36725107e-02 1.52574782e-03]
 [7.92378858e-02 7.65816774e-03]
 [6.97789043e-02 4.17816191e-05]
 [6.97789043e-02 1.90174251e-05]
 [6.97789043e-02 2.52545881e-03]
 [6.97789043e-02 2.61017431e-05]
 [6.97789043e-02 4.89095505e-03]
 [6.97789043e-02 1.80432457e-04]
 [6.97789043e-02 5.00243514e-05]
 [6.97789043e-02 2.16106237e-05]
 [6.97789043e-02 7.96602035e-06]
 [6.97789043e-02 1.92994094e-06]
 [7.54249841e-02 1.22763304e-05]
 [5.76046146e-02 4.14430542e-06]
 [7.95650482e-02 6.20363207e-05]
 [5.82189187e-02 5.42589805e-06]
 [6.90324083e-02 2.15178061e-05]
 [6.90324083e-02 5.01969334e-05]
 [6.90324083e-02 7.64935467e-05]
 [6.90324083e-02 6.73087106e-06]
 [6.90324083e-02 1.28077145e-05]
 [6.90324083e-02 4.24302289e-06]
 [6.90324083e-02 3.64327093e-06]
 [6.90324083e-02 9.92521309e-05]
 [6.90324083e-02 2.23097613e-05]
 [6.90324083e-02 2.53865193e-03]
 [4.22081381e-01 6.13263226e-04]] 
obj_id: 263 =============
xyz_diff, org - ref: 
[[-8.26753188e-01 -2.36048208e+01 -2.65092418e-02]
 [-1.58933761e-01 -1.23621580e+01 -1.73206159e-01]
 [-6.68181456e-02 -1.03599009e+01 -2.57962793e-02]
 [-2.51586074e-01 -7.29830343e+00 -9.23206188e-02]
 [-1.05653186e-01 -7.81529085e+00  3.53863129e-02]
 [-5.82691408e-01 -1.28929110e+01 -2.55687149e-01]
 [-2.98921802e-01 -8.36189793e+00 -8.14120695e-02]
 [-1.95073664e-01 -6.80885735e+00  4.37585508e-02]
 [ 3.05754510e-01  1.11280621e+01  3.81251467e-01]
 [ 4.04786171e-01  1.50667023e+01  4.95843078e-01]
 [-1.45904542e-01 -2.33565744e+00 -7.07547531e-02]
 [ 6.88505176e-02  9.86357642e+00  1.01014933e-01]
 [-1.75816473e-03  2.45111712e+00  9.52836992e-03]
 [ 5.86911457e-01  1.60765688e+01  4.64439549e-01]
 [ 1.38607519e-01  9.99222341e+00  3.22507738e-01]
 [-2.32510171e-01 -4.21933666e+00 -2.65408416e-02]
 [-4.84798785e-02  1.25313935e-01  1.44191969e-01]
 [-2.91149806e-01 -8.51706521e+00 -2.12068899e-01]
 [-2.91149806e-01 -8.51706521e+00 -2.12068899e-01]
 [-8.61355440e-01 -3.10128029e+01 -8.31855099e-01]
 [-1.33705958e+00 -4.17165057e+01 -4.57804318e-01]
 [-2.85360634e-01 -8.21895481e+00 -2.20961798e-01]
 [-2.85360634e-01 -8.21895481e+00 -2.20961798e-01]
 [-3.87322751e-01 -9.09546659e+00 -4.77955967e-02]
 [-8.73519778e-01 -1.65028577e+01 -8.78085427e-02]
 [-9.04114888e-01 -1.84212934e+01 -1.29515408e-01]] 
lwh_diff, org - ref: 
[[-9.08031464e-02  9.15288925e-03  1.68946028e-01]
 [-4.20446396e-02 -6.36506081e-03  4.14652824e-02]
 [ 4.57024574e-02  3.24745178e-02  1.32864237e-01]
 [ 1.83184147e-01  9.05659199e-02  2.78923512e-01]
 [ 6.08778000e-02  1.52206421e-02 -1.24505758e-02]
 [-2.25191116e-02  3.08363438e-02  2.83754706e-01]
 [-5.21783829e-02  2.50082016e-02  2.28090405e-01]
 [ 5.11331558e-02  1.23486519e-02  2.50345469e-02]
 [-7.74989128e-02  1.26965046e-02  1.96887732e-01]
 [ 1.32878304e-01  6.52110577e-02  2.32141256e-01]
 [-3.82614136e-03 -7.16733932e-03  2.63291597e-02]
 [-1.54225349e-01 -4.33924198e-02  1.86443329e-04]
 [-2.22873688e-02 -1.32659674e-02 -1.06462240e-02]
 [-1.72249317e-01 -1.05872154e-02  2.00049520e-01]
 [-4.63976860e-02  1.08914375e-02  1.38915539e-01]
 [-1.24249458e-01 -2.87582874e-02 -1.10421181e-02]
 [-1.24249458e-01 -2.87582874e-02 -1.10421181e-02]
 [-1.24249458e-01 -2.87582874e-02 -1.10421181e-02]
 [-1.24249458e-01 -2.87582874e-02 -1.10421181e-02]
 [-1.24249458e-01 -2.87582874e-02 -1.10421181e-02]
 [-1.24249458e-01 -2.87582874e-02 -1.10421181e-02]
 [-1.24249458e-01 -2.87582874e-02 -1.10421181e-02]
 [-1.24249458e-01 -2.87582874e-02 -1.10421181e-02]
 [ 8.99076462e-03  1.80721283e-04  1.05403662e-02]
 [ 3.27426910e-01  9.84835625e-02  4.83822703e-01]
 [ 1.67214870e-01  3.57122421e-02  4.80595827e-02]] 
socre, org, ref: 
[[1.3108745e-01 4.3017205e-04]
 [1.7024155e-01 2.9126971e-04]
 [1.7163470e-01 5.4477603e-04]
 [1.5361942e-01 1.9403678e-04]
 [2.0404769e-01 5.7121888e-05]
 [1.9867480e-01 2.6806243e-04]
 [2.0158151e-01 3.9944259e-04]
 [1.5939184e-01 1.0254305e-03]
 [1.7834151e-01 2.6676137e-04]
 [1.1610956e-01 1.5019049e-03]
 [1.4068513e-01 2.9438846e-03]
 [1.7394188e-01 8.4948837e-04]
 [1.8894006e-01 1.1230248e-03]
 [1.8662652e-01 4.4963910e-04]
 [1.4774279e-01 2.5788881e-04]
 [1.5189941e-01 2.0753699e-03]
 [7.6224923e-02 7.8008900e-04]
 [7.6224923e-02 3.8525191e-06]
 [7.6224923e-02 3.8525191e-06]
 [7.6224923e-02 3.4500447e-03]
 [7.9899028e-02 1.9381520e-04]
 [7.9899028e-02 3.8133264e-06]
 [7.9899028e-02 3.8133264e-06]
 [1.0560223e-01 2.8624481e-03]
 [1.3094461e-01 4.2943031e-04]
 [1.4133267e-01 2.5843417e-03]] 
obj_id: 296 =============
xyz_diff, org - ref: 
[[ 3.71536241e-02  8.23266710e-01  1.77593705e-01]
 [ 9.27121402e-02  4.75653766e+00  3.65355763e-01]
 [ 1.76048155e-01  5.44345054e+00  3.03474652e-01]
 [-1.57188434e-02 -2.73577345e+00  1.06440699e-01]
 [ 6.45197338e-03 -4.98367123e-02  5.94488911e-02]
 [-5.82180310e-02 -1.32310769e-01  1.38902956e-02]
 [ 1.48771559e-01  2.01673731e+00  1.15927094e-01]
 [-1.88549146e-01 -3.13862119e+00 -5.64580172e-02]
 [-5.08496641e-02  1.42219786e+00  2.20204441e-02]
 [ 1.08710309e-01  4.91057974e+00  2.75908748e-01]
 [-2.22244639e-02 -1.20316195e+00 -1.15677255e-01]
 [ 2.72735987e-02 -1.24817539e+00 -1.57900187e-01]
 [-4.08237634e-03 -1.15456918e-01 -7.94046595e-02]
 [ 4.80230223e-02  2.63423440e+00  9.24498058e-02]
 [ 6.47194970e-02 -1.94105001e-01  6.36682911e-02]
 [-4.01769297e-01 -1.09010279e+01 -9.97851910e-02]
 [-1.33443384e+00 -6.24299785e+01 -1.68866404e+00]
 [-8.39225132e-01 -3.49710840e+01 -9.86853694e-01]
 [-9.23140530e-01 -4.04562230e+01 -1.10843047e+00]
 [ 2.37486949e-01 -3.11096761e+01 -8.73112620e-01]
 [-1.94037660e+00 -9.37535439e+01 -1.67879784e+00]
 [-2.32110702e-02 -1.63811194e+01 -6.01684469e-01]
 [-6.30039521e-01 -5.35900735e+01 -1.68102259e+00]
 [-8.78611120e-01 -4.65496374e+01 -1.22559911e+00]
 [-2.38283726e+00 -4.90298740e+01 -1.11833754e+00]] 
lwh_diff, org - ref: 
[[-0.05353451 -0.03981113  0.17149675]
 [-0.1893692  -0.10325432  0.09343374]
 [-0.07294846 -0.05023265  0.07654941]
 [ 0.1224966  -0.03596377  0.23665333]
 [-0.12580776 -0.10278034 -0.09645855]
 [ 0.11801434 -0.00824738  0.24694109]
 [-0.10648584 -0.04872775  0.13115728]
 [-0.14320326 -0.0831852   0.0027293 ]
 [-0.21425533 -0.08549333  0.16857409]
 [ 0.02454615 -0.01989198  0.15522611]
 [-0.02545977 -0.07771778 -0.0127213 ]
 [-0.22157288 -0.12991333 -0.0806725 ]
 [-0.12153864 -0.1079433  -0.06761265]
 [-0.19370604 -0.09150457  0.16804171]
 [-0.1613059  -0.08171797  0.10300207]
 [-0.19904709 -0.1282568  -0.05183244]
 [-0.19904709 -0.1282568  -0.05183244]
 [-0.19904709 -0.1282568  -0.05183244]
 [-0.19904709 -0.1282568  -0.05183244]
 [-0.19904709 -0.1282568  -0.05183244]
 [-0.19904709 -0.1282568  -0.05183244]
 [-0.19904709 -0.1282568  -0.05183244]
 [-0.19904709 -0.1282568  -0.05183244]
 [-0.19904709 -0.1282568  -0.05183244]
 [-0.19904709 -0.1282568  -0.05183244]] 
socre, org, ref: 
[[1.16229899e-01 3.28763598e-03]
 [1.36502534e-01 1.51071927e-05]
 [1.42742962e-01 3.14498408e-04]
 [1.66569144e-01 3.09318100e-04]
 [1.47893518e-01 4.69883853e-05]
 [1.17627323e-01 2.61096109e-04]
 [1.31422862e-01 1.15624815e-03]
 [1.30999118e-01 1.72730982e-02]
 [1.16116300e-01 3.62999999e-04]
 [1.13997288e-01 1.30154137e-02]
 [1.22438110e-01 3.46182426e-03]
 [1.58213809e-01 3.14158434e-03]
 [1.52368456e-01 1.78733945e-03]
 [1.33876383e-01 1.00722141e-03]
 [1.82935461e-01 2.73984740e-04]
 [1.15521446e-01 2.27688765e-03]
 [6.91186339e-02 3.71385016e-04]
 [6.91186339e-02 3.74908862e-03]
 [6.91186339e-02 4.40530042e-04]
 [6.91186339e-02 1.18883222e-03]
 [6.44981042e-02 9.17999205e-06]
 [6.44981042e-02 8.06148804e-04]
 [6.44981042e-02 2.18902103e-04]
 [8.80077779e-02 4.71051999e-06]
 [9.62780118e-02 3.98637145e-04]] 
obj_id: 324 =============
xyz_diff, org - ref: 
[[-1.48081816e-01 -3.45313993e+00 -2.63774568e-02]
 [-1.92869526e-02 -3.04635132e-02 -2.91222060e-02]
 [-5.54877405e-02 -1.30137891e+00 -1.05549580e-01]
 [-1.88872260e-01 -3.57024219e+00 -1.35897487e-02]
 [ 1.89759264e-02 -3.82214822e-02  1.85386353e-02]
 [-2.88440527e-01 -5.37934843e+00  3.92284430e-02]
 [-2.64044786e-03 -2.39478391e-02  3.55605520e-02]
 [-1.36818857e-01 -3.04846434e+00  1.48786303e-01]
 [ 1.57782509e-01  1.33733554e+00 -3.42192399e-02]
 [-2.92775906e-01 -3.04268015e+00  4.89380855e-02]
 [ 1.48086407e-02 -1.74250365e-03 -2.20574598e-02]
 [ 3.49916453e-02  2.59910895e-02 -3.77637104e-03]
 [-2.13974973e-02 -2.18568224e-02 -1.11810754e-01]
 [-2.66629989e-01 -3.45285751e+00 -3.48853540e-02]
 [-2.75949729e-01 -4.68206992e+00 -7.53561352e-02]
 [-1.43676040e+00 -3.23507283e+01 -8.82374123e-01]
 [-1.78343427e+00 -2.42430136e+01 -7.67285788e-01]
 [-1.67950577e+00 -6.02938113e+01 -1.41249168e+00]
 [-1.67950577e+00 -6.02938113e+01 -1.41249168e+00]
 [-5.68082958e-01 -1.34231019e+01 -3.03056051e-01]
 [-1.36294370e+00 -4.60118074e+01 -1.09961145e+00]
 [-1.67950577e+00 -6.02938113e+01 -1.41249168e+00]
 [-1.67950577e+00 -6.02938113e+01 -1.41249168e+00]
 [-1.49716867e+00 -4.24013534e+01 -1.28316488e+00]] 
lwh_diff, org - ref: 
[[ 0.0873394   0.06496811  0.19381297]
 [ 0.0805645   0.02660525  0.02334559]
 [ 0.03733349  0.03003454  0.1204468 ]
 [ 0.21561575  0.06582856  0.2706635 ]
 [ 0.04588366  0.01260042 -0.04908776]
 [ 0.1571784   0.04632711  0.27755213]
 [ 0.0453763   0.04892778  0.19495118]
 [ 0.0453763   0.04892778  0.19495118]
 [ 0.0453763   0.04892778  0.19495118]
 [ 0.08584499  0.06475139  0.16153169]
 [ 0.06205416  0.02512395  0.00510883]
 [-0.01366997 -0.00825548 -0.03523302]
 [ 0.0947175   0.0172838  -0.03056908]
 [-0.13017273  0.00133789  0.18821895]
 [ 0.02980042  0.04230666  0.11047673]
 [ 0.02980042  0.04230666  0.11047673]
 [ 0.02980042  0.04230666  0.11047673]
 [ 0.02980042  0.04230666  0.11047673]
 [ 0.02980042  0.04230666  0.11047673]
 [ 0.02980042  0.04230666  0.11047673]
 [ 0.02980042  0.04230666  0.11047673]
 [ 0.02980042  0.04230666  0.11047673]
 [ 0.02980042  0.04230666  0.11047673]
 [ 0.02980042  0.04230666  0.11047673]] 
socre, org, ref: 
[[1.07379146e-01 2.11695489e-03]
 [1.63259700e-01 1.22954901e-02]
 [1.13266036e-01 1.72714773e-03]
 [1.41198784e-01 5.13501000e-04]
 [1.29178494e-01 4.74006357e-03]
 [1.09633505e-01 3.79757985e-04]
 [1.09771781e-01 3.68206383e-04]
 [9.19670388e-02 3.55669251e-03]
 [9.66112539e-02 3.03780689e-04]
 [1.22889034e-01 2.06769165e-03]
 [1.15518779e-01 1.50923971e-02]
 [1.28176630e-01 7.21431226e-02]
 [1.27321839e-01 2.37081442e-02]
 [1.69130355e-01 1.19936501e-03]
 [1.48937583e-01 5.25680976e-03]
 [8.46152455e-02 3.24698776e-04]
 [4.82392609e-02 9.42062834e-05]
 [4.82392609e-02 1.40472571e-03]
 [4.82392609e-02 1.40472571e-03]
 [4.82392609e-02 6.98573608e-03]
 [4.82392609e-02 5.09809284e-03]
 [4.82392609e-02 1.40472571e-03]
 [4.82392609e-02 1.40472571e-03]
 [8.36185515e-02 1.25524573e-04]] 
obj_id: 363 =============
xyz_diff, org - ref: 
[[-2.58177272e-02 -3.51039840e-02 -3.46354261e-02]
 [-6.75244369e-02 -1.60508530e+00 -7.61626639e-02]
 [-3.35831740e-03 -2.68168221e-02 -8.50289063e-02]
 [-1.92313334e-01 -3.74732304e+00 -4.91113410e-02]
 [-3.90966255e-01 -3.15055895e+00  8.85896735e-02]
 [-4.24992124e-01 -2.01184747e+01 -4.48352640e-01]
 [-4.81637149e-01 -1.48348123e+01 -1.16639143e-01]
 [-4.84791896e-01 -1.37242449e+01 -8.24822569e-02]
 [ 1.04009589e-01  2.90949500e+00  3.78776277e-02]
 [-5.48358165e-01 -3.82662668e+00 -7.13901082e-02]
 [ 7.65100418e-03  1.54728453e-02  7.25656424e-02]
 [ 4.09171858e-02  2.04623360e-02  9.98345227e-02]
 [ 5.87693735e-02  3.12023098e-03 -7.90279054e-02]
 [-3.43293916e-02  1.08196026e+01  5.39786630e-01]
 [-4.49770473e-01  1.10768012e+01  5.51145963e-01]
 [-1.13817398e+00  1.42420825e+00  1.72510403e-01]
 [-1.67416956e+00 -2.55233988e+00  6.36565600e-02]
 [-8.79461196e-01  4.60730291e+00  6.81674602e-02]
 [-8.79461196e-01  4.60730291e+00  6.81674602e-02]
 [-5.04009422e-01  2.82172789e+01  8.19043561e-01]
 [-9.29152721e-01 -1.91934780e+00  9.97749421e-02]
 [-8.79461196e-01  4.60730291e+00  6.81674602e-02]
 [-8.79461196e-01  4.60730291e+00  6.81674602e-02]
 [-1.99342732e+00 -2.12597333e+01 -3.78047520e-01]] 
lwh_diff, org - ref: 
[[ 0.03635025  0.09299624  0.17295182]
 [-0.07192707  0.05593646  0.08731747]
 [-0.02490234  0.05374968  0.03866458]
 [ 0.08014297  0.10245383  0.19809949]
 [ 0.08014297  0.10245383  0.19809949]
 [ 0.08014297  0.10245383  0.19809949]
 [ 0.08014297  0.10245383  0.19809949]
 [ 0.08014297  0.10245383  0.19809949]
 [ 0.17531204  0.11391842  0.15376854]
 [ 0.17531204  0.11391842  0.15376854]
 [ 0.11790323  0.08248103  0.02660871]
 [-0.03183603  0.04819596  0.0009619 ]
 [ 0.06415176  0.06578243 -0.01706219]
 [-0.03611469  0.06624997  0.18206406]
 [-0.03611469  0.06624997  0.18206406]
 [-0.03611469  0.06624997  0.18206406]
 [-0.03611469  0.06624997  0.18206406]
 [-0.03611469  0.06624997  0.18206406]
 [-0.03611469  0.06624997  0.18206406]
 [-0.03611469  0.06624997  0.18206406]
 [-0.03611469  0.06624997  0.18206406]
 [-0.03611469  0.06624997  0.18206406]
 [-0.03611469  0.06624997  0.18206406]
 [-0.03611469  0.06624997  0.18206406]] 
socre, org, ref: 
[[1.2729272e-01 7.1511150e-04]
 [1.3907030e-01 1.1367069e-03]
 [1.2524216e-01 1.0935377e-03]
 [1.2043649e-01 6.2622933e-04]
 [7.0877038e-02 5.3361728e-04]
 [9.2393950e-02 8.9826155e-04]
 [9.6554123e-02 3.6266149e-04]
 [9.4206892e-02 6.4504106e-04]
 [1.0460499e-01 9.0676686e-04]
 [9.0151183e-02 7.3929870e-04]
 [1.1371366e-01 3.7921697e-03]
 [1.0704388e-01 4.4579892e-03]
 [1.2456215e-01 1.2958777e-02]
 [1.1389972e-01 1.2410213e-03]
 [8.7973192e-02 4.2403596e-03]
 [7.8375198e-02 4.8351983e-04]
 [6.1186559e-02 1.6199889e-04]
 [6.1186559e-02 6.8332278e-04]
 [6.1186559e-02 6.8332278e-04]
 [6.1186559e-02 1.6881484e-03]
 [6.1186559e-02 5.9900817e-04]
 [6.1186559e-02 6.8332278e-04]
 [6.1186559e-02 6.8332278e-04]
 [7.0581712e-02 2.2933493e-05]] 
obj_id: 396 =============
xyz_diff, org - ref: 
[[ -0.25252166  -6.28317146   0.15890141]
 [ -0.30045997  -2.37235131   0.18623536]
 [ -0.04226984  -0.24772736   0.07601423]
 [ -0.33364149  -1.54540576   0.27144833]
 [ -1.1557817  -31.41190274  -0.4153965 ]
 [ -0.50840409  -8.56104259   0.28843582]
 [ -1.30822259 -23.83550671   0.14101789]
 [ -1.73896703 -24.04419233  -0.10120941]
 [ -0.77000452 -17.91410515  -0.53327422]
 [ -2.65779645 -14.61200122   0.16206516]
 [ -2.34520726 -27.43021125  -0.32493123]
 [  0.04432991   0.03971281  -0.06839301]
 [ -1.17972406  -7.62972027   0.18359077]
 [ -1.19011245 -17.78885411  -0.04574901]
 [ -0.79288458 -32.39724194  -0.39910955]
 [ -1.85854001 -24.95918855  -0.18280154]
 [ -2.1317107  -35.04749555  -0.94345562]] 
lwh_diff, org - ref: 
[[-0.19432354 -0.04992604  0.2164737 ]
 [-0.34518337 -0.0989778   0.00510252]
 [-0.25087881 -0.09667182  0.00205445]
 [-0.25087881 -0.09667182  0.00205445]
 [-0.25087881 -0.09667182  0.00205445]
 [-0.25087881 -0.09667182  0.00205445]
 [-0.25087881 -0.09667182  0.00205445]
 [-0.25087881 -0.09667182  0.00205445]
 [-0.25087881 -0.09667182  0.00205445]
 [-0.25087881 -0.09667182  0.00205445]
 [-0.25087881 -0.09667182  0.00205445]
 [-0.23558283 -0.07422638  0.02033341]
 [-0.23558283 -0.07422638  0.02033341]
 [-0.23558283 -0.07422638  0.02033341]
 [-0.23558283 -0.07422638  0.02033341]
 [-0.23558283 -0.07422638  0.02033341]
 [-0.23558283 -0.07422638  0.02033341]] 
socre, org, ref: 
[[1.0052864e-01 5.5368547e-04]
 [1.1865273e-01 2.7358698e-02]
 [1.3006496e-01 3.9389045e-03]
 [9.6805401e-02 2.1415558e-03]
 [7.8474745e-02 2.7172484e-03]
 [8.0347091e-02 2.2474341e-03]
 [7.4770264e-02 1.2515852e-03]
 [8.8160925e-02 1.8275939e-02]
 [8.0478653e-02 5.1204127e-04]
 [7.9903305e-02 2.3330546e-03]
 [7.9903305e-02 1.3410466e-03]
 [1.0512773e-01 2.7342382e-01]
 [9.7883590e-02 7.6889438e-03]
 [8.1812687e-02 3.5347249e-02]
 [8.5049033e-02 1.7061295e-02]
 [6.8329252e-02 1.8133948e-03]
 [4.5296412e-02 2.2967643e-04]] 
obj_id: 527 =============
xyz_diff, org - ref: 
[[-5.41974466e-01  1.34710193e+01  8.12700638e-01]
 [-2.35709841e-01  1.40814675e+01  9.23675442e-01]
 [-5.69193621e-01  1.28537701e+01  5.79609824e-01]
 [-4.76478248e-01  6.35554561e+00  3.34122193e-01]
 [-8.89276132e-01  2.63154267e+01  1.42264614e+00]
 [-8.33472065e-01  1.84398837e+01  7.03361459e-01]
 [-1.57470098e+00  1.78881522e+01  1.02310310e+00]
 [-1.67172787e+00  2.05529164e+01  1.58349608e+00]
 [-1.79323914e+00  2.46461642e+01  9.89133662e-01]
 [-2.08757564e+00  2.08551454e+01  1.63353550e+00]
 [-1.34112726e+00  1.54182572e+01  5.46055692e-01]
 [-1.16272367e+00  1.43934103e+01  7.62193450e-01]
 [-1.48217147e+00  1.79711917e+01  1.12344191e+00]
 [-1.26424516e+00  1.68315545e+01  7.67214249e-01]
 [-1.53100393e+00  1.79747455e+01  1.06976607e+00]
 [-1.74314992e+00  2.18210490e+01  1.34824396e+00]
 [-1.04803380e+00  9.05016103e+00  4.16702552e-01]
 [-7.14934748e-01  6.90816644e+00  4.32703668e-01]
 [-7.14934748e-01  6.90816644e+00  4.32703668e-01]
 [-7.33677787e-01  1.43529500e+01  8.10012378e-01]
 [ 3.12099494e-02  1.57120068e+00 -9.32059223e-02]
 [-5.11958554e-02  9.03084795e+00  7.68255075e-02]
 [ 1.52822492e-02  5.62949386e+00 -6.14877620e-01]
 [-2.51535453e-01  3.46671803e+00 -4.13015682e-01]] 
lwh_diff, org - ref: 
[[-0.16509867  0.02761817  0.29170668]
 [-0.16509867  0.02761817  0.29170668]
 [-0.16509867  0.02761817  0.29170668]
 [-0.16509867  0.02761817  0.29170668]
 [-0.16509867  0.02761817  0.29170668]
 [-0.16509867  0.02761817  0.29170668]
 [-0.16509867  0.02761817  0.29170668]
 [-0.16509867  0.02761817  0.29170668]
 [-0.16509867  0.02761817  0.29170668]
 [-0.16509867  0.02761817  0.29170668]
 [-0.16509867  0.02761817  0.29170668]
 [-0.16509867  0.02761817  0.29170668]
 [-0.16509867  0.02761817  0.29170668]
 [-0.16509867  0.02761817  0.29170668]
 [-0.16509867  0.02761817  0.29170668]
 [-0.16509867  0.02761817  0.29170668]
 [-0.16509867  0.02761817  0.29170668]
 [-0.16509867  0.02761817  0.29170668]
 [-0.16509867  0.02761817  0.29170668]
 [-0.16509867  0.02761817  0.29170668]
 [ 0.06963491  0.09474444  0.02982724]
 [ 0.06963491  0.09474444  0.02982724]
 [ 0.06963491  0.09474444  0.02982724]
 [ 0.06963491  0.09474444  0.02982724]] 
socre, org, ref: 
[[0.08749591 0.00021533]
 [0.08779919 0.06625976]
 [0.09703323 0.00030591]
 [0.10110952 0.00099175]
 [0.07314567 0.00035522]
 [0.08639424 0.00047337]
 [0.07676618 0.00375791]
 [0.08097325 0.00171811]
 [0.07832143 0.0002405 ]
 [0.07073031 0.00021287]
 [0.07073031 0.00076195]
 [0.08454213 0.00025221]
 [0.08087454 0.00073718]
 [0.06852993 0.00055709]
 [0.06852993 0.00025412]
 [0.06002624 0.00030667]
 [0.04928208 0.00040926]
 [0.04928208 0.00030911]
 [0.04928208 0.00030911]
 [0.04928208 0.00185954]
 [0.12620999 0.00917986]
 [0.12620999 0.00200916]
 [0.12620999 0.0008572 ]
 [0.06133071 0.00101925]] 
obj_id: 1232 =============
xyz_diff, org - ref: 
[[-7.44849910e-01 -1.61964583e+01 -1.18615985e-01]
 [-5.76785639e-01 -1.00536712e+01 -3.55528636e-02]
 [-7.52899932e-01 -1.67082678e+01 -1.47175775e-01]
 [-8.28912601e-01 -4.48010155e+01 -1.84179496e-01]
 [-5.11475214e-01 -2.52860020e+01  2.50239511e-01]
 [-6.38438314e-01 -1.64057570e+01 -2.79521610e-01]
 [ 2.53667240e-01  1.07009909e+00 -4.68521606e-01]
 [-7.46523691e-01 -1.62740926e+01 -1.22001060e-01]
 [-8.64464859e-01 -3.83447294e+01 -1.15071216e+00]
 [-7.36710477e-01 -4.49964623e+01 -9.95872612e-01]
 [-8.55691058e-01 -4.11958039e+01 -9.85950491e-01]
 [-6.19032621e-01 -2.39351190e+01 -3.12112758e-01]
 [-6.96104824e-01 -2.74478116e+01  2.58217801e-01]
 [-7.45049276e-01 -1.66024909e+01 -1.57566065e-01]
 [-2.69130427e-01 -5.57567849e+01 -1.26823237e+00]
 [-4.62656117e-02 -6.96615558e+00  1.22455752e-01]
 [-1.83196438e-01 -9.20110230e+00  9.25417542e-02]
 [-2.45076643e-01 -2.64668124e+01 -1.66071067e-01]
 [-2.36176360e-02  2.15299017e-02  5.72800217e-02]
 [-2.02527825e-02  3.17837206e-02  6.54900351e-04]
 [-4.80490644e-01 -2.31294046e+01 -2.09954755e-01]
 [-4.80490644e-01 -2.31294046e+01 -2.09954755e-01]
 [-1.37458348e-02  8.40060562e-03  4.29236292e-03]
 [-3.95631486e-01 -1.07433988e+01  2.18996357e-03]
 [ 2.90843993e-01  7.64088541e+00  2.72515240e-02]
 [-1.30806779e+00 -2.79900172e+01  5.41665974e-01]] 
lwh_diff, org - ref: 
[[0.05988455 0.0999136  0.057706  ]
 [0.05988455 0.0999136  0.057706  ]
 [0.05988455 0.0999136  0.057706  ]
 [0.05988455 0.0999136  0.057706  ]
 [0.05988455 0.0999136  0.057706  ]
 [0.05988455 0.0999136  0.057706  ]
 [0.05988455 0.0999136  0.057706  ]
 [0.05988455 0.0999136  0.057706  ]
 [0.05988455 0.0999136  0.057706  ]
 [0.05988455 0.0999136  0.057706  ]
 [0.05988455 0.0999136  0.057706  ]
 [0.05988455 0.0999136  0.057706  ]
 [0.05988455 0.0999136  0.057706  ]
 [0.05988455 0.0999136  0.057706  ]
 [0.05988455 0.0999136  0.057706  ]
 [0.05988455 0.0999136  0.057706  ]
 [0.05988455 0.0999136  0.057706  ]
 [0.05988455 0.0999136  0.057706  ]
 [0.05988455 0.0999136  0.057706  ]
 [0.05988455 0.0999136  0.057706  ]
 [0.05988455 0.0999136  0.057706  ]
 [0.05988455 0.0999136  0.057706  ]
 [0.05763865 0.03772187 0.00450718]
 [0.05763865 0.03772187 0.00450718]
 [0.05763865 0.03772187 0.00450718]
 [0.05763865 0.03772187 0.00450718]] 
socre, org, ref: 
[[3.49952355e-02 3.30710551e-04]
 [4.05417196e-02 2.61058623e-04]
 [4.05417196e-02 3.34473269e-04]
 [4.05417196e-02 7.93320651e-04]
 [4.37535830e-02 5.36830339e-05]
 [6.45452812e-02 3.59333091e-04]
 [6.45452812e-02 7.00241071e-05]
 [3.56607325e-02 3.31142946e-04]
 [3.56607325e-02 1.14502400e-05]
 [5.13673462e-02 3.69840200e-05]
 [5.71797304e-02 5.25994365e-05]
 [4.87979762e-02 3.32067139e-04]
 [5.49774207e-02 9.48045511e-07]
 [4.25006822e-02 3.35994642e-04]
 [5.81386089e-02 2.00300583e-05]
 [3.46066803e-02 8.24738454e-05]
 [5.46816587e-02 3.49143920e-05]
 [4.40792516e-02 1.22547179e-04]
 [2.01713681e-01 1.56605791e-03]
 [2.01713681e-01 2.25015998e-01]
 [2.01713681e-01 5.14540414e-04]
 [2.01713681e-01 5.14540414e-04]
 [1.13183744e-01 9.83930603e-02]
 [1.13183744e-01 2.09249745e-04]
 [1.13183744e-01 2.32660002e-03]
 [5.08143194e-02 1.04217324e-03]] 
obj_id: 1265 =============
xyz_diff, org - ref: 
[[ 6.68684146e-01  8.49191146e+00  1.77828699e-01]
 [ 8.07653485e-01  1.24378296e+01 -2.73545457e-01]
 [ 3.12317988e-01 -1.09523709e+01 -2.78751534e-01]
 [ 6.45976835e-01 -1.59980107e+01 -6.09432239e-03]
 [ 4.61853047e-01 -1.51540523e+01  1.14866107e-01]
 [ 1.13091935e+00 -1.57965139e+01 -1.85626883e-02]
 [ 2.89705349e-01 -2.02082657e+01  1.88921253e-01]
 [ 5.95656164e-01 -1.26601992e+01 -2.82750326e-01]
 [ 8.05723500e-01 -4.67930632e+01  4.70541100e-01]
 [-4.19364225e-01 -5.08031943e+01  7.78849886e-01]
 [ 8.13256328e-01 -2.43088082e+01  2.47251190e-01]
 [ 1.02506146e-01 -9.30776142e-01 -7.93813128e-02]
 [ 6.20718534e-01 -1.87473823e+01  2.77595630e-01]
 [ 6.03472527e-01 -8.25528599e+00 -1.72848287e-01]
 [ 1.65609622e-01 -1.59717458e+01  1.67371487e-01]
 [ 8.80766309e-02 -1.90205216e+00 -1.09150464e-01]
 [-5.52000155e-02 -1.15268709e+01 -5.97008870e-02]
 [-4.62884146e-02  9.82720386e+00 -4.05615903e-01]
 [-1.27188043e-01 -1.18575621e+00 -5.23475339e-01]
 [ 2.34329484e-02 -5.13459539e+00 -4.23642897e-01]
 [-6.98820973e-02 -3.58640886e-02  1.30023635e-01]
 [ 2.34329484e-02 -5.13459539e+00 -4.23642897e-01]
 [ 2.34329484e-02 -5.13459539e+00 -4.23642897e-01]
 [ 9.75176572e-01 -4.36857275e+01  6.94798244e-01]] 
lwh_diff, org - ref: 
[[0.00982141 0.07377875 0.00481844]
 [0.00982141 0.07377875 0.00481844]
 [0.00982141 0.07377875 0.00481844]
 [0.00982141 0.07377875 0.00481844]
 [0.00982141 0.07377875 0.00481844]
 [0.00982141 0.07377875 0.00481844]
 [0.00982141 0.07377875 0.00481844]
 [0.00982141 0.07377875 0.00481844]
 [0.00982141 0.07377875 0.00481844]
 [0.00982141 0.07377875 0.00481844]
 [0.00982141 0.07377875 0.00481844]
 [0.00982141 0.07377875 0.00481844]
 [0.00982141 0.07377875 0.00481844]
 [0.00982141 0.07377875 0.00481844]
 [0.00982141 0.07377875 0.00481844]
 [0.00982141 0.07377875 0.00481844]
 [0.00982141 0.07377875 0.00481844]
 [0.00982141 0.07377875 0.00481844]
 [0.00982141 0.07377875 0.00481844]
 [0.00982141 0.07377875 0.00481844]
 [0.00982141 0.07377875 0.00481844]
 [0.00982141 0.07377875 0.00481844]
 [0.00982141 0.07377875 0.00481844]
 [0.00982141 0.07377875 0.00481844]] 
socre, org, ref: 
[[7.68664181e-02 6.96140996e-05]
 [6.89549223e-02 3.41220402e-05]
 [9.65267420e-02 4.44618490e-04]
 [6.69287816e-02 4.84315933e-05]
 [6.69287816e-02 1.65437796e-05]
 [7.72899836e-02 2.39361580e-05]
 [7.72899836e-02 1.47040407e-06]
 [7.72899836e-02 2.64539449e-05]
 [7.72899836e-02 3.28709939e-05]
 [7.72899836e-02 2.46616924e-06]
 [5.88071831e-02 2.62113135e-05]
 [6.96190521e-02 4.25120888e-05]
 [5.76230101e-02 7.66666781e-05]
 [6.51348308e-02 6.74191278e-06]
 [6.82227537e-02 2.50598750e-05]
 [4.23506200e-02 2.15668158e-04]
 [4.63649109e-02 3.62341925e-05]
 [4.63649109e-02 5.49993183e-06]
 [1.14210024e-01 2.87566036e-05]
 [1.14210024e-01 5.65268783e-05]
 [1.14210024e-01 2.82419827e-02]
 [1.14210024e-01 5.65268783e-05]
 [1.14210024e-01 5.65268783e-05]
 [5.41240424e-02 7.65012883e-05]] 
obj_id: 1415 =============
xyz_diff, org - ref: 
[[ 3.22033091e+00 -4.42804749e+00 -6.36388878e-01]
 [ 1.89733801e+00 -1.89732747e+01 -6.61853666e-01]
 [ 2.10554510e+00 -2.27324278e+01 -3.39303591e-01]
 [ 9.79822223e+00 -1.09892992e+00  7.98270149e-02]
 [ 1.19519938e-01  5.82417605e-03 -7.58660895e-02]
 [ 3.99557039e-01 -4.75352444e-01 -2.47956992e-01]
 [ 2.96337184e-01 -2.76018878e+01 -1.15741327e+00]
 [ 5.62952565e-01 -4.33868818e+00 -5.57563028e-01]
 [ 9.47336308e-01 -4.70579245e+00 -3.71880073e-01]
 [ 4.48564029e-01 -4.07216164e+01 -1.11105001e+00]
 [-9.01036208e-02 -1.49598708e+00 -6.85213960e-02]
 [ 5.51493638e-01 -1.86057136e+00 -1.32939385e-01]
 [ 2.10648485e+00 -2.54258116e+01 -8.44908397e-01]
 [ 1.39722174e-01 -1.22730369e+00 -2.49983552e-01]
 [ 5.05873228e-01 -5.05128044e+00  1.84616362e-01]
 [ 3.31924365e+00 -1.08867503e+01  9.05584870e-02]
 [ 7.16201079e-01  2.27551665e+00  1.60326933e-01]
 [ 1.11406862e+00 -2.51322441e+00  1.27559822e-01]
 [ 5.91548817e+00  4.89538195e+00  1.64984613e-01]
 [ 4.44444364e-01 -7.46839672e+00  9.96681571e-02]
 [ 1.44008651e-01 -4.85799302e+00  4.30860197e-03]
 [ 1.00215840e+00 -3.05238910e+01 -4.06970507e-01]
 [ 5.91548817e+00  4.89538195e+00  1.64984613e-01]
 [ 1.57488368e+00 -1.09713607e+01 -1.86127968e-01]
 [ 5.91548817e+00  4.89538195e+00  1.64984613e-01]
 [ 5.91548817e+00  4.89538195e+00  1.64984613e-01]
 [-8.86711954e-02 -6.82581976e-02 -6.60271788e-02]] 
lwh_diff, org - ref: 
[[0.09047937 0.04383445 0.16075456]
 [0.09047937 0.04383445 0.16075456]
 [0.09047937 0.04383445 0.16075456]
 [0.09047937 0.04383445 0.16075456]
 [0.09047937 0.04383445 0.16075456]
 [0.09047937 0.04383445 0.16075456]
 [0.09047937 0.04383445 0.16075456]
 [0.09047937 0.04383445 0.16075456]
 [0.09047937 0.04383445 0.16075456]
 [0.09047937 0.04383445 0.16075456]
 [0.09047937 0.04383445 0.16075456]
 [0.09047937 0.04383445 0.16075456]
 [0.09047937 0.04383445 0.16075456]
 [0.09047937 0.04383445 0.16075456]
 [0.09047937 0.04383445 0.16075456]
 [0.09047937 0.04383445 0.16075456]
 [0.09047937 0.04383445 0.16075456]
 [0.09047937 0.04383445 0.16075456]
 [0.09047937 0.04383445 0.16075456]
 [0.09047937 0.04383445 0.16075456]
 [0.09047937 0.04383445 0.16075456]
 [0.09047937 0.04383445 0.16075456]
 [0.09047937 0.04383445 0.16075456]
 [0.09047937 0.04383445 0.16075456]
 [0.09047937 0.04383445 0.16075456]
 [0.09047937 0.04383445 0.16075456]
 [0.09047937 0.04383445 0.16075456]] 
socre, org, ref: 
[[6.5563940e-02 2.7084575e-04]
 [7.9952165e-02 4.6397163e-06]
 [6.1696511e-02 2.2419422e-06]
 [8.4597535e-02 1.6843328e-03]
 [8.4597535e-02 1.0674464e-04]
 [6.0428280e-02 1.3778709e-05]
 [7.1428686e-02 4.1451708e-06]
 [6.2179055e-02 1.4714448e-05]
 [6.8751395e-02 1.7355809e-05]
 [6.6584468e-02 1.1105854e-05]
 [5.4482128e-02 1.1302229e-03]
 [5.8319364e-02 1.4770134e-04]
 [5.4201443e-02 2.3002387e-05]
 [5.4201443e-02 5.1701889e-05]
 [3.0424935e-01 7.1505701e-06]
 [3.0424935e-01 2.3237765e-06]
 [3.0424935e-01 1.3125293e-05]
 [3.0424935e-01 4.2941677e-04]
 [3.0424935e-01 1.5663073e-04]
 [3.0424935e-01 2.8870957e-02]
 [3.0424935e-01 1.5479218e-05]
 [3.0424935e-01 2.6285346e-04]
 [3.0424935e-01 1.5663073e-04]
 [3.0424935e-01 1.6851699e-06]
 [3.0424935e-01 1.5663073e-04]
 [3.0424935e-01 1.5663073e-04]
 [3.0424935e-01 3.8261951e-06]] 
obj_id: 1183 =============
xyz_diff, org - ref: 
[[ 7.39573067e-01 -1.73035485e+01 -5.72818262e-01]
 [ 2.12566065e+00 -4.20845704e+01 -1.36714154e+00]
 [ 3.17407274e-01 -2.49170800e+01 -8.47542275e-01]
 [ 2.45827543e-03 -1.46463655e+01 -8.25807210e-01]
 [ 1.60115932e-01 -2.60704756e+01 -1.02194752e+00]
 [ 9.93443120e-01 -2.92824152e+01 -7.13178921e-01]
 [ 1.27535182e+00 -2.71799751e+01 -6.65532061e-01]
 [ 2.20420694e+00 -4.46474714e+01 -1.68072477e+00]
 [ 1.96405701e+00 -4.81366748e+01 -1.17861298e+00]
 [ 2.40034279e-01 -2.35553832e+00 -8.73026193e-02]
 [ 1.86349211e+00 -3.88998353e+01 -1.19983267e+00]
 [ 2.10187846e+00 -3.34931267e+01 -7.38093947e-01]
 [ 5.25737371e-01 -3.51210553e+00 -2.90150311e-01]
 [ 1.65773506e-01 -4.66864287e+00 -6.58472893e-02]
 [ 1.29623495e+00 -2.86521796e+01 -8.62249269e-01]
 [ 4.29053605e-01 -1.00180793e+01 -1.79543519e-01]
 [-1.78788267e-02 -1.89531860e-02  4.63236711e-02]
 [-1.34492741e+00  2.39439324e+01  6.63593559e-01]
 [ 6.11559180e-03 -4.07392427e-02  5.69979559e-02]
 [-1.15790801e+00  2.16965361e+01  6.64164315e-01]
 [-5.53812900e-01  9.12420147e+00  2.05608267e-01]
 [-2.16591383e+00  2.67037285e+01  6.34496939e-01]
 [-2.16591383e+00  2.67037285e+01  6.34496939e-01]
 [-2.16591383e+00  2.67037285e+01  6.34496939e-01]
 [-2.16591383e+00  2.67037285e+01  6.34496939e-01]
 [-7.04786936e-01  2.00895835e+01  6.05571684e-01]
 [-5.72030767e-01  6.31142911e+00  1.60208595e-01]] 
lwh_diff, org - ref: 
[[-0.09138298 -0.00482249  0.1015538 ]
 [-0.09138298 -0.00482249  0.1015538 ]
 [-0.09138298 -0.00482249  0.1015538 ]
 [-0.09138298 -0.00482249  0.1015538 ]
 [-0.09138298 -0.00482249  0.1015538 ]
 [-0.09138298 -0.00482249  0.1015538 ]
 [-0.09138298 -0.00482249  0.1015538 ]
 [-0.09138298 -0.00482249  0.1015538 ]
 [-0.09138298 -0.00482249  0.1015538 ]
 [-0.09138298 -0.00482249  0.1015538 ]
 [-0.09138298 -0.00482249  0.1015538 ]
 [-0.09138298 -0.00482249  0.1015538 ]
 [-0.09138298 -0.00482249  0.1015538 ]
 [-0.09138298 -0.00482249  0.1015538 ]
 [-0.09138298 -0.00482249  0.1015538 ]
 [-0.09138298 -0.00482249  0.1015538 ]
 [-0.18842602 -0.03674006 -0.00373805]
 [-0.18842602 -0.03674006 -0.00373805]
 [ 0.0901556   0.03268695  0.08551598]
 [ 0.0901556   0.03268695  0.08551598]
 [ 0.0901556   0.03268695  0.08551598]
 [ 0.0901556   0.03268695  0.08551598]
 [ 0.0901556   0.03268695  0.08551598]
 [ 0.0901556   0.03268695  0.08551598]
 [ 0.0901556   0.03268695  0.08551598]
 [ 0.0901556   0.03268695  0.08551598]
 [ 0.0901556   0.03268695  0.08551598]] 
socre, org, ref: 
[[0.08498973 0.0173502 ]
 [0.0869584  0.01861407]
 [0.0869584  0.03084662]
 [0.0869584  0.01049909]
 [0.07398164 0.04071792]
 [0.0729699  0.01621464]
 [0.0729699  0.03729454]
 [0.07180853 0.00089097]
 [0.07937628 0.00447372]
 [0.05624002 0.0021572 ]
 [0.070996   0.00596215]
 [0.08985502 0.00846438]
 [0.08866806 0.00182497]
 [0.10111814 0.0493358 ]
 [0.10111814 0.00053806]
 [0.10111814 0.01161288]
 [0.1131532  0.09295233]
 [0.09477665 0.00853865]
 [0.10095786 0.00895142]
 [0.08894189 0.00021533]
 [0.07611006 0.00112566]
 [0.07611006 0.02503596]
 [0.07611006 0.02503596]
 [0.07611006 0.02503596]
 [0.07611006 0.02503596]
 [0.07980405 0.00015798]
 [0.09657165 0.00108769]] 
obj_id: 1293 =============
xyz_diff, org - ref: 
[[ 6.40814901e-01 -8.12726010e+00 -1.84274823e-01]
 [-3.65680532e-01  8.90179669e+00 -4.20063169e-01]
 [ 1.18780835e+00 -5.31577870e+00 -1.60756214e-01]
 [ 4.67232727e-01  5.26959605e+00 -1.60828341e-01]
 [ 1.63014417e+00 -1.13958995e+01 -3.18460180e-01]
 [ 2.04055241e+00 -2.54070971e+01  5.74108718e-01]
 [ 1.91350630e+00 -2.43378656e+01  3.82219536e-01]
 [ 1.78469446e+00 -2.27957509e+01  5.20511528e-01]
 [ 1.05510677e+00 -4.89475861e-01  1.64092474e-02]
 [ 1.52876003e+00 -1.78289131e+01  2.21542692e-01]
 [ 5.92273112e-01 -3.95006071e+00 -7.43136067e-02]
 [ 9.94170611e-01 -1.50962280e+01 -1.91449441e-02]
 [ 1.35047609e+00 -1.84425044e+01  2.26170721e-01]
 [ 1.35513637e+00 -2.79956285e+01  3.99086501e-01]
 [ 3.42641151e-01  1.43246507e+00 -3.00373836e-04]
 [ 1.78242102e-01 -3.10026020e+00 -6.79330661e-02]
 [ 2.35259067e+00 -3.28579543e+01  4.19015473e-02]
 [ 4.82369066e-01 -9.28723085e+00 -5.34960377e-02]
 [ 4.82369066e-01 -9.28723085e+00 -5.34960377e-02]
 [-3.85826595e-02  5.66478299e-02 -2.04651788e-02]
 [ 4.82369066e-01 -9.28723085e+00 -5.34960377e-02]
 [ 4.82369066e-01 -9.28723085e+00 -5.34960377e-02]
 [-1.86935287e-01 -2.14565569e+01  9.69574862e-02]] 
lwh_diff, org - ref: 
[[0.13423872 0.01202488 0.0427916 ]
 [0.13423872 0.01202488 0.0427916 ]
 [0.13423872 0.01202488 0.0427916 ]
 [0.13423872 0.01202488 0.0427916 ]
 [0.13423872 0.01202488 0.0427916 ]
 [0.13423872 0.01202488 0.0427916 ]
 [0.13423872 0.01202488 0.0427916 ]
 [0.13423872 0.01202488 0.0427916 ]
 [0.13423872 0.01202488 0.0427916 ]
 [0.13423872 0.01202488 0.0427916 ]
 [0.13423872 0.01202488 0.0427916 ]
 [0.13423872 0.01202488 0.0427916 ]
 [0.13423872 0.01202488 0.0427916 ]
 [0.13423872 0.01202488 0.0427916 ]
 [0.13423872 0.01202488 0.0427916 ]
 [0.13423872 0.01202488 0.0427916 ]
 [0.13423872 0.01202488 0.0427916 ]
 [0.13423872 0.01202488 0.0427916 ]
 [0.13423872 0.01202488 0.0427916 ]
 [0.13423872 0.01202488 0.0427916 ]
 [0.13423872 0.01202488 0.0427916 ]
 [0.13423872 0.01202488 0.0427916 ]
 [0.13423872 0.01202488 0.0427916 ]] 
socre, org, ref: 
[[7.1458206e-02 1.1198148e-04]
 [7.2901368e-02 2.7125667e-05]
 [7.1921989e-02 1.7033303e-03]
 [7.1921989e-02 2.0752866e-04]
 [7.1921989e-02 6.1810587e-04]
 [7.1921989e-02 9.4908364e-06]
 [7.1921989e-02 3.2175529e-05]
 [7.1921989e-02 8.8125089e-06]
 [7.1921989e-02 2.9151016e-04]
 [6.0373023e-02 3.4105531e-05]
 [5.6663141e-02 1.5204716e-04]
 [5.1426344e-02 5.5565299e-05]
 [5.8967032e-02 5.6965277e-05]
 [6.7302115e-02 2.5575759e-05]
 [6.2469225e-02 1.1571698e-04]
 [4.4346668e-02 1.2286623e-05]
 [4.3721985e-02 7.7408346e-05]
 [2.5056893e-01 3.0620294e-04]
 [2.5056893e-01 3.0620294e-04]
 [2.5056893e-01 1.0720526e-02]
 [2.5056893e-01 3.0620294e-04]
 [2.5056893e-01 3.0620294e-04]
 [5.8818821e-02 4.8026207e-04]] 
obj_id: 636 =============
xyz_diff, org - ref: 
[[-3.85921245e-02  4.36693675e+00 -2.29511215e-02]
 [ 1.02752930e-01 -5.45976628e-02  4.11623108e-02]
 [ 7.07011680e-01 -2.19988971e+01 -1.25715187e-01]
 [ 2.20988601e-02  4.85035738e-02  5.84853065e-03]
 [-1.37126880e-01  9.54310630e+00  3.94316644e-01]
 [-2.20460200e-01 -9.22877585e+00  2.26312410e-01]
 [-2.20460200e-01 -9.22877585e+00  2.26312410e-01]
 [-2.20460200e-01 -9.22877585e+00  2.26312410e-01]
 [-1.01452381e-01 -8.74966594e+00  1.77015897e-01]
 [-2.20460200e-01 -9.22877585e+00  2.26312410e-01]
 [ 4.02554838e-01  1.15420526e+01  3.91884746e-01]] 
lwh_diff, org - ref: 
[[ 0.03025055 -0.0226686   0.06422913]
 [ 0.03025055 -0.0226686   0.06422913]
 [ 0.03025055 -0.0226686   0.06422913]
 [ 0.01640892 -0.03655505  0.07968009]
 [ 0.01640892 -0.03655505  0.07968009]
 [ 0.01640892 -0.03655505  0.07968009]
 [ 0.01640892 -0.03655505  0.07968009]
 [ 0.01640892 -0.03655505  0.07968009]
 [ 0.01640892 -0.03655505  0.07968009]
 [ 0.01640892 -0.03655505  0.07968009]
 [ 0.01640892 -0.03655505  0.07968009]] 
socre, org, ref: 
[[7.8442745e-02 1.2098042e-03]
 [1.1173725e-01 4.1856614e-01]
 [9.9393591e-02 5.5977046e-01]
 [1.0238834e-01 7.9406291e-01]
 [1.0238834e-01 8.8007981e-03]
 [1.0238834e-01 1.9445744e-03]
 [1.0238834e-01 1.9445744e-03]
 [1.0238834e-01 1.9445744e-03]
 [1.0238834e-01 4.7472869e-05]
 [1.0238834e-01 1.9445744e-03]
 [7.9764895e-02 9.7583904e-04]] 
obj_id: 678 =============
xyz_diff, org - ref: 
[[-2.44683232e+00 -3.34955833e+01 -1.87167203e-01]
 [-2.27040496e+00 -3.16643169e+01 -4.37653104e-02]
 [-6.98040959e-02 -4.30627612e-02  8.26342979e-02]
 [-3.62832202e-01  3.68668474e+00 -3.67108209e-02]
 [-9.07412938e-01 -1.28080229e+01 -2.19905324e-03]] 
lwh_diff, org - ref: 
[[ 0.02658463 -0.01982713  0.08770275]
 [ 0.02658463 -0.01982713  0.08770275]
 [ 0.02658463 -0.01982713  0.08770275]
 [ 0.02658463 -0.01982713  0.08770275]
 [ 0.02658463 -0.01982713  0.08770275]] 
socre, org, ref: 
[[0.06833595 0.00470256]
 [0.03990909 0.00167339]
 [0.11964216 0.13202946]
 [0.07873338 0.03882164]
 [0.03505068 0.00552137]] 
obj_id: 959 =============
xyz_diff, org - ref: 
[[ -0.11107064  -2.95767437  -0.42822793]
 [ -0.98282944 -15.94744111  -0.67018271]
 [ -0.08442384  -1.60275447   0.52437637]
 [ -0.10745635  -0.62708795  -0.09732013]
 [ -0.7106077  -11.4899519   -0.81099186]
 [ -0.50593926  -8.5967687   -0.82993783]
 [ -0.4830531   -8.23177929  -0.81507584]
 [ -0.45079417  -8.02169115  -0.77710622]
 [ -1.05804074 -19.62584075  -0.85348714]] 
lwh_diff, org - ref: 
[[-0.10774708 -0.00641429 -0.05235004]
 [-0.10774708 -0.00641429 -0.05235004]
 [ 0.0158782   0.06117666  0.24406517]
 [ 0.13107204  0.08719933  0.05686224]
 [ 0.13107204  0.08719933  0.05686224]
 [ 0.13107204  0.08719933  0.05686224]
 [ 0.13107204  0.08719933  0.05686224]
 [ 0.13107204  0.08719933  0.05686224]
 [ 0.13107204  0.08719933  0.05686224]] 
socre, org, ref: 
[[0.09689999 0.0516195 ]
 [0.16887422 0.2588602 ]
 [0.14164865 0.04444912]
 [0.12808909 0.16670714]
 [0.12808909 0.1073275 ]
 [0.12808909 0.08631408]
 [0.12808909 0.0877331 ]
 [0.12808909 0.04956354]
 [0.0868426  0.07699724]] 
obj_id: 1396 =============
xyz_diff, org - ref: 
[[ 7.41967028e-01  1.07894563e+01  3.22427921e-01]
 [ 9.47179036e-01  4.92995975e+00  2.15882194e-01]
 [ 3.85287354e-01 -2.64254168e+01 -3.56132254e-01]
 [ 8.92690686e-01  4.56117029e+00  9.83806298e-02]
 [ 8.29637840e-01  1.67000146e+01  7.05369918e-01]
 [ 6.19955019e-01  7.23630348e+00  3.01390862e-01]
 [-2.73566473e-01 -1.56360774e+01 -2.22741403e-01]
 [-1.75874375e-01 -7.40335756e+00 -3.12932467e-02]
 [-1.15319322e-02 -1.63741258e+01  3.20248001e-02]
 [ 3.48531654e-01  1.82386079e+01  5.38691794e-01]
 [-1.40686995e-01 -2.36338349e+01 -1.64585938e-01]
 [ 8.37295951e-01  1.99697197e+01  6.74168390e-01]
 [ 6.19496547e-01  1.60333315e+01  5.25780740e-01]
 [-3.09236077e-01 -2.96681454e+01 -4.32249308e-01]
 [ 2.81976897e-01  4.91933454e+00  1.37964323e-01]
 [-6.73420762e-03 -4.32313926e-02 -1.88587830e-02]] 
lwh_diff, org - ref: 
[[-0.03879166 -0.05506396  0.01020145]
 [-0.03879166 -0.05506396  0.01020145]
 [-0.03879166 -0.05506396  0.01020145]
 [-0.03879166 -0.05506396  0.01020145]
 [-0.03879166 -0.05506396  0.01020145]
 [-0.03879166 -0.05506396  0.01020145]
 [-0.03879166 -0.05506396  0.01020145]
 [-0.03879166 -0.05506396  0.01020145]
 [-0.03879166 -0.05506396  0.01020145]
 [-0.03879166 -0.05506396  0.01020145]
 [-0.03879166 -0.05506396  0.01020145]
 [-0.03879166 -0.05506396  0.01020145]
 [-0.03879166 -0.05506396  0.01020145]
 [-0.03879166 -0.05506396  0.01020145]
 [-0.03879166 -0.05506396  0.01020145]
 [-0.03879166 -0.05506396  0.01020145]] 
socre, org, ref: 
[[6.31612912e-02 4.93547122e-05]
 [8.22268948e-02 7.29477542e-05]
 [5.61712720e-02 1.77160488e-04]
 [7.14590773e-02 1.13481176e-04]
 [6.88451231e-02 1.54936730e-04]
 [6.34289756e-02 1.05474493e-03]
 [3.71266872e-01 5.58883476e-04]
 [3.71266872e-01 2.45951407e-04]
 [3.71266872e-01 9.10579984e-05]
 [3.71266872e-01 1.53538553e-04]
 [3.71266872e-01 2.16821209e-05]
 [3.71266872e-01 1.76279937e-04]
 [3.71266872e-01 1.67784659e-04]
 [3.71266872e-01 3.47811234e-04]
 [3.71266872e-01 2.59105698e-03]
 [3.71266872e-01 2.59360793e-04]] 
obj_id: 1001 =============
xyz_diff, org - ref: 
[[ 1.78785894e+00  3.53550163e+01  1.05918020e+00]
 [ 1.25550516e+00  1.96987697e+01  7.61987592e-01]
 [ 1.26171426e+00  2.15507981e+01  1.25258751e+00]
 [-3.61844902e-02  2.27724427e+00  2.25787491e-01]
 [ 2.53986731e-01  1.83575217e+00 -1.96960153e-02]
 [-3.15119385e-01 -5.12437704e+00 -2.66942549e-01]
 [ 1.05846514e-01  1.25289132e-01  6.76932535e-03]
 [ 1.02693781e+00  1.67506866e+01  4.63061705e-01]
 [ 9.77790620e-01  3.78246656e+01  6.56317678e-01]] 
lwh_diff, org - ref: 
[[-0.09111547  0.02834129  0.02096415]
 [-0.09111547  0.02834129  0.02096415]
 [ 0.04392767  0.07461858  0.24586833]
 [ 0.1380229   0.07479668  0.00575876]
 [ 0.1380229   0.07479668  0.00575876]
 [ 0.1380229   0.07479668  0.00575876]
 [ 0.1380229   0.07479668  0.00575876]
 [ 0.1380229   0.07479668  0.00575876]
 [ 0.1380229   0.07479668  0.00575876]] 
socre, org, ref: 
[[0.09352043 0.02672081]
 [0.18620418 0.11215481]
 [0.10771693 0.13134791]
 [0.12341474 0.06377712]
 [0.12341474 0.00465218]
 [0.12341474 0.00411445]
 [0.12341474 0.00512076]
 [0.12341474 0.03275874]
 [0.09386801 0.0190584 ]] 
obj_id: 1045 =============
xyz_diff, org - ref: 
[[-6.40231993e-01  8.23269997e+00 -4.61161379e-03]
 [-2.90388854e-01 -1.13318355e+01 -4.02590258e-01]
 [ 4.40482949e-02  6.84977580e+00  7.43915970e-01]
 [-5.17573280e-01 -1.75632902e+01 -4.75073838e-01]
 [ 3.66887742e-01  5.03764575e+00 -1.09417182e-01]
 [ 3.05214366e-01  3.79109413e+00 -1.41733399e-01]
 [ 2.47086082e-01  5.78755891e+00 -6.21322199e-02]
 [ 4.29257911e-01  7.46697879e+00 -1.10778176e-01]
 [-2.75503905e-01  7.12834066e+00  6.50227538e-01]] 
lwh_diff, org - ref: 
[[ 0.07653236 -0.01360941 -0.01860011]
 [ 0.07653236 -0.01360941 -0.01860011]
 [ 0.11959887  0.05860758  0.26401639]
 [ 0.05544901 -0.03517938 -0.03077364]
 [ 0.05544901 -0.03517938 -0.03077364]
 [ 0.05544901 -0.03517938 -0.03077364]
 [ 0.05544901 -0.03517938 -0.03077364]
 [ 0.05544901 -0.03517938 -0.03077364]
 [ 0.27164459  0.04912615 -0.00520968]] 
socre, org, ref: 
[[0.09736285 0.00605976]
 [0.18702553 0.14877126]
 [0.16245331 0.06075015]
 [0.15607646 0.14841755]
 [0.15607646 0.00486325]
 [0.15607646 0.00499708]
 [0.15607646 0.00460377]
 [0.15607646 0.00563607]
 [0.14101458 0.12324984]] 
ABC001_1733643104: 
obj_id: 2 =============
xyz_diff, org - ref: 
[[ 0.0093461   0.00983068  0.00358648]
 [ 0.01130636  0.0158785   0.01068049]
 [ 0.00966929  0.01491364  0.01130362]
 [ 0.0126956   0.00410584  0.01022121]
 [ 0.00914057 -0.00411986  0.00534955]
 [-0.00225182  0.01504941  0.00703264]
 [-0.00139316  0.01258478  0.0025214 ]
 [-0.00388865  0.01689472  0.00358443]
 [-0.00606927  0.00358255  0.00678517]
 [-0.00226997  0.00645868  0.01029672]
 [ 0.00087311  0.00777618  0.01012655]
 [-0.00064458  0.01784037  0.0038991 ]
 [ 0.00694283  0.00838391  0.01507532]
 [-0.00024587  0.01593838  0.00792706]
 [ 0.00336775  0.00231369  0.00940736]
 [ 0.00500024  0.01602286  0.00694272]
 [ 0.00142059  0.0141897   0.00415296]
 [ 0.01252904  0.01975706  0.0136743 ]
 [-0.00220075  0.01183712  0.00500852]
 [ 0.00396661  0.00317868  0.01085687]
 [-0.00272941  0.01236917  0.00589206]
 [ 0.00336751  0.01570537  0.0105105 ]
 [-0.00038092 -0.00023247  0.00679653]
 [ 0.01551786  0.00017207  0.01038291]
 [ 0.00884011  0.01148764  0.01588127]
 [ 0.01484976  0.00386304  0.01305477]
 [ 0.01079796  0.00605064  0.00980731]
 [ 0.01595246  0.00691144  0.01281853]
 [ 0.01374241  0.01511535  0.01723955]
 [ 0.01561383  0.01649322  0.02361564]
 [ 0.01613041  0.00967628  0.02033868]
 [ 0.02246056  0.02316403  0.01808219]
 [ 0.01177097  0.02000834  0.01500291]
 [ 0.01679123  0.02654446  0.01221851]
 [ 0.01745544  0.02447903  0.01868597]
 [ 0.01927678  0.02709919  0.01485187]
 [ 0.01775134  0.01955287  0.01651499]
 [ 0.01447687  0.0116755   0.01219641]
 [ 0.01483881 -0.00080779  0.01045136]] 
lwh_diff, org - ref: 
[[-0.04483652  0.10514808  0.08987737]
 [-0.12783813  0.07316232  0.04825568]
 [-0.0233202   0.11542273  0.07245302]
 [-0.08904219  0.0728271   0.0375874 ]
 [ 0.05124426  0.06160235  0.01620471]
 [ 0.12353039  0.10183549  0.01373398]
 [-0.19254971  0.04518127 -0.00909448]
 [-0.13951969  0.0528791   0.00425315]
 [ 0.27906895  0.15715766  0.09713221]
 [ 0.06431389  0.12444472  0.06122983]
 [ 0.13493109  0.12765145  0.07654893]
 [-0.08100843  0.06923342  0.05769312]
 [-0.11360693  0.06146407  0.09772718]
 [-0.06508875  0.06288266  0.02744377]
 [-0.0018754   0.06671333  0.07315254]
 [ 0.05426693  0.13898921  0.09661818]
 [ 0.11041403  0.11231613  0.04287076]
 [-0.04262018  0.11883068  0.13551986]
 [ 0.09079313  0.07876682  0.01095676]
 [ 0.01660204  0.0944829   0.09335196]
 [-0.20025206  0.06172132  0.01655447]
 [-0.20560312  0.05746412  0.03576243]
 [-0.24030066  0.02402687 -0.03157198]
 [-0.09835768  0.06109285  0.04415083]
 [-0.05643272  0.09653258  0.05106437]
 [-0.00620127  0.08422375  0.02563977]
 [-0.06197405  0.08992124  0.0241406 ]
 [ 0.01108694  0.0739305   0.03345227]
 [ 0.00098753  0.10325623  0.04306996]
 [-0.05528975  0.09446859  0.08594298]
 [-0.20571518  0.06093144  0.01581812]
 [-0.07487011  0.08087826  0.03476059]
 [-0.07878828  0.06998181  0.03766561]
 [-0.07846498  0.07195735  0.01186323]
 [-0.2537241   0.03677201  0.0287019 ]
 [-0.06751108  0.08479285  0.04919028]
 [-0.12093019  0.0630815   0.00261998]
 [ 0.01475906  0.05254245 -0.00980771]
 [-0.25515795  0.02368832 -0.00362325]] 
socre, org, ref: 
[[0.5562338  0.93044513]
 [0.5234786  0.93052155]
 [0.5440009  0.93785363]
 [0.49865472 0.9329423 ]
 [0.51841724 0.9283366 ]
 [0.52526593 0.9354199 ]
 [0.5422496  0.9272784 ]
 [0.5278814  0.924624  ]
 [0.4993821  0.93251145]
 [0.47080705 0.9307018 ]
 [0.43462798 0.93530345]
 [0.46905157 0.9305606 ]
 [0.47182277 0.93138766]
 [0.5263651  0.9303429 ]
 [0.45041052 0.93241096]
 [0.5585443  0.93545496]
 [0.54502887 0.9344427 ]
 [0.49835074 0.9337094 ]
 [0.48051018 0.92772406]
 [0.5324809  0.93073153]
 [0.5654378  0.92969316]
 [0.54144603 0.93427366]
 [0.525789   0.9262803 ]
 [0.55627596 0.9323669 ]
 [0.5857227  0.9347632 ]
 [0.6019782  0.938687  ]
 [0.5768103  0.9364323 ]
 [0.50034636 0.9359291 ]
 [0.17790864 0.94763935]
 [0.13869905 0.935229  ]
 [0.36558592 0.9350527 ]
 [0.41419277 0.93043464]
 [0.4418852  0.92731106]
 [0.3489824  0.93029654]
 [0.24074581 0.9209043 ]
 [0.33499864 0.92838144]
 [0.42313713 0.9248907 ]
 [0.41372636 0.9271553 ]
 [0.5082903  0.9191834 ]] 
obj_id: 8 =============
xyz_diff, org - ref: 
[[-0.00302926  0.01890401  0.01712391]
 [-0.00312573  0.01564166  0.01515611]
 [-0.00576804  0.02464463  0.01010783]
 [-0.00575378  0.02120668  0.01388954]
 [-0.00510534  0.02009636  0.01295678]
 [-0.00334761  0.02062041  0.0126372 ]
 [-0.00290071  0.01375438  0.0148785 ]
 [-0.00289891  0.00999557  0.00765214]
 [-0.00614081  0.02353743  0.01296296]
 [-0.00628642  0.02125721  0.01175091]
 [-0.00321121  0.01763929  0.01165231]
 [-0.00468469  0.01944659  0.01190802]
 [-0.00351418  0.01532856  0.01205759]
 [-0.00431641  0.02397533  0.0137988 ]
 [-0.00324916  0.02524866  0.01603485]
 [-0.00259353  0.02924693  0.0084726 ]
 [ 0.00038808  0.02900318  0.00843782]
 [-0.00123566  0.03167498  0.00811471]
 [ 0.00114885  0.03333975  0.01160187]
 [ 0.0042894   0.02825621  0.00302608]
 [ 0.00220565  0.02747143  0.00459422]
 [ 0.00547181  0.03452248  0.00565051]
 [ 0.00757255  0.02596435  0.00704296]
 [ 0.00276023  0.02754378  0.00773104]
 [ 0.00736548  0.02321879  0.01127178]
 [ 0.00090885  0.01957113  0.0116597 ]
 [-0.00252873  0.01380289  0.00824234]
 [-0.0037554   0.01558987  0.00848173]
 [-0.00122768  0.01320995  0.00991613]
 [ 0.00099926  0.01194373  0.00690568]
 [-0.00369033  0.01203826  0.00748485]
 [-0.00363401  0.0097749   0.00748387]
 [ 0.00079068  0.00981694  0.00772471]
 [-0.00517007  0.01027011  0.00466424]
 [-0.00194983  0.00898639  0.00592716]
 [-0.00151179  0.00350089  0.00800635]
 [-0.00297376  0.00058274  0.01088084]
 [-0.00217741  0.00272148  0.00824694]] 
lwh_diff, org - ref: 
[[-1.49058342e-01 -2.43861675e-02  5.56833744e-02]
 [-1.53292656e-01 -2.26004124e-02  4.43917513e-02]
 [-7.94787407e-02  1.66730881e-02  4.64006662e-02]
 [-1.48665428e-01 -1.34968758e-02  7.41833448e-02]
 [-4.55126762e-02  4.09402847e-02  5.84824085e-02]
 [ 1.21479511e-01  5.11474609e-02  1.44014120e-01]
 [ 1.02199554e-01  6.32901192e-02  1.51320577e-01]
 [-1.55923843e-01  1.17783546e-02  1.70612812e-01]
 [-1.03201866e-02  2.89528370e-02  1.16731644e-01]
 [-8.82067680e-02 -4.67967987e-03  1.19485140e-01]
 [-7.23266602e-02 -5.84840775e-04  1.14281058e-01]
 [-6.81715012e-02 -1.38521194e-03  1.33796215e-01]
 [ 1.01030827e-01  3.58014107e-02  9.04533863e-02]
 [-6.38151169e-03  1.44314766e-03  1.40792131e-01]
 [-1.11879349e-01 -5.56468964e-03  1.06567383e-01]
 [ 1.06198311e-01  2.94234753e-02  1.92245007e-01]
 [-2.02291489e-01 -1.95298195e-02  7.90855885e-02]
 [-7.52463341e-02  6.84261322e-03  4.98330593e-02]
 [-5.42411804e-02  7.60555267e-03  1.13457799e-01]
 [-1.49800777e-01  1.98183060e-02  3.20777893e-02]
 [-3.22046280e-02  1.81074142e-02  7.52757788e-02]
 [-1.95188522e-02  1.73451900e-02  1.27713680e-01]
 [-4.06751633e-02  4.18829918e-03  3.32807302e-02]
 [-1.35014057e-01 -2.75511742e-02 -2.84719467e-03]
 [-2.18683720e-01 -2.07917690e-02 -1.67346001e-02]
 [ 6.87360764e-03  2.80587673e-02  7.22522736e-02]
 [-8.06365013e-02  4.29725647e-03 -1.40666962e-04]
 [-3.21388245e-03  1.17206573e-03  6.74724579e-05]
 [-2.43343830e-01 -1.03294849e-02  4.85414267e-02]
 [-9.62595940e-02  1.95012093e-02  2.54197121e-02]
 [-2.22176075e-01  7.19523430e-03 -1.15749836e-02]
 [-1.10423088e-01 -3.49283218e-03 -1.97501183e-02]
 [-2.52394676e-02  1.50487423e-02  3.83222103e-02]
 [-8.05239677e-02  8.13221931e-03  9.85610485e-03]
 [-1.72156811e-01  1.14271641e-02 -1.65559053e-02]
 [-1.53644085e-01  1.73885822e-02  1.00327730e-02]
 [-5.95459938e-02  3.46653461e-02  5.61767817e-02]
 [-3.24654579e-01 -2.88486481e-02 -4.93502617e-02]] 
socre, org, ref: 
[[0.3298268  0.88290364]
 [0.3230243  0.8825686 ]
 [0.39794484 0.86066204]
 [0.30453297 0.8756612 ]
 [0.30333668 0.87438256]
 [0.2551457  0.868699  ]
 [0.23731232 0.8727918 ]
 [0.15153232 0.84023964]
 [0.30388042 0.8790654 ]
 [0.25241175 0.8717747 ]
 [0.26287505 0.8609423 ]
 [0.28422594 0.8494459 ]
 [0.29643562 0.8677575 ]
 [0.24541368 0.8621209 ]
 [0.24483135 0.8520531 ]
 [0.3389188  0.8660476 ]
 [0.38171417 0.8763642 ]
 [0.35934865 0.87555337]
 [0.4139445  0.87843573]
 [0.44448644 0.873389  ]
 [0.41449344 0.88183933]
 [0.46185791 0.8755014 ]
 [0.4110762  0.8720839 ]
 [0.41781262 0.86819965]
 [0.39619097 0.86781204]
 [0.50941664 0.8826182 ]
 [0.50557    0.8756025 ]
 [0.47014868 0.8794412 ]
 [0.47520074 0.88425535]
 [0.5214106  0.8789533 ]
 [0.50344974 0.8809289 ]
 [0.5583933  0.8840912 ]
 [0.52466595 0.88532424]
 [0.52338773 0.8936216 ]
 [0.50031084 0.8891468 ]
 [0.39727142 0.9022812 ]
 [0.30072853 0.88314766]
 [0.40475285 0.8894311 ]] 
obj_id: 0 =============
xyz_diff, org - ref: 
[[ 0.0152702  -0.01279977  0.0112903 ]
 [ 0.01443581 -0.00895744  0.00861415]
 [ 0.01780401 -0.00617681  0.00848109]
 [ 0.01582616 -0.01720546  0.0100402 ]
 [ 0.01794983 -0.0183558   0.00845209]
 [ 0.01586212 -0.01806133  0.00885255]
 [ 0.01148815 -0.01643811  0.01182435]
 [ 0.01331615 -0.00763074  0.01745723]
 [ 0.01251733 -0.00764811  0.01346988]
 [ 0.00920234 -0.01738798  0.00627777]
 [ 0.00798828 -0.00717477  0.00581434]
 [ 0.0161066  -0.0143416   0.00592805]
 [ 0.0106292  -0.01170034  0.00720717]
 [ 0.01246396 -0.01024611  0.00408822]
 [ 0.0071989  -0.00992592 -0.00027972]
 [ 0.00905861 -0.00810103  0.00144369]
 [ 0.01001702 -0.00199435 -0.00103858]
 [ 0.00784133 -0.00637123 -0.002021  ]
 [ 0.00444413 -0.00256216 -0.00184843]
 [ 0.00696404 -0.00323447 -0.00356568]
 [ 0.0090024  -0.00323244 -0.00362397]
 [ 0.00872683 -0.00637461 -0.00326428]
 [ 0.00681119 -0.00595313 -0.00329065]
 [ 0.00706356 -0.00367011 -0.00446367]
 [ 0.00535576 -0.00223102 -0.00352331]
 [ 0.01040339 -0.01518817 -0.00207251]
 [ 0.01397568 -0.02419823 -0.00084662]
 [ 0.01465634 -0.01842673  0.00152225]
 [ 0.0178564  -0.03145989  0.00655545]
 [ 0.01503501 -0.03618164  0.00636099]
 [ 0.01536606 -0.0170016   0.00767587]
 [ 0.01424338 -0.02093089  0.00497452]
 [ 0.01904283 -0.02367477  0.00553456]
 [ 0.01710464 -0.03686722  0.00338541]
 [ 0.01552147 -0.02936521  0.00312207]
 [ 0.01558891 -0.03786855  0.00059178]
 [ 0.02021059 -0.04275609  0.00281712]
 [ 0.01880181 -0.0498105   0.00169108]
 [ 0.02298662 -0.05204945 -0.00083634]
 [ 0.03134085 -0.05656981 -0.0041968 ]] 
lwh_diff, org - ref: 
[[-2.59088993e-01 -3.22136879e-02  1.71650648e-02]
 [-3.27244282e-01 -5.39762974e-02 -2.30586529e-03]
 [-3.86339664e-01 -6.29649162e-02  6.75201416e-04]
 [-2.77915478e-01 -3.41424942e-02  3.58785391e-02]
 [-4.15640354e-01 -7.01916218e-02  1.92035437e-02]
 [-2.32728958e-01 -2.45437622e-02  3.61616611e-02]
 [-2.38044739e-01 -2.71914005e-02  2.52497196e-03]
 [-4.27147388e-01 -8.25960636e-02 -3.77607346e-03]
 [-4.20147896e-01 -9.40735340e-02 -4.24981117e-04]
 [-3.96722317e-01 -8.48498344e-02 -3.29439640e-02]
 [-3.75045300e-01 -8.89084339e-02 -1.36691332e-02]
 [-3.69544983e-01 -7.44333267e-02 -2.38093138e-02]
 [-3.88547897e-01 -8.26032162e-02 -2.37823725e-02]
 [-3.21295261e-01 -3.49225998e-02 -7.82513618e-03]
 [-1.89582348e-01 -2.73690224e-02 -2.48852968e-02]
 [-2.11369991e-01 -1.89547539e-02 -2.31264830e-02]
 [-2.21179962e-01 -3.80496979e-02 -7.16853142e-03]
 [-1.19449139e-01  4.99963760e-03  1.50675774e-02]
 [-2.29920387e-01 -5.27837276e-02 -3.39803696e-02]
 [-2.22602367e-01 -6.43084049e-02 -5.40499687e-02]
 [-2.12582111e-01 -3.16796303e-02 -3.78935337e-02]
 [-1.82827473e-01 -2.27730274e-02 -4.92897034e-02]
 [-1.67674065e-01 -1.00066662e-02 -3.03298235e-02]
 [-2.14249134e-01 -5.27701378e-02 -2.84399986e-02]
 [-2.67666340e-01 -7.89444447e-02 -5.86206913e-02]
 [-2.29216576e-01 -3.45599651e-02 -4.74697351e-02]
 [-1.85801983e-01 -1.01964474e-02 -2.55107880e-04]
 [-2.74590492e-01 -2.64921188e-02 -7.87413120e-03]
 [-3.58642101e-01 -7.06515312e-02 -1.31417513e-02]
 [-2.37230778e-01 -3.26664448e-02 -2.65305042e-02]
 [-3.33936214e-01 -6.04295731e-02  8.98361206e-04]
 [-2.59513855e-01 -1.55870914e-02  1.31324530e-02]
 [-2.30137348e-01 -9.27734375e-03  3.13496590e-02]
 [-1.95740223e-01  6.00838661e-03 -7.11774826e-03]
 [-1.30989075e-01  3.09476852e-02  8.19623470e-03]
 [-1.79675102e-01 -4.80170250e-02 -3.20072174e-02]
 [-2.67912388e-01 -6.34074211e-03 -2.35619545e-02]
 [-1.97457790e-01 -3.99637222e-03 -3.58186960e-02]
 [-1.85614109e-01 -7.18116760e-04 -1.22123957e-02]
 [-2.01901436e-01  8.42285156e-03  8.17537308e-04]] 
socre, org, ref: 
[[0.5925513  0.9089088 ]
 [0.5569914  0.8885727 ]
 [0.5520177  0.90639037]
 [0.5815328  0.90633833]
 [0.5510151  0.89127845]
 [0.5143757  0.9268821 ]
 [0.5690273  0.9013082 ]
 [0.569821   0.91107357]
 [0.56961447 0.8863328 ]
 [0.5373633  0.8951407 ]
 [0.52379215 0.8645927 ]
 [0.57066905 0.89725125]
 [0.5431022  0.89063287]
 [0.6003302  0.89379245]
 [0.573071   0.88083625]
 [0.5876227  0.8900377 ]
 [0.5882938  0.8939916 ]
 [0.5529672  0.86486006]
 [0.5783559  0.8853184 ]
 [0.56624454 0.88437635]
 [0.5414091  0.8701809 ]
 [0.53003645 0.8366092 ]
 [0.56358033 0.8593334 ]
 [0.5669279  0.8635132 ]
 [0.56196135 0.88471824]
 [0.5908941  0.8494352 ]
 [0.54918176 0.82644546]
 [0.5749867  0.87547016]
 [0.5586793  0.81500345]
 [0.6015157  0.8314067 ]
 [0.5484133  0.9013001 ]
 [0.5597341  0.9128046 ]
 [0.59310323 0.9131425 ]
 [0.62354904 0.92169476]
 [0.6377888  0.9198861 ]
 [0.5829263  0.8515241 ]
 [0.6286242  0.8318444 ]
 [0.62609977 0.912363  ]
 [0.6674504  0.9040868 ]
 [0.6654584  0.9302103 ]] 
obj_id: 6 =============
xyz_diff, org - ref: 
[[ 8.22569046e-03  8.78116536e-03  4.65870904e-03]
 [ 8.54801693e-03  6.11517956e-03  4.78686344e-03]
 [ 9.20654097e-03  6.89021630e-03  5.28893524e-03]
 [ 9.60055748e-03  6.96198368e-03  4.22191525e-03]
 [ 1.07509947e-02  3.86381723e-03  5.31724786e-03]
 [ 8.80748442e-03  3.00308476e-03 -7.63183997e-04]
 [ 9.30517077e-03  8.07461183e-03  2.21028013e-03]
 [ 8.57833860e-03  4.95774412e-03  3.54814812e-03]
 [ 5.17713378e-03  1.16232736e-02  4.76612487e-03]
 [ 6.34795475e-03  1.13074920e-02  3.26440608e-03]
 [ 6.36696328e-03  4.32162962e-03  2.75835480e-03]
 [ 2.64205922e-03  9.79265124e-03  2.71021320e-03]
 [ 5.95700821e-03  9.72429467e-03  5.18244533e-03]
 [ 3.47646771e-03  1.06547084e-02  4.40991128e-03]
 [ 5.87882499e-03  1.48239448e-02  4.38621284e-03]
 [ 2.79330020e-03  8.14989851e-03  5.62755880e-03]
 [ 4.18044539e-03  3.22244467e-03  9.09096437e-03]
 [ 2.67070929e-03  4.87753465e-03  6.95816807e-03]
 [ 1.12801602e-03 -1.78926049e-03  6.46101131e-03]
 [-7.05146765e-04 -2.39871406e-03  7.20657406e-03]
 [ 1.80603208e-03 -8.22980829e-03  1.04587634e-02]
 [-8.15806118e-04 -2.34962753e-03  5.69285693e-03]
 [-4.52675277e-03 -1.52442360e-03  7.83358265e-03]
 [-3.52620344e-03 -3.05611011e-03  6.71609223e-03]
 [-6.92093264e-03  5.87110131e-03  1.06065809e-02]
 [-6.15351828e-03 -3.13721777e-05  8.76194573e-03]
 [-6.40595089e-03  3.25547979e-03  1.24819042e-02]
 [-3.34592602e-03 -4.52565571e-03  8.46761199e-03]
 [-6.93201769e-03  1.20507710e-02  1.09455210e-02]
 [-8.14384201e-04  5.28938195e-03  7.55116697e-03]
 [-4.72748702e-03  7.33214803e-03  8.67645164e-03]
 [-4.08377084e-03  4.44494002e-03  7.05458586e-03]
 [-5.89902104e-03  8.23913629e-05  3.39767767e-03]
 [ 3.30104362e-03 -9.58457002e-03 -1.80722431e-03]
 [ 1.22045270e-03 -1.96732650e-02 -7.36862008e-03]
 [-2.52501315e-03 -2.51356255e-02 -7.75196884e-03]
 [-7.45631722e-03 -1.95074028e-02 -8.99296316e-03]
 [-7.05394025e-03 -2.38240904e-02 -3.27537762e-04]
 [-9.66266982e-03 -2.30040146e-02 -4.33491476e-03]
 [-1.35332198e-02 -2.80995287e-02 -5.34787026e-03]] 
lwh_diff, org - ref: 
[[ 0.05806541  0.02941346 -0.03248715]
 [ 0.34955072  0.03024054  0.07854939]
 [ 0.36815405  0.07151294 -0.01185203]
 [ 0.23085642  0.03550959 -0.01967621]
 [ 0.39754534  0.06727052 -0.04271495]
 [ 0.25029182  0.03710508 -0.08569002]
 [ 0.31732607  0.05389047 -0.04512811]
 [ 0.26111126  0.0612781   0.07719946]
 [ 0.25302887  0.03617454  0.04571486]
 [ 0.06273651  0.05659676 -0.05606103]
 [ 0.15884304  0.03132033 -0.05615258]
 [ 0.04320478 -0.00552464  0.00514865]
 [ 0.19999552  0.02735639  0.04975486]
 [ 0.27941275  0.01038599 -0.01552629]
 [ 0.30155754  0.03395772 -0.00792599]
 [ 0.2576623   0.02568173 -0.0303998 ]
 [ 0.32603502  0.06130791 -0.01883292]
 [ 0.26850843  0.04816794  0.01434755]
 [ 0.07592726 -0.00549483 -0.05070472]
 [ 0.09799051  0.03185749  0.04738569]
 [-0.01675034  0.00621462  0.04813051]
 [ 0.18946934  0.00997066  0.01477718]
 [ 0.12469769  0.00194931  0.00950718]
 [ 0.17911291  0.03925776  0.00489402]
 [-0.07361507 -0.02648211  0.02567863]
 [ 0.11107111 -0.00801134 -0.01854992]
 [ 0.09356928 -0.00916815  0.00817418]
 [ 0.01230145 -0.04397535  0.05180883]
 [ 0.06871605 -0.02432394  0.06003475]
 [ 0.03423214  0.01417375  0.00515556]
 [ 0.1523819   0.03327417  0.01304317]
 [ 0.05156755  0.00157285 -0.02646351]
 [ 0.11736155  0.03555751 -0.03848743]
 [ 0.05069876  0.01434469  0.05023909]
 [ 0.04670143 -0.00961876 -0.07985234]
 [ 0.01871347  0.01435256 -0.04938269]
 [ 0.0494175   0.01293802 -0.04989004]
 [ 0.09175491 -0.0328486  -0.0479306 ]
 [ 0.16806936  0.10161781  0.07580352]
 [ 0.13616562  0.02877355  0.06435037]] 
socre, org, ref: 
[[0.47007295 0.94431674]
 [0.33562988 0.93534076]
 [0.39632317 0.94134295]
 [0.45748553 0.9393737 ]
 [0.47232893 0.9375021 ]
 [0.5211248  0.9464614 ]
 [0.4812344  0.93793464]
 [0.46028182 0.9376609 ]
 [0.43039164 0.94442105]
 [0.4922454  0.9445632 ]
 [0.52895916 0.9431685 ]
 [0.48591444 0.94555485]
 [0.41403    0.9437714 ]
 [0.4501847  0.9369825 ]
 [0.55159634 0.9424078 ]
 [0.54802257 0.94031644]
 [0.5668252  0.9421644 ]
 [0.5511398  0.9415605 ]
 [0.54267794 0.9485015 ]
 [0.46059605 0.9472354 ]
 [0.5300644  0.94671226]
 [0.52316177 0.9393104 ]
 [0.5136828  0.94576126]
 [0.51427865 0.9427526 ]
 [0.5281556  0.94667375]
 [0.560264   0.945618  ]
 [0.5344233  0.9488881 ]
 [0.4852906  0.9468755 ]
 [0.4835527  0.94608325]
 [0.38894194 0.948286  ]
 [0.4521673  0.94697714]
 [0.50116026 0.9501624 ]
 [0.51834023 0.9515423 ]
 [0.46870437 0.94912744]
 [0.5145262  0.94170636]
 [0.4199252  0.93430597]
 [0.39551163 0.93465513]
 [0.5500249  0.9375154 ]
 [0.4078359  0.93607414]
 [0.3021239  0.9332986 ]] 
obj_id: 1 =============
xyz_diff, org - ref: 
[[ 0.01264958  0.01668777 -0.00391409]
 [ 0.00301728  0.01883865  0.00180899]
 [-0.00215988  0.02063376  0.0135034 ]
 [ 0.0029796   0.01651685  0.00014947]
 [ 0.00668016  0.01043882 -0.01070547]
 [ 0.00834344 -0.00913202  0.00617138]
 [ 0.00988601 -0.0045873   0.01512738]
 [ 0.0052711   0.00446993  0.013475  ]
 [-0.00206359 -0.00093629  0.01106172]
 [ 0.00658744 -0.01851392  0.01624388]
 [ 0.00160675 -0.02230633  0.01689265]
 [ 0.00395962 -0.00893944  0.01245689]
 [ 0.00015558 -0.01955936  0.01232383]
 [ 0.00697647 -0.00016652  0.00925367]
 [ 0.00256136  0.02838957  0.00215619]
 [ 0.00458271  0.02424502  0.01292417]
 [ 0.01106966 -0.00957643  0.01171222]
 [ 0.00809726  0.0149168   0.01437213]
 [ 0.0169529   0.00954408  0.01049296]
 [ 0.01861739  0.02117151  0.01346547]
 [ 0.01290345  0.03593481  0.03757984]
 [ 0.01686448  0.02708907  0.02518278]
 [ 0.01752018  0.021391    0.01908892]
 [-0.00060313  0.01208359  0.01408703]
 [ 0.01270408 -0.01214539  0.02156081]
 [ 0.01170956 -0.03218719  0.02813059]
 [ 0.00870854 -0.00137146  0.02186971]
 [ 0.01491036 -0.0017122   0.02205162]
 [ 0.00737432 -0.00971579  0.02919755]
 [ 0.00769948 -0.020722    0.02265786]
 [ 0.00717101 -0.01685014  0.02387207]
 [ 0.01307594 -0.01411475  0.02108774]
 [ 0.0069424  -0.01527578  0.01961302]
 [ 0.00743524 -0.00973072  0.01998825]
 [-0.00393609 -0.01196257  0.02389037]
 [-0.00107296 -0.01497479  0.02889407]
 [-0.0020663  -0.02060719  0.02795815]
 [ 0.0068851  -0.02250354  0.02560598]
 [ 0.00395245 -0.01878155  0.01941832]
 [-0.00344299 -0.02616914  0.02664551]] 
lwh_diff, org - ref: 
[[-0.34169912 -0.03864884  0.08243215]
 [-0.26849413 -0.01403666  0.11126411]
 [-0.30008745 -0.03820896  0.10071993]
 [-0.17289591 -0.0041368   0.17070806]
 [-0.12138844  0.01426172  0.15730274]
 [-0.16632795  0.00710487  0.11487055]
 [-0.26741552 -0.03088307  0.09388971]
 [-0.23705482 -0.01046753  0.12918091]
 [-0.25530005 -0.01067138  0.06456912]
 [-0.18893623 -0.01190209  0.0970192 ]
 [-0.13745689  0.00774789  0.12387323]
 [-0.12644243  0.01767921  0.13222337]
 [-0.31755209 -0.02311516  0.10597551]
 [-0.21929073 -0.01484871  0.14871025]
 [-0.28679371 -0.0289588   0.18740857]
 [-0.20577049 -0.04008436  0.13585675]
 [-0.35511398 -0.04425406  0.1120317 ]
 [-0.24996996 -0.03492641  0.1418916 ]
 [-0.15544462 -0.00956059  0.11031187]
 [-0.19881821 -0.0005796   0.18274403]
 [-0.18605852 -0.00479221  0.1523031 ]
 [-0.29104185 -0.04533315  0.15679669]
 [-0.25468159 -0.0180583   0.12230384]
 [-0.06352711  0.00558877  0.13041377]
 [-0.22761059 -0.03811479  0.13490582]
 [-0.42267036 -0.05568767  0.13445938]
 [-0.2021327  -0.0403595   0.12464547]
 [-0.24578905 -0.03770661  0.13834941]
 [-0.25465631 -0.03119421  0.13476455]
 [-0.24483538 -0.05899048  0.09072065]
 [-0.18988419 -0.03672314  0.09301138]
 [-0.03206635  0.00314379  0.18626785]
 [-0.10216856 -0.01121664  0.19404018]
 [-0.08986044 -0.00834775  0.17803478]
 [-0.28309917 -0.0474143   0.12506104]
 [-0.25408459 -0.02990794  0.1213851 ]
 [-0.29924297 -0.04457521  0.1195122 ]
 [-0.31700945 -0.0537231   0.08209598]
 [-0.28094959 -0.04107428  0.0339967 ]
 [-0.2682662  -0.06039047  0.11938906]] 
socre, org, ref: 
[[5.9216982e-01 3.6980885e-03]
 [5.5170214e-01 4.1138376e-03]
 [5.6559229e-01 2.5112205e-03]
 [5.8182722e-01 3.2186708e-03]
 [5.9248596e-01 8.5027056e-04]
 [5.8650142e-01 3.4173890e-03]
 [5.8918190e-01 9.7156473e-04]
 [5.9589320e-01 1.8906576e-03]
 [5.2235365e-01 3.6912151e-03]
 [5.6033885e-01 2.9975022e-03]
 [5.7386398e-01 1.3302785e-03]
 [5.4024822e-01 2.4929754e-03]
 [5.6095564e-01 3.7256482e-03]
 [6.0963804e-01 1.4722559e-03]
 [5.9716672e-01 8.3847326e-04]
 [5.9342051e-01 1.5710371e-03]
 [6.2407184e-01 1.8602418e-03]
 [5.9981084e-01 1.5004770e-03]
 [6.2218440e-01 1.7694783e-03]
 [5.9234762e-01 6.5639697e-04]
 [6.0978508e-01 8.1923226e-04]
 [5.9151554e-01 1.4027241e-03]
 [5.6816423e-01 1.2887175e-03]
 [4.8413131e-01 3.8261614e-03]
 [5.9696913e-01 1.6108302e-03]
 [5.9471560e-01 5.8238511e-04]
 [6.2826240e-01 1.0572280e-03]
 [6.1706859e-01 3.1671491e-03]
 [6.0728371e-01 1.4500815e-03]
 [5.8779949e-01 8.1184402e-04]
 [6.3429099e-01 3.5162887e-03]
 [6.0560811e-01 2.3376353e-03]
 [6.1809218e-01 1.2147177e-03]
 [5.7413167e-01 3.3391251e-03]
 [5.1260167e-01 5.2008880e-03]
 [4.9384040e-01 4.1991067e-03]
 [5.7334185e-01 6.8146624e-03]
 [5.4232609e-01 6.2510781e-03]
 [5.6680536e-01 3.6156105e-03]
 [4.8874936e-01 4.4179903e-03]] 
obj_id: 3 =============
xyz_diff, org - ref: 
[[-0.00313982 -0.02193832  0.00067679]
 [-0.00669526 -0.01446993  0.00301875]
 [-0.0025036  -0.0162343   0.00275132]
 [-0.01078146 -0.01188579  0.0031192 ]
 [-0.01137437 -0.00690383  0.00099893]
 [-0.008303    0.0023842  -0.00270258]
 [-0.00764417 -0.01137694  0.00550972]
 [-0.00209008 -0.006648    0.00125976]
 [-0.0114319  -0.01116018  0.00098385]
 [-0.00606079 -0.00315711  0.0062443 ]
 [-0.00935536  0.01084772  0.01533739]
 [-0.00686924  0.01025093  0.01488722]
 [-0.00433957  0.0118133   0.01555242]
 [-0.00632065  0.01032929  0.01249581]
 [-0.00685768  0.00710473  0.01116708]
 [-0.01048458  0.00376294  0.01089948]
 [-0.0071919   0.00138597  0.00709765]
 [-0.00572261  0.00872466  0.01169012]
 [-0.00766158  0.00076514  0.00950693]
 [-0.00971856  0.0046084   0.0089818 ]
 [-0.0101944   0.0063296   0.01292871]
 [-0.00672508  0.01208943  0.00624975]
 [-0.00824298 -0.00363964  0.01054797]
 [-0.01659614  0.00682203  0.01249786]
 [-0.01479584 -0.01358767  0.01166845]
 [-0.01345718 -0.01775606  0.0079325 ]
 [-0.02157061 -0.00754363  0.00890064]
 [-0.01325225  0.01434754  0.0074497 ]
 [-0.02297843  0.0088404   0.00956713]
 [-0.01467963  0.00824581  0.01405387]
 [-0.0150006  -0.00382812  0.00767287]
 [-0.00799507  0.00305544  0.01047039]
 [-0.01926087 -0.01353574  0.01184459]
 [-0.00636887 -0.00608759  0.00296053]
 [-0.00890453 -0.01585768  0.00293545]
 [-0.01985129 -0.03301038  0.01093622]
 [-0.02005039 -0.03215326  0.00336328]
 [-0.01160683 -0.03460755  0.00541486]
 [-0.02201239 -0.02091834  0.01339948]
 [-0.00214011 -0.02724516  0.00095424]] 
lwh_diff, org - ref: 
[[ 0.20207119  0.05652952  0.01770723]
 [-0.13572884  0.0226655   0.00928235]
 [ 0.03875875  0.08215284  0.01863837]
 [ 0.16308737  0.06290269  0.06334662]
 [ 0.19765043  0.10351062  0.0978235 ]
 [ 0.06846476  0.06871247  0.01326334]
 [ 0.01133347  0.02617359 -0.04000449]
 [ 0.14797401  0.06300616 -0.00635767]
 [-0.13205528 -0.02005792 -0.04825366]
 [ 0.07039452  0.0733695   0.00726724]
 [-0.11412191  0.05186105  0.02652943]
 [ 0.09851408  0.0309124   0.0541296 ]
 [ 0.07643986  0.07670212  0.00137925]
 [-0.05240488  0.04621577  0.03046763]
 [ 0.26279545  0.03967643  0.05812609]
 [-0.21195841  0.01042628  0.03059709]
 [ 0.13783026  0.00904918  0.04849696]
 [-0.08933496  0.01878285 -0.00056589]
 [-0.14544201  0.00958467 -0.03459501]
 [-0.06134367 -0.01131845 -0.0350554 ]
 [ 0.03629637  0.02087045 -0.002231  ]
 [ 0.24633694  0.03437066  0.06889522]
 [-0.1070013  -0.00285292 -0.02597165]
 [ 0.0842185   0.00615239  0.01619971]
 [-0.02091455 -0.02019548  0.00138307]
 [ 0.06494331 -0.009341    0.00623083]
 [ 0.14669895  0.02808833 -0.01521063]
 [ 0.03609276  0.00990963 -0.02048552]
 [ 0.07681036  0.0134697  -0.04083526]
 [-0.13123131  0.02192545 -0.02551198]
 [ 0.06363773  0.03218293 -0.01987827]
 [ 0.15497351 -0.00926876  0.02727008]
 [-0.12445879  0.02754164 -0.00432158]
 [ 0.05141163  0.0092988  -0.00367761]
 [-0.03596401  0.00587797 -0.05883265]
 [ 0.1244607   0.01775336  0.00749743]
 [ 0.09684563  0.00274539 -0.00449526]
 [ 0.0091567   0.00348759  0.0093981 ]
 [ 0.0091567   0.00348759  0.0093981 ]
 [-0.0473094  -0.05715084 -0.19921756]] 
socre, org, ref: 
[[0.53114796 0.02047806]
 [0.5632311  0.00297389]
 [0.6308085  0.00738438]
 [0.60742724 0.00298904]
 [0.45676875 0.0173001 ]
 [0.6083409  0.00796475]
 [0.6047327  0.00563082]
 [0.60026467 0.00285471]
 [0.6245235  0.0042949 ]
 [0.59977776 0.01659978]
 [0.5866035  0.00484592]
 [0.5523445  0.00360013]
 [0.6080984  0.00388667]
 [0.57047915 0.00670342]
 [0.4942247  0.00189781]
 [0.46047315 0.00988021]
 [0.44202086 0.00357554]
 [0.51314634 0.00238371]
 [0.55260956 0.02182711]
 [0.5353316  0.01204298]
 [0.5415088  0.00227402]
 [0.5002585  0.00281737]
 [0.53171396 0.03544086]
 [0.56535417 0.00257269]
 [0.53952265 0.02925314]
 [0.52882355 0.04465684]
 [0.44706297 0.0077953 ]
 [0.49622613 0.00191847]
 [0.38839328 0.00938714]
 [0.4825337  0.00528294]
 [0.49802697 0.01133988]
 [0.5356121  0.0091533 ]
 [0.49871254 0.00922543]
 [0.5717873  0.03608713]
 [0.4679416  0.03573381]
 [0.4991322  0.03513588]
 [0.4117853  0.04058743]
 [0.45480415 0.02107375]
 [0.45480415 0.00124572]
 [0.25049096 0.08195507]] 
obj_id: 4 =============
xyz_diff, org - ref: 
[[ 1.77081385e-02  2.05474903e-02  6.38118618e-03]
 [ 1.60569947e-02  1.63227742e-02 -2.81540050e-03]
 [ 1.83325289e-02  1.36462462e-02 -4.33504656e-03]
 [ 1.39095969e-02  2.74298649e-03 -1.86451886e-03]
 [ 2.01497882e-02  1.10845209e-02  2.65950711e-03]
 [ 1.43436250e-02  1.50738940e-03  1.02698976e-02]
 [ 1.05073323e-02  1.11097302e-02  1.17117409e-02]
 [ 1.44750348e-02  9.56851673e-03  1.18907415e-02]
 [ 1.56272339e-02  1.64036454e-03  6.50103823e-03]
 [ 8.71775545e-03 -7.02749424e-03  1.31715181e-02]
 [ 7.97080427e-03 -9.87677842e-04  1.07152473e-02]
 [ 1.05532380e-02 -9.80399209e-04  1.02134625e-02]
 [ 1.26990739e-02 -8.82622111e-05  5.28769406e-03]
 [ 1.19402720e-02 -5.93506878e-03  1.03511465e-02]
 [ 8.31474830e-03 -1.00043592e-03  1.31195906e-02]
 [ 1.28718093e-02 -7.55990731e-03  6.60715284e-03]
 [ 1.26735422e-02  6.64438026e-04  6.25068072e-03]
 [ 1.05789125e-02  2.60962791e-03  3.20838154e-03]
 [ 1.19948509e-02 -3.60181676e-03  7.52899607e-03]
 [ 1.01141776e-02 -4.66163908e-03  5.74648892e-03]
 [ 1.05065585e-02 -6.24653600e-03  4.75010073e-03]
 [ 1.59640513e-02  3.30696404e-03  1.37817612e-03]
 [ 1.65567314e-02  1.68332543e-03 -1.50502604e-03]
 [ 8.93244875e-03  2.69359191e-03 -4.90403260e-04]
 [ 8.32146114e-03  1.07930354e-03  4.01510937e-03]
 [ 8.15016580e-03  4.28578766e-04  6.08041971e-03]
 [ 4.34633637e-03  9.82536733e-03  6.47838813e-03]
 [ 5.79139960e-03  4.25681916e-03  6.13520104e-03]
 [ 6.42695235e-04  8.81888979e-03  3.16325969e-03]
 [ 1.28691141e-02 -3.26874959e-03  3.60056248e-03]
 [ 4.43012451e-03 -7.32244961e-04  4.18984101e-03]
 [-1.48599869e-04 -1.62387932e-03  9.59549446e-03]
 [ 5.28440289e-03 -3.27656207e-04  7.37540194e-03]
 [ 3.94252387e-03 -5.71170905e-03  9.44171519e-03]
 [-4.68092196e-03 -9.34565036e-03  5.60156181e-03]
 [-4.45403531e-04 -6.06843772e-03  4.12069580e-03]
 [ 3.24871870e-03 -1.25279383e-02  8.72965605e-03]
 [-2.27091855e-03 -1.04551416e-02  4.56859923e-03]
 [-4.21859472e-03 -8.63113321e-03 -1.60738236e-04]
 [-9.97603003e-03 -1.09073552e-02  2.90913189e-03]] 
lwh_diff, org - ref: 
[[-0.43327713 -0.02722812  0.03821564]
 [-0.50998068 -0.04942775  0.07375479]
 [-0.36467123 -0.01239967  0.06993258]
 [-0.26246834  0.02386022  0.03921902]
 [-0.13611412  0.0487268   0.04990971]
 [-0.22193003  0.03745103  0.03193092]
 [-0.1211853   0.06981349  0.04197264]
 [-0.25000048  0.02494693  0.04464877]
 [-0.17110825  0.06674075  0.04470778]
 [-0.24574423  0.02283382  0.03320265]
 [-0.28236818  0.03683043  0.02232873]
 [-0.34246874 -0.00886941 -0.00207567]
 [-0.21206188  0.05171347  0.01150191]
 [-0.16427088  0.04999542  0.09146774]
 [-0.15381861  0.04198384  0.06919289]
 [-0.25239706  0.03633356  0.00583518]
 [-0.25103378  0.01636386  0.03088188]
 [-0.13157082  0.06347942  0.03507304]
 [-0.32114458  0.02307534  0.03170013]
 [-0.26016474  0.02482891  0.01150215]
 [-0.22959089  0.01588249  0.02350128]
 [-0.21356344  0.03201485  0.10093737]
 [-0.30799723  0.01837277  0.05017304]
 [-0.34038687 -0.00429988  0.02778447]
 [-0.39040995 -0.01764393  0.02905917]
 [-0.27448702  0.02494192  0.02105284]
 [-0.26510715  0.00799632  0.01575649]
 [-0.29201508 -0.00437427  0.00445187]
 [-0.41069221 -0.02263045  0.00957274]
 [-0.20662069  0.05570149  0.05053413]
 [-0.37167263 -0.00400639  0.05059397]
 [-0.37700319 -0.01894593  0.05138803]
 [-0.30306196  0.01300907  0.03927493]
 [-0.27559185  0.03040481  0.01016426]
 [-0.40110731 -0.03035569  0.07612824]
 [-0.32163382 -0.0042901   0.01575184]
 [-0.31359053  0.02408051  0.00943387]
 [-0.19484138  0.06810427  0.05285025]
 [-0.23648119  0.06053734  0.03620338]
 [-0.40319061  0.01008487  0.06162703]] 
socre, org, ref: 
[[5.2993751e-01 2.3081555e-05]
 [4.6384713e-01 2.1211559e-05]
 [5.5373764e-01 1.7253784e-05]
 [5.9354895e-01 1.5800151e-05]
 [6.2437797e-01 1.0721280e-05]
 [6.2516528e-01 2.6496966e-05]
 [6.4135456e-01 2.8370745e-05]
 [6.1609560e-01 1.5926646e-05]
 [6.2628478e-01 2.0729169e-05]
 [6.1284083e-01 4.4436390e-05]
 [6.1406302e-01 1.2263687e-05]
 [6.1855501e-01 4.7360838e-05]
 [6.4885557e-01 3.1192907e-05]
 [6.2735444e-01 2.7475222e-05]
 [6.5503526e-01 3.5897596e-05]
 [6.4773077e-01 2.4714634e-05]
 [6.3678658e-01 2.0199490e-05]
 [6.5474796e-01 1.1361288e-05]
 [6.2431121e-01 2.3312883e-05]
 [6.4529955e-01 1.3079244e-05]
 [6.2044376e-01 2.0601325e-05]
 [6.3725239e-01 2.9669125e-05]
 [6.3816708e-01 2.6731439e-05]
 [5.9876370e-01 1.0795378e-05]
 [6.0433978e-01 7.3100696e-06]
 [6.3460755e-01 1.6681484e-05]
 [6.3496804e-01 1.7209893e-05]
 [6.0563850e-01 1.4895288e-05]
 [6.1243874e-01 4.3678733e-06]
 [5.7490164e-01 9.0983494e-06]
 [5.3584737e-01 1.1644392e-05]
 [5.9394503e-01 1.1526076e-05]
 [6.1762083e-01 1.8270823e-05]
 [6.2577218e-01 2.7391328e-05]
 [5.0928557e-01 1.1862244e-05]
 [6.0062051e-01 1.8445076e-05]
 [6.2043673e-01 4.6877416e-05]
 [5.9958696e-01 1.1746871e-05]
 [5.6154674e-01 3.3551027e-05]
 [4.7435641e-01 9.2204618e-06]] 
obj_id: 161 =============
xyz_diff, org - ref: 
[[ 1.81586688e+00  1.72754105e+01  3.29544191e-01]
 [ 6.10126754e-01  1.05732142e+01  1.45457194e-01]
 [ 1.74222011e+00  1.15257447e+01  1.96000866e-01]
 [ 5.07143747e-03 -6.54080864e-03 -2.94900667e-02]
 [-3.62381961e-02  6.42562496e-01 -1.97804957e-02]
 [ 8.67837899e-01  5.44074642e+00  8.85018031e-02]
 [ 8.67837899e-01  5.44074642e+00  8.85018031e-02]
 [ 8.67837899e-01  5.44074642e+00  8.85018031e-02]
 [ 5.88876164e-01  8.05117927e+00  1.71693661e-01]
 [ 5.84477302e-01  1.25550120e+00 -2.08550416e-02]
 [ 3.09474813e+00  2.74280824e+01  6.33915757e-01]
 [ 3.76025170e+00  4.01709683e+01  8.97828844e-01]
 [ 3.80834608e+00  4.05530341e+01  8.99290618e-01]
 [ 3.80834608e+00  4.05530341e+01  8.99290618e-01]
 [ 3.80834608e+00  4.05530341e+01  8.99290618e-01]
 [ 3.68042532e+00  3.95707420e+01  8.89329813e-01]] 
lwh_diff, org - ref: 
[[ 0.14016342 -0.06216049 -0.00325131]
 [ 0.14016342 -0.06216049 -0.00325131]
 [ 0.14016342 -0.06216049 -0.00325131]
 [ 0.19967222 -0.03382778 -0.00647187]
 [ 0.19967222 -0.03382778 -0.00647187]
 [ 0.19967222 -0.03382778 -0.00647187]
 [ 0.19967222 -0.03382778 -0.00647187]
 [ 0.19967222 -0.03382778 -0.00647187]
 [ 0.19967222 -0.03382778 -0.00647187]
 [ 0.19967222 -0.03382778 -0.00647187]
 [ 0.10105085 -0.08959723  0.01153457]
 [ 0.10105085 -0.08959723  0.01153457]
 [ 0.10105085 -0.08959723  0.01153457]
 [ 0.10105085 -0.08959723  0.01153457]
 [ 0.10105085 -0.08959723  0.01153457]
 [ 0.10105085 -0.08959723  0.01153457]] 
socre, org, ref: 
[[5.94606586e-02 1.04960905e-04]
 [1.17412888e-01 1.23927165e-02]
 [5.98236397e-02 1.86788570e-03]
 [1.10024236e-01 4.61513130e-03]
 [3.77475321e-02 3.12729971e-03]
 [3.77475321e-02 9.90212357e-05]
 [3.77475321e-02 9.90212357e-05]
 [3.77475321e-02 9.90212357e-05]
 [3.77475321e-02 8.30663776e-04]
 [3.72253135e-02 3.47121689e-03]
 [1.04251675e-01 1.50142256e-02]
 [5.99791259e-02 3.79108751e-05]
 [3.44196707e-02 3.84705418e-05]
 [3.44196707e-02 3.84705418e-05]
 [3.44196707e-02 3.84705418e-05]
 [7.00847656e-02 4.08008309e-05]] 
obj_id: 750 =============
xyz_diff, org - ref: 
[[ 2.13256928e+00  4.73849019e+00  1.78261718e-01]
 [ 2.16582845e+00  5.17947760e+00  2.00431850e-01]
 [ 3.17357824e-01 -3.48978364e-03  5.64555974e-02]
 [ 2.22720523e-01  6.19245330e-03  2.28105055e-02]
 [ 4.45984259e-01 -1.13560810e+00 -5.15624590e-02]
 [ 4.45984259e-01 -1.13560810e+00 -5.15624590e-02]
 [ 4.45984259e-01 -1.13560810e+00 -5.15624590e-02]
 [ 4.45984259e-01 -1.13560810e+00 -5.15624590e-02]
 [ 4.45984259e-01 -1.13560810e+00 -5.15624590e-02]
 [-1.14328942e-02 -2.22830664e-02  6.34679862e-02]
 [ 1.99048639e+00  3.72224100e+00  1.47839270e-01]
 [ 1.17426408e+00  1.05801608e+00  7.74924993e-02]] 
lwh_diff, org - ref: 
[[ 0.18657732 -0.09608698  0.12938881]
 [ 0.18657732 -0.09608698  0.12938881]
 [ 0.18657732 -0.09608698  0.12938881]
 [ 0.18657732 -0.09608698  0.12938881]
 [ 0.18657732 -0.09608698  0.12938881]
 [ 0.18657732 -0.09608698  0.12938881]
 [ 0.18657732 -0.09608698  0.12938881]
 [ 0.18657732 -0.09608698  0.12938881]
 [ 0.18657732 -0.09608698  0.12938881]
 [ 0.18657732 -0.09608698  0.12938881]
 [ 0.18657732 -0.09608698  0.12938881]
 [ 0.18657732 -0.09608698  0.12938881]] 
socre, org, ref: 
[[4.16714102e-02 1.03303581e-04]
 [3.15925665e-02 1.26466184e-04]
 [8.20656791e-02 2.75188868e-05]
 [5.50646223e-02 1.05212814e-04]
 [1.07923567e-01 4.24332793e-05]
 [1.07923567e-01 4.24332793e-05]
 [1.07923567e-01 4.24332793e-05]
 [1.07923567e-01 4.24332793e-05]
 [1.07923567e-01 4.24332793e-05]
 [1.07923567e-01 2.40862127e-02]
 [4.98828292e-02 8.40211433e-05]
 [4.84563224e-02 7.84932752e-04]] 
obj_id: 855 =============
xyz_diff, org - ref: 
[[ 2.95346652e-01 -5.69670754e+00 -1.81695105e-01]
 [ 8.67479711e-02 -3.25727638e-03  6.38551727e-02]
 [ 5.42644084e-04 -6.46656166e+00  1.73497688e-01]
 [-5.28219450e-02 -5.73595264e+00 -5.03200953e-02]
 [-1.35321311e-01 -1.25689299e+01 -1.75844215e-01]
 [-1.26879311e-01 -1.86705915e+00  6.52495048e-02]
 [-1.35321311e-01 -1.25689299e+01 -1.75844215e-01]
 [-1.35321311e-01 -1.25689299e+01 -1.75844215e-01]
 [-1.35321311e-01 -1.25689299e+01 -1.75844215e-01]
 [-6.71697335e-02 -2.25891469e+00  1.43828626e-01]
 [-2.06797426e-02 -6.24174599e+00 -3.04139528e-03]
 [-3.78157904e-01  7.76372042e+00  2.90350082e-01]
 [-1.88271045e-01 -1.18784910e+01 -2.38787824e-01]
 [ 2.88004171e-02  3.32281666e-02  7.44401463e-02]
 [-1.88271045e-01 -1.18784910e+01 -2.38787824e-01]
 [-1.41083865e-02 -7.30883292e-01  6.42428902e-02]
 [-5.67787578e-02 -1.58802273e+00  3.72246601e-02]
 [-4.79507759e-03 -2.46145765e-02  3.28143366e-02]] 
lwh_diff, org - ref: 
[[ 0.22356939 -0.06317019  0.15681553]
 [ 0.22356939 -0.06317019  0.15681553]
 [ 0.22356939 -0.06317019  0.15681553]
 [ 0.22356939 -0.06317019  0.15681553]
 [ 0.22356939 -0.06317019  0.15681553]
 [ 0.22356939 -0.06317019  0.15681553]
 [ 0.22356939 -0.06317019  0.15681553]
 [ 0.22356939 -0.06317019  0.15681553]
 [ 0.22356939 -0.06317019  0.15681553]
 [ 0.22356939 -0.06317019  0.15681553]
 [ 0.22356939 -0.06317019  0.15681553]
 [ 0.22356939 -0.06317019  0.15681553]
 [ 0.22356939 -0.06317019  0.15681553]
 [ 0.22356939 -0.06317019  0.15681553]
 [ 0.22356939 -0.06317019  0.15681553]
 [ 0.22356939 -0.06317019  0.15681553]
 [ 0.22356939 -0.06317019  0.15681553]
 [ 0.22356939 -0.06317019  0.15681553]] 
socre, org, ref: 
[[3.07502057e-02 1.00499863e-04]
 [5.41559681e-02 9.40497994e-05]
 [3.60009409e-02 9.65235740e-05]
 [3.60009409e-02 7.14845592e-05]
 [6.10571355e-02 1.05824764e-03]
 [6.10571355e-02 1.48435181e-03]
 [6.10571355e-02 1.05824764e-03]
 [6.10571355e-02 1.05824764e-03]
 [6.10571355e-02 1.05824764e-03]
 [6.10571355e-02 5.89734191e-05]
 [6.10571355e-02 6.12994991e-05]
 [1.18848085e-01 6.35759032e-04]
 [1.18848085e-01 9.16516350e-04]
 [1.18848085e-01 9.94105212e-05]
 [1.18848085e-01 9.16516350e-04]
 [9.50630605e-02 7.13437388e-04]
 [9.50630605e-02 6.10855524e-04]
 [6.04775585e-02 4.14831273e-04]] 
obj_id: 237 =============
xyz_diff, org - ref: 
[[ 2.96179877e-01  1.58567938e-01 -5.47759919e-02]
 [ 3.10370897e-02  6.73164883e+00  2.05458619e-01]
 [ 1.53259090e-01  1.58593149e+01  5.01188669e-01]
 [ 2.35987736e-01  1.04627438e-01  3.92213272e-02]
 [ 2.06079745e-01  3.34764557e-02  4.41241415e-03]
 [-4.74509912e-02  1.17695888e+01  3.59978788e-01]
 [-4.74509912e-02  1.17695888e+01  3.59978788e-01]
 [-4.74509912e-02  1.17695888e+01  3.59978788e-01]
 [-2.24771242e-01  1.12888883e+01  3.91263054e-01]
 [ 2.52363505e-01  4.95482924e-02 -2.22795270e-02]
 [ 2.63686212e-01  1.71725383e-01  1.34898609e-03]
 [ 3.30542801e-01  8.59597316e+00  3.49289710e-01]
 [ 3.30542801e-01  8.59597316e+00  3.49289710e-01]
 [ 3.30542801e-01  8.59597316e+00  3.49289710e-01]
 [-4.22298244e-01  2.53498683e+01  7.39969455e-01]
 [ 1.41675068e-01  6.26444704e+00  4.13687550e-01]
 [ 2.98009509e-01  7.69597888e+00  3.23503703e-01]
 [ 2.98009509e-01  7.69597888e+00  3.23503703e-01]
 [ 3.56788401e-01  3.16839146e+00  2.34495701e-01]
 [ 7.97821497e-02  4.52808997e+00  1.61360990e-01]] 
lwh_diff, org - ref: 
[[ 0.16376734 -0.10670817  0.08367825]
 [ 0.16376734 -0.10670817  0.08367825]
 [ 0.16376734 -0.10670817  0.08367825]
 [ 0.16376734 -0.10670817  0.08367825]
 [ 0.16376734 -0.10670817  0.08367825]
 [ 0.16376734 -0.10670817  0.08367825]
 [ 0.16376734 -0.10670817  0.08367825]
 [ 0.16376734 -0.10670817  0.08367825]
 [ 0.16376734 -0.10670817  0.08367825]
 [ 0.16376734 -0.10670817  0.08367825]
 [ 0.1291666  -0.0883913   0.02294564]
 [ 0.1291666  -0.0883913   0.02294564]
 [ 0.1291666  -0.0883913   0.02294564]
 [ 0.1291666  -0.0883913   0.02294564]
 [ 0.1291666  -0.0883913   0.02294564]
 [ 0.1291666  -0.0883913   0.02294564]
 [ 0.1291666  -0.0883913   0.02294564]
 [ 0.1291666  -0.0883913   0.02294564]
 [ 0.06846285 -0.05289531  0.15169704]
 [ 0.06846285 -0.05289531  0.15169704]] 
socre, org, ref: 
[[6.9095276e-02 1.2350011e-04]
 [1.3134654e-01 7.9440692e-04]
 [3.7740450e-02 3.7911398e-06]
 [7.2953530e-02 1.2184337e-04]
 [7.2953530e-02 7.8284411e-06]
 [7.2953530e-02 3.7562309e-06]
 [7.2953530e-02 3.7562309e-06]
 [7.2953530e-02 3.7562309e-06]
 [8.8084243e-02 1.1669090e-05]
 [7.4585184e-02 7.8463730e-05]
 [1.1170041e-01 4.4856464e-05]
 [3.3625472e-02 6.3686380e-06]
 [3.3625472e-02 6.3686380e-06]
 [3.3625472e-02 6.3686380e-06]
 [8.5111819e-02 1.6937626e-06]
 [3.9052665e-02 2.5060801e-06]
 [3.8946375e-02 6.5789782e-06]
 [3.8946375e-02 6.5789782e-06]
 [1.0739958e-01 2.2177699e-05]
 [3.7805069e-02 2.4120495e-06]] 
obj_id: 749 =============
xyz_diff, org - ref: 
[[ 1.66580442e+00  4.08187870e+01  1.05815616e+00]
 [ 2.39145433e+00  4.58113101e+01  1.04931872e+00]
 [ 1.47698611e+00  3.93244053e+01  9.02633261e-01]
 [ 1.47698611e+00  3.93244053e+01  9.02633261e-01]
 [ 1.47698611e+00  3.93244053e+01  9.02633261e-01]
 [ 1.12415332e-01  1.88508466e+01 -1.17685189e-01]
 [ 1.47698611e+00  3.93244053e+01  9.02633261e-01]
 [ 1.47698611e+00  3.93244053e+01  9.02633261e-01]
 [ 3.26239372e-01  1.11383559e+01 -6.38867730e-02]
 [ 7.13424763e-01  1.61780645e+01  3.10745088e-01]
 [ 3.45437892e+00  4.57475515e+01  1.31938574e+00]
 [ 1.10510089e+00  4.23150180e+01  1.27575873e+00]
 [ 2.16434405e+00  4.44047204e+01  1.33539041e+00]
 [ 2.06222183e+00  3.48901055e+01  1.00952590e+00]
 [ 2.15849800e+00  6.07975186e+01  1.81201433e+00]
 [ 2.35039747e+00  4.81142381e+01  1.55257727e+00]
 [ 5.81998854e+00  4.05058734e+01  1.05190253e+00]
 [ 2.92998794e+00  6.92741162e+01  2.23864330e+00]] 
lwh_diff, org - ref: 
[[-0.0202198  -0.07885122  0.09162712]
 [-0.0202198  -0.07885122  0.09162712]
 [-0.0202198  -0.07885122  0.09162712]
 [-0.0202198  -0.07885122  0.09162712]
 [-0.0202198  -0.07885122  0.09162712]
 [-0.0202198  -0.07885122  0.09162712]
 [-0.0202198  -0.07885122  0.09162712]
 [-0.0202198  -0.07885122  0.09162712]
 [-0.0202198  -0.07885122  0.09162712]
 [-0.03172112 -0.08302593 -0.00567663]
 [-0.03172112 -0.08302593 -0.00567663]
 [ 0.06778193 -0.07915044  0.13106608]
 [ 0.06778193 -0.07915044  0.13106608]
 [ 0.06778193 -0.07915044  0.13106608]
 [ 0.06778193 -0.07915044  0.13106608]
 [ 0.06778193 -0.07915044  0.13106608]
 [ 0.06778193 -0.07915044  0.13106608]
 [ 0.06778193 -0.07915044  0.13106608]] 
socre, org, ref: 
[[6.1648913e-02 4.0457179e-04]
 [8.5877776e-02 6.1426275e-05]
 [1.2043198e-01 5.5036369e-05]
 [1.2043198e-01 5.5036369e-05]
 [1.2043198e-01 5.5036369e-05]
 [1.2043198e-01 9.1171671e-05]
 [1.2043198e-01 5.5036369e-05]
 [1.2043198e-01 5.5036369e-05]
 [1.2043198e-01 1.0655201e-04]
 [1.1058503e-01 9.8391443e-05]
 [6.6544510e-02 9.0634037e-04]
 [1.3857846e-01 2.2070133e-05]
 [1.3857846e-01 1.5030344e-04]
 [1.3857846e-01 9.2920091e-05]
 [6.9191165e-02 1.2212945e-04]
 [6.9191165e-02 2.7623994e-04]
 [4.3707959e-02 2.5869146e-04]
 [3.9934173e-02 4.1476473e-05]] 
obj_id: 238 =============
xyz_diff, org - ref: 
[[-2.72332686e-01 -1.11875124e+01 -5.03369353e-01]
 [ 2.44276663e-01  1.00876295e+01  2.72578040e-01]
 [ 3.89235200e-01  4.24713326e+00  3.36369223e-01]
 [ 1.68938105e-01 -2.48199351e-01  1.06008873e-01]
 [ 9.29137412e-02 -1.15038152e+00 -1.16371845e-01]
 [-7.97282592e-03 -1.46628566e+01 -3.54603904e-01]
 [ 9.93599533e-02 -3.67708794e+00 -1.57860502e-01]
 [-4.42591455e-01 -2.16362870e+01 -4.35546298e-01]
 [ 7.18772723e-02 -6.43367526e-03  8.11383817e-03]
 [ 1.39885478e-01  1.73591344e-02 -4.50282073e-02]
 [ 2.03794189e-01 -3.08250468e+00 -9.51892051e-02]
 [ 8.50266570e-03 -1.56564323e+01 -3.95295903e-01]
 [ 8.50266570e-03 -1.56564323e+01 -3.95295903e-01]
 [ 8.50266570e-03 -1.56564323e+01 -3.95295903e-01]
 [-4.70777253e-01 -1.45460943e+01 -3.88692654e-01]
 [ 1.32517473e-01 -5.80879267e-03 -1.44362890e-01]
 [ 2.70263510e-01 -4.59931844e+00  2.30028661e-02]
 [ 6.27531174e-01  3.19348210e+00  3.76296224e-01]
 [ 5.05006091e-02 -2.59012551e-03 -4.26456789e-02]
 [ 2.98289370e-01  1.63790866e+01  4.47994273e-01]
 [-6.81640858e-01 -1.93146159e+01 -4.12881564e-01]] 
lwh_diff, org - ref: 
[[-0.19975233 -0.07441998  0.04786038]
 [-0.32952881 -0.16656625  0.02322161]
 [-0.32952881 -0.16656625  0.02322161]
 [-0.32952881 -0.16656625  0.02322161]
 [-0.1401639  -0.06532836  0.07019222]
 [-0.1401639  -0.06532836  0.07019222]
 [-0.1401639  -0.06532836  0.07019222]
 [-0.1401639  -0.06532836  0.07019222]
 [-0.3079319  -0.1135968   0.03747165]
 [-0.04198551 -0.08011699 -0.01578999]
 [-0.24150229 -0.11803234 -0.01991844]
 [-0.24150229 -0.11803234 -0.01991844]
 [-0.24150229 -0.11803234 -0.01991844]
 [-0.24150229 -0.11803234 -0.01991844]
 [-0.24150229 -0.11803234 -0.01991844]
 [-0.21352434 -0.07596016 -0.01220214]
 [-0.21352434 -0.07596016 -0.01220214]
 [-0.21352434 -0.07596016 -0.01220214]
 [-0.25843239 -0.05129552 -0.00308084]
 [-0.25843239 -0.05129552 -0.00308084]
 [-0.25843239 -0.05129552 -0.00308084]] 
socre, org, ref: 
[[1.06442757e-01 4.43294831e-03]
 [1.03151001e-01 1.49856905e-05]
 [6.74715117e-02 1.24673543e-05]
 [9.05170366e-02 2.76861567e-04]
 [1.08039454e-01 1.70292071e-04]
 [1.08039454e-01 7.50693380e-06]
 [1.08039454e-01 2.04843745e-05]
 [1.08039454e-01 6.98059785e-06]
 [1.33809790e-01 7.13157488e-06]
 [1.22144058e-01 1.39515195e-03]
 [1.14590295e-01 2.35947955e-05]
 [1.14590295e-01 8.90179763e-06]
 [1.14590295e-01 8.90179763e-06]
 [1.14590295e-01 8.90179763e-06]
 [4.26878482e-02 5.42396912e-04]
 [1.00440182e-01 2.66742154e-05]
 [3.48985791e-02 1.10230594e-05]
 [7.80664086e-02 1.30725020e-05]
 [1.23182349e-01 3.61897546e-04]
 [1.23182349e-01 1.48689260e-05]
 [6.72648996e-02 6.17252681e-07]] 
obj_id: 335 =============
xyz_diff, org - ref: 
[[-8.31243489e-02  7.27790311e+00  2.01038107e-01]
 [ 3.92410225e-02  9.78722574e-02  1.53273770e-01]
 [-4.87179041e-03  5.28471350e-02  4.42359720e-02]
 [ 1.00319478e+00 -1.02684019e+01 -7.69703052e-03]
 [-1.12469536e-01  3.13428060e+00  6.19751588e-02]
 [ 8.95553775e-02  1.88083865e-01  2.64147180e-01]
 [ 1.00410775e+00 -1.02639863e+01 -7.52949176e-03]
 [-1.15764596e-02 -1.19710698e+00  1.57446282e-01]
 [ 1.94405748e-01  5.88837285e-01  2.35686334e-01]
 [-2.49853027e-01  2.98400718e-01  2.28354775e-01]
 [ 1.24251564e+00 -9.33336177e+00  3.16579603e-02]
 [ 1.24236326e+00 -7.25313248e+00  1.13408438e-01]
 [ 1.00008031e-01  3.61901532e-02  2.96069168e-01]
 [ 6.71327987e-01  4.63447062e+00  1.73367062e-01]
 [ 3.68707556e-01  6.48479109e+00  2.41518467e-01]
 [ 5.83010089e-04  9.70230452e-01  1.29795692e-01]
 [-7.25030072e-02  8.60005409e+00  2.48492296e-01]
 [ 5.22935316e-01 -9.15141059e+00 -8.07943583e-02]
 [ 1.61608869e-01  2.87911304e-01  1.61919605e-01]
 [ 1.72129320e-01  3.33621502e-02  1.64218533e-01]
 [ 4.58445199e-01 -1.00732358e+01 -5.99517870e-02]
 [ 7.92631295e-02 -1.21438569e+01 -4.82815175e-02]] 
lwh_diff, org - ref: 
[[ 0.33532095 -0.01196933  0.06455314]
 [ 0.33532095 -0.01196933  0.06455314]
 [ 0.33532095 -0.01196933  0.06455314]
 [ 0.33532095 -0.01196933  0.06455314]
 [ 0.33532095 -0.01196933  0.06455314]
 [ 0.33532095 -0.01196933  0.06455314]
 [ 0.33532095 -0.01196933  0.06455314]
 [ 0.33532095 -0.01196933  0.06455314]
 [ 0.33532095 -0.01196933  0.06455314]
 [ 0.33532095 -0.01196933  0.06455314]
 [ 0.33532095 -0.01196933  0.06455314]
 [ 0.33532095 -0.01196933  0.06455314]
 [ 0.33532095 -0.01196933  0.06455314]
 [ 0.33532095 -0.01196933  0.06455314]
 [ 0.33532095 -0.01196933  0.06455314]
 [ 0.29084921  0.01761413  0.12375522]
 [ 0.29084921  0.01761413  0.12375522]
 [ 0.29084921  0.01761413  0.12375522]
 [ 0.29084921  0.01761413  0.12375522]
 [ 0.29084921  0.01761413  0.12375522]
 [ 0.29084921  0.01761413  0.12375522]
 [ 0.29084921  0.01761413  0.12375522]] 
socre, org, ref: 
[[9.22238454e-02 2.80262102e-05]
 [1.12686284e-01 9.79183314e-05]
 [5.36091067e-02 9.96669860e-06]
 [5.36091067e-02 1.41477009e-04]
 [5.35566173e-02 7.87370766e-07]
 [5.35566173e-02 4.28695921e-06]
 [5.35566173e-02 1.41415701e-04]
 [5.35566173e-02 1.96338124e-06]
 [8.21868628e-02 1.25227771e-05]
 [8.74903947e-02 1.45968374e-06]
 [3.94263119e-02 1.28561675e-04]
 [8.68779942e-02 1.02996626e-06]
 [8.68779942e-02 3.17924582e-06]
 [8.68779942e-02 1.33952767e-06]
 [9.63568985e-02 7.80152186e-06]
 [1.44100726e-01 8.66447954e-06]
 [3.05817928e-02 5.09000529e-06]
 [3.68917733e-02 2.39870474e-06]
 [3.68917733e-02 2.75305183e-06]
 [5.07712103e-02 4.77514322e-06]
 [5.07712103e-02 1.08061158e-05]
 [3.25572677e-02 5.90696836e-05]] 
obj_id: 969 =============
xyz_diff, org - ref: 
[[-2.44391668e-01 -1.16387910e+01 -3.93225864e-01]
 [-3.44741917e-01 -1.49439417e+01 -4.40859724e-01]
 [-3.44741917e-01 -1.49439417e+01 -4.40859724e-01]
 [-8.41174229e-01 -1.52333068e+01 -3.98678186e-01]
 [-2.37757750e-01 -1.46724713e+01 -3.84365014e-01]
 [-3.44741917e-01 -1.49439417e+01 -4.40859724e-01]
 [-3.44741917e-01 -1.49439417e+01 -4.40859724e-01]
 [-3.44741917e-01 -1.49439417e+01 -4.40859724e-01]
 [-3.44741917e-01 -1.49439417e+01 -4.40859724e-01]
 [-3.44741917e-01 -1.49439417e+01 -4.40859724e-01]
 [-7.11923639e-01 -1.30683658e+01 -6.04427639e-01]
 [-3.90540366e-02 -4.21281097e-02 -1.15506673e-01]
 [ 2.51853207e-01 -3.60795983e+00 -9.64644773e-02]
 [-1.35705450e-01 -1.29188985e+01 -2.26723941e-01]
 [-1.35705450e-01 -1.29188985e+01 -2.26723941e-01]
 [-1.35705450e-01 -1.29188985e+01 -2.26723941e-01]
 [-1.35705450e-01 -1.29188985e+01 -2.26723941e-01]
 [ 6.19090297e-02  1.17819088e+00  1.51672319e-02]
 [-8.81510364e-02 -1.19941313e+01 -1.90795577e-01]
 [-1.62997246e-01 -1.31326313e+01 -3.24105765e-01]
 [-1.85325569e-01 -1.23757728e+01 -3.08044024e-01]
 [-6.09226716e-02 -2.15664012e-02 -1.81844623e-01]
 [-1.70021703e-01 -4.56736278e+00 -8.34605167e-02]
 [ 2.43137073e-02 -1.66339852e-02 -2.28067828e-02]
 [-7.20779761e-01 -1.15096844e+01 -3.90897246e-01]
 [ 4.44627408e-02  1.18566450e-01  3.80598736e-02]
 [-1.46515309e-01  2.29113528e+00  1.44165037e-01]
 [-1.11268125e-02  1.70236719e-02 -3.67991571e-02]
 [-1.73797062e+00 -1.77283764e+01 -5.63947497e-01]
 [-8.77557103e-02 -3.89979422e+00 -5.71712503e-02]
 [-1.43572347e-01 -8.42490131e+00 -2.89398288e-01]
 [-1.50376758e-01 -1.15401500e+01 -2.77866684e-01]
 [-8.43016776e-01 -1.33280753e+01 -3.34838398e-01]
 [ 5.33776630e-02 -2.21355501e-01 -3.59764565e-02]
 [-1.34031928e-01 -5.12740068e+00 -1.72680159e-01]] 
lwh_diff, org - ref: 
[[ 0.06004    -0.03894997  0.14103734]
 [ 0.06004    -0.03894997  0.14103734]
 [ 0.06004    -0.03894997  0.14103734]
 [ 0.06004    -0.03894997  0.14103734]
 [ 0.06004    -0.03894997  0.14103734]
 [ 0.06004    -0.03894997  0.14103734]
 [ 0.06004    -0.03894997  0.14103734]
 [ 0.06004    -0.03894997  0.14103734]
 [ 0.06004    -0.03894997  0.14103734]
 [ 0.06004    -0.03894997  0.14103734]
 [ 0.06004    -0.03894997  0.14103734]
 [ 0.06004    -0.03894997  0.14103734]
 [-0.02429008 -0.05670834  0.06198454]
 [-0.02429008 -0.05670834  0.06198454]
 [-0.02429008 -0.05670834  0.06198454]
 [-0.02429008 -0.05670834  0.06198454]
 [-0.02429008 -0.05670834  0.06198454]
 [-0.02429008 -0.05670834  0.06198454]
 [-0.02429008 -0.05670834  0.06198454]
 [-0.02429008 -0.05670834  0.06198454]
 [-0.14990473 -0.04969358  0.09823966]
 [-0.17200851 -0.01145577 -0.0318228 ]
 [-0.17200851 -0.01145577 -0.0318228 ]
 [ 0.02525759 -0.01185226  0.00191486]
 [ 0.02525759 -0.01185226  0.00191486]
 [-0.0643754  -0.00306845  0.03060591]
 [ 0.0267601  -0.01325989  0.12581682]
 [-0.06455374 -0.05008316  0.1077615 ]
 [-0.06455374 -0.05008316  0.1077615 ]
 [-0.06455374 -0.05008316  0.1077615 ]
 [-0.06648874 -0.00740409  0.07690299]
 [-0.06648874 -0.00740409  0.07690299]
 [-0.06648874 -0.00740409  0.07690299]
 [-0.03730583 -0.05078876  0.10312796]
 [ 0.20985603 -0.00814843  0.12048233]] 
socre, org, ref: 
[[4.55838479e-02 6.53541283e-05]
 [1.05049066e-01 3.06632777e-04]
 [1.05049066e-01 3.06632777e-04]
 [1.05049066e-01 2.33092252e-03]
 [1.05049066e-01 1.12316885e-03]
 [1.05049066e-01 3.06632777e-04]
 [1.05049066e-01 3.06632777e-04]
 [1.05049066e-01 3.06632777e-04]
 [1.05049066e-01 3.06632777e-04]
 [1.05049066e-01 3.06632777e-04]
 [1.05049066e-01 3.27569345e-04]
 [1.05049066e-01 1.85646384e-03]
 [1.30288020e-01 1.44542230e-03]
 [6.22735769e-02 3.20630963e-04]
 [6.22735769e-02 3.20630963e-04]
 [6.22735769e-02 3.20630963e-04]
 [6.22735769e-02 3.20630963e-04]
 [6.22735769e-02 6.41244871e-04]
 [4.18547206e-02 3.95518990e-04]
 [7.36959055e-02 2.42721158e-04]
 [1.48504421e-01 3.57997371e-04]
 [1.32259756e-01 3.41156982e-02]
 [1.32259756e-01 6.25248358e-04]
 [1.69576526e-01 7.99987465e-02]
 [5.64408042e-02 2.03256466e-04]
 [1.72396377e-01 3.62332258e-03]
 [1.30574733e-01 5.67269162e-04]
 [1.16128951e-01 1.64708809e-03]
 [7.30094686e-02 2.88285955e-05]
 [8.82964954e-02 8.61097069e-04]
 [1.16426222e-01 7.38212094e-03]
 [3.79780494e-02 2.34770137e-04]
 [6.39627874e-02 5.93435543e-04]
 [1.27661780e-01 2.71119596e-03]
 [1.21921845e-01 5.35514671e-03]] 
obj_id: 424 =============
xyz_diff, org - ref: 
[[ 8.83672003e-01  1.74152527e+01  4.76416149e-01]
 [ 8.04747060e-01  1.83767529e+01  2.64657334e-01]
 [ 2.08307405e+00  3.76225758e+01  8.47026255e-01]
 [-1.20355081e-01  4.08907204e-02 -1.47085127e-02]
 [ 8.40058461e-01  1.86203631e+01  1.87881959e-01]
 [ 8.15942458e-01  1.82394357e+01  1.81459874e-01]
 [ 3.44948801e-01  1.06694568e+01  1.52406442e-01]
 [ 3.37178787e-01  1.19463306e+01  5.67514312e-02]
 [-1.98244333e-02  4.68745646e+00  4.98821738e-02]
 [-8.56674831e-02  2.80086651e+00  2.15900177e-02]
 [ 3.04994814e-01  6.81520047e+00  1.12409874e-01]
 [-4.16285675e-02 -7.41572725e-02 -4.29546086e-02]
 [ 7.10349636e-01  1.27909948e+01  7.56736043e-02]
 [-1.19725424e-01 -1.00937066e+00 -4.94593028e-02]
 [ 6.04907530e-01  1.63137932e+01  2.11370640e-01]
 [ 1.15926958e+00  2.10937825e+01  3.64993766e-01]
 [ 2.82626162e-01  7.88275578e+00  1.61362916e-01]
 [ 1.23856180e+00  2.24937432e+01  4.99488583e-01]
 [ 1.59064534e+00  3.00534170e+01  6.67049728e-01]
 [ 6.98155160e-01  1.89190230e+01  1.62748818e-01]
 [ 9.43591188e-01  1.81670633e+01  4.12707840e-01]] 
lwh_diff, org - ref: 
[[ 0.16593838 -0.04528987  0.12908447]
 [ 0.16593838 -0.04528987  0.12908447]
 [ 0.16593838 -0.04528987  0.12908447]
 [ 0.29188251 -0.0021286   0.06031871]
 [ 0.29188251 -0.0021286   0.06031871]
 [ 0.29188251 -0.0021286   0.06031871]
 [ 0.29188251 -0.0021286   0.06031871]
 [ 0.29188251 -0.0021286   0.06031871]
 [ 0.29188251 -0.0021286   0.06031871]
 [ 0.29188251 -0.0021286   0.06031871]
 [ 0.29188251 -0.0021286   0.06031871]
 [ 0.16060305  0.0007658   0.04861343]
 [ 0.16060305  0.0007658   0.04861343]
 [ 0.16060305  0.0007658   0.04861343]
 [ 0.32000303 -0.04895568  0.15818524]
 [ 0.32000303 -0.04895568  0.15818524]
 [ 0.09874487 -0.02683616  0.03941035]
 [ 0.09874487 -0.02683616  0.03941035]
 [ 0.09874487 -0.02683616  0.03941035]
 [ 0.14180565 -0.04498219  0.12985277]
 [ 0.14180565 -0.04498219  0.12985277]] 
socre, org, ref: 
[[5.89388609e-02 1.60579468e-04]
 [1.15870528e-01 3.70725388e-06]
 [7.84684494e-02 6.05383793e-05]
 [1.12932391e-01 4.24796926e-05]
 [4.53432538e-02 1.69365785e-06]
 [5.07179536e-02 1.76901381e-06]
 [5.07179536e-02 2.18125729e-06]
 [5.07179536e-02 4.36603041e-05]
 [4.42126729e-02 1.14565364e-06]
 [8.15161690e-02 4.12516121e-04]
 [6.83153421e-02 2.12218365e-05]
 [1.23843245e-01 3.87781147e-05]
 [1.23843245e-01 5.03863191e-07]
 [1.23843245e-01 1.47844460e-07]
 [1.10877134e-01 9.37558343e-06]
 [7.64372647e-02 6.73035515e-07]
 [1.05241708e-01 8.92697699e-06]
 [5.71785979e-02 4.55731833e-06]
 [6.43794909e-02 4.18910749e-05]
 [1.05398111e-01 2.04048706e-06]
 [8.95916075e-02 4.62124945e-06]] 
obj_id: 328 =============
xyz_diff, org - ref: 
[[-4.45213499e-01 -1.70716471e+01 -2.79648322e-01]
 [-7.20811368e-01 -2.63737993e+01 -5.36518182e-01]
 [-3.82842932e-01 -2.84058428e+01 -7.27919398e-01]
 [-4.09336663e-01 -2.58353386e+01 -5.05057561e-01]
 [-4.52092410e-01 -2.71519407e+01 -5.50775976e-01]
 [-5.66621899e-02 -9.85204456e+00 -1.52749934e-01]
 [ 1.23780600e-01 -7.58928197e-01  8.85224590e-02]
 [-4.34475105e-01 -3.02973487e+01 -7.08360169e-01]
 [ 1.62497034e-01  3.32029750e+01  1.25621528e+00]
 [ 2.84500506e-01  1.98188990e+01  5.74190129e-01]
 [ 9.99636816e-01  6.65789498e+01  2.20331553e+00]
 [-1.40348387e-01  2.20742608e+01  7.58445873e-01]
 [-1.40348387e-01  2.20742608e+01  7.58445873e-01]
 [-1.40348387e-01  2.20742608e+01  7.58445873e-01]
 [-1.40348387e-01  2.20742608e+01  7.58445873e-01]
 [ 1.06832894e-04  1.26653441e-02  9.78061991e-02]
 [ 1.97710678e-01  7.04390407e+00  2.44376824e-01]
 [ 2.24907731e-01  1.37266167e+01  3.41090781e-01]
 [-1.20999144e-01  5.78168393e+00  3.86369257e-01]
 [ 5.08340807e-01  4.09089430e+01  1.11286786e+00]
 [ 1.44153454e+00  4.93655799e+01  1.46928229e+00]
 [ 3.55256572e-01  3.77605083e+01  1.02397036e+00]
 [ 4.35506394e-01  2.87438634e+01  7.33229639e-01]
 [ 4.35506394e-01  2.87438634e+01  7.33229639e-01]
 [ 4.35506394e-01  2.87438634e+01  7.33229639e-01]
 [ 1.90437063e+00  6.63642852e+01  1.87184548e+00]] 
lwh_diff, org - ref: 
[[ 0.17501211  0.0222621   0.2088635 ]
 [ 0.17501211  0.0222621   0.2088635 ]
 [ 0.17501211  0.0222621   0.2088635 ]
 [ 0.17501211  0.0222621   0.2088635 ]
 [ 0.17501211  0.0222621   0.2088635 ]
 [ 0.17501211  0.0222621   0.2088635 ]
 [ 0.17501211  0.0222621   0.2088635 ]
 [ 0.17501211  0.0222621   0.2088635 ]
 [ 0.15580177  0.072505    0.24197757]
 [ 0.15580177  0.072505    0.24197757]
 [ 0.15580177  0.072505    0.24197757]
 [ 0.15580177  0.072505    0.24197757]
 [ 0.15580177  0.072505    0.24197757]
 [ 0.15580177  0.072505    0.24197757]
 [ 0.15580177  0.072505    0.24197757]
 [-0.00768757  0.02757788  0.12054586]
 [-0.00768757  0.02757788  0.12054586]
 [-0.00768757  0.02757788  0.12054586]
 [-0.0418663   0.00638151  0.08212554]
 [-0.0418663   0.00638151  0.08212554]
 [-0.0418663   0.00638151  0.08212554]
 [-0.0418663   0.00638151  0.08212554]
 [-0.0418663   0.00638151  0.08212554]
 [-0.0418663   0.00638151  0.08212554]
 [-0.0418663   0.00638151  0.08212554]
 [ 0.25760174  0.05640864  0.31062007]] 
socre, org, ref: 
[[5.01706779e-01 2.54463259e-04]
 [5.01706779e-01 5.92211400e-05]
 [5.01706779e-01 4.48210223e-04]
 [5.01706779e-01 3.24512192e-04]
 [5.01706779e-01 5.62009285e-04]
 [5.01706779e-01 3.29505187e-03]
 [5.01706779e-01 9.36212298e-03]
 [5.01706779e-01 1.71603751e-03]
 [5.12963057e-01 9.29804926e-04]
 [5.12963057e-01 4.00060271e-05]
 [5.12963057e-01 1.01939113e-04]
 [5.12963057e-01 1.40734715e-04]
 [5.12963057e-01 1.40734715e-04]
 [5.12963057e-01 1.40734715e-04]
 [5.12963057e-01 1.40734715e-04]
 [6.06390417e-01 3.05123348e-02]
 [6.06390417e-01 4.20405813e-05]
 [6.06390417e-01 3.05742928e-04]
 [5.74901402e-01 1.66182056e-01]
 [5.74901402e-01 9.76360316e-05]
 [5.74901402e-01 1.18294956e-04]
 [5.74901402e-01 6.63786341e-05]
 [5.74901402e-01 1.58546864e-05]
 [5.74901402e-01 1.58546864e-05]
 [5.74901402e-01 1.58546864e-05]
 [5.17227352e-01 2.03913893e-03]] 
obj_id: 330 =============
xyz_diff, org - ref: 
[[ 1.45825419e-01  2.84547165e+01  6.93536084e-01]
 [-1.59089104e+00  5.18412684e+01  9.07977385e-01]
 [-1.59089104e+00  5.18412684e+01  9.07977385e-01]
 [-2.47349820e+00  8.29007746e+01  1.77975224e+00]
 [-1.59089104e+00  5.18412684e+01  9.07977385e-01]
 [ 2.00664026e-01  4.79711620e+00  2.37064590e-01]
 [-9.05871758e-01  3.16168525e+01  8.66706240e-01]
 [-9.05871758e-01  3.16168525e+01  8.66706240e-01]
 [-9.05871758e-01  3.16168525e+01  8.66706240e-01]
 [ 1.84764606e-02 -4.12944095e-02  1.41960011e-01]
 [-1.76951058e+00  4.21627981e+01  1.41449509e+00]] 
lwh_diff, org - ref: 
[[-0.08818531 -0.04139948  0.02852237]
 [-0.08818531 -0.04139948  0.02852237]
 [-0.08818531 -0.04139948  0.02852237]
 [-0.08818531 -0.04139948  0.02852237]
 [-0.08818531 -0.04139948  0.02852237]
 [ 0.30780315  0.07450509  0.30133975]
 [ 0.30780315  0.07450509  0.30133975]
 [ 0.30780315  0.07450509  0.30133975]
 [ 0.30780315  0.07450509  0.30133975]
 [-0.09740639 -0.00920868  0.08121526]
 [-0.09740639 -0.00920868  0.08121526]] 
socre, org, ref: 
[[0.33147126 0.05210416]
 [0.06324669 0.00938127]
 [0.06324669 0.00938127]
 [0.06324669 0.01543093]
 [0.06324669 0.00938127]
 [0.36068055 0.00717664]
 [0.09376868 0.00109796]
 [0.09376868 0.00109796]
 [0.09376868 0.00109796]
 [0.45502612 0.09414111]
 [0.09440195 0.00109196]] 
obj_id: 336 =============
xyz_diff, org - ref: 
[[ 1.03371021e-01  1.19627420e-01 -4.99091108e-03]
 [ 2.82474776e-01 -1.02539774e-01  7.08015288e-02]
 [ 1.32795100e-01 -4.91068985e-02  1.93651226e-02]
 [ 2.68665135e-02 -1.76405300e-01 -4.84132400e-02]
 [ 4.41415563e-02 -1.58838303e-02 -5.20128665e-02]
 [ 3.69028184e-02 -2.85605929e+00 -3.95205802e-02]
 [ 2.68665135e-02 -1.76405300e-01 -4.84132400e-02]
 [-5.40132274e-03  3.93406159e+00  2.26341497e-01]
 [ 8.19833101e-02  1.40714382e-01  5.75442328e-02]
 [ 3.87337419e-01 -2.79759533e-02  1.00850505e-01]
 [ 5.91785639e-02  2.30071672e-01  3.17003260e-03]
 [-1.72514690e-02 -1.36283216e+00 -8.40953352e-02]
 [-1.72514690e-02 -1.36283216e+00 -8.40953352e-02]
 [ 7.47703985e-02  1.02111108e+00 -1.13136150e-02]
 [ 4.22463708e-01  5.79214492e-01 -1.27609645e-02]
 [ 5.91606415e-02  2.80499561e-01  3.99838023e-02]
 [-2.57575192e-02 -5.38224184e-01 -1.11234143e-01]
 [ 4.23412604e-01  1.22768792e+00  4.92043789e-02]] 
lwh_diff, org - ref: 
[[-0.04114389 -0.01569474  0.00228012]
 [-0.04114389 -0.01569474  0.00228012]
 [-0.04114389 -0.01569474  0.00228012]
 [-0.04114389 -0.01569474  0.00228012]
 [-0.04114389 -0.01569474  0.00228012]
 [-0.04114389 -0.01569474  0.00228012]
 [-0.04114389 -0.01569474  0.00228012]
 [-0.04114389 -0.01569474  0.00228012]
 [-0.04114389 -0.01569474  0.00228012]
 [-0.04114389 -0.01569474  0.00228012]
 [-0.04114389 -0.01569474  0.00228012]
 [-0.04114389 -0.01569474  0.00228012]
 [-0.04114389 -0.01569474  0.00228012]
 [-0.04114389 -0.01569474  0.00228012]
 [-0.04114389 -0.01569474  0.00228012]
 [-0.04114389 -0.01569474  0.00228012]
 [-0.04114389 -0.01569474  0.00228012]
 [-0.04114389 -0.01569474  0.00228012]] 
socre, org, ref: 
[[1.0292617e-01 6.8091704e-06]
 [9.2924632e-02 1.8483456e-06]
 [9.9231936e-02 3.5467499e-06]
 [4.3780807e-02 5.8262623e-05]
 [4.3780807e-02 1.2700322e-05]
 [4.3780807e-02 3.4925677e-05]
 [4.3780807e-02 5.8262623e-05]
 [6.0424671e-02 4.8517136e-06]
 [9.0450794e-02 2.0780136e-04]
 [6.0587797e-02 4.4484441e-06]
 [6.0587797e-02 3.9090504e-05]
 [6.0587797e-02 5.1331841e-05]
 [6.0587797e-02 5.1331841e-05]
 [3.7645001e-02 2.7510599e-05]
 [8.6147457e-02 2.1646874e-05]
 [8.6147457e-02 4.7081030e-05]
 [6.0873870e-02 5.1434099e-06]
 [8.2661517e-02 2.8021193e-05]] 
obj_id: 560 =============
xyz_diff, org - ref: 
[[-1.97563315e-01  8.88142151e+00  2.22902223e-01]
 [-1.88414899e-01  1.40705515e+01  3.87946064e-01]
 [ 3.25979864e-01 -3.45379494e+00 -1.44489033e-02]
 [ 3.51844403e-01 -2.78115432e+00  4.03928764e-02]
 [ 1.67572936e-01 -1.90016297e+00 -4.49862045e-02]
 [-4.92130513e-01  1.50281490e+01  4.50360139e-01]
 [-4.92130513e-01  1.50281490e+01  4.50360139e-01]
 [ 1.85252996e-01 -4.39180655e+00  3.98911275e-02]
 [ 1.00269111e-01  6.27820825e+00  2.73463431e-01]
 [ 1.00118286e-01 -2.45196071e-02 -5.64424536e-02]
 [ 1.83105916e-01  7.32487709e+00  2.74461554e-01]
 [ 1.91574252e-01  6.07572634e+00  3.27666936e-01]
 [ 4.91536413e-01 -2.50920738e+00  3.36529441e-02]
 [ 5.29788028e-01 -3.56473587e+00  1.30809122e-01]
 [ 1.56392745e-01  6.62476478e+00  3.39817907e-01]
 [ 2.51159904e-01  6.63248869e+00  2.72983029e-01]
 [-1.68757551e-01  9.67162921e+00  5.32019650e-01]] 
lwh_diff, org - ref: 
[[ 0.07139492 -0.07588482  0.04173827]
 [ 0.07139492 -0.07588482  0.04173827]
 [ 0.07139492 -0.07588482  0.04173827]
 [ 0.07139492 -0.07588482  0.04173827]
 [ 0.07139492 -0.07588482  0.04173827]
 [ 0.07139492 -0.07588482  0.04173827]
 [ 0.07139492 -0.07588482  0.04173827]
 [ 0.07139492 -0.07588482  0.04173827]
 [ 0.03930807 -0.12849891  0.0999999 ]
 [-0.01305723 -0.18021524 -0.00035119]
 [ 0.17055178 -0.07963634  0.06722295]
 [ 0.17055178 -0.07963634  0.06722295]
 [ 0.17055178 -0.07963634  0.06722295]
 [ 0.17055178 -0.07963634  0.06722295]
 [ 0.17055178 -0.07963634  0.06722295]
 [ 0.18109846 -0.06928325  0.08496141]
 [ 0.18109846 -0.06928325  0.08496141]] 
socre, org, ref: 
[[8.6966559e-02 5.9274724e-05]
 [8.2881354e-02 2.0826941e-05]
 [4.7524516e-02 1.7033864e-05]
 [1.2577717e-01 6.3512803e-06]
 [5.9826758e-02 4.4029934e-05]
 [5.9826758e-02 5.4192784e-05]
 [5.9826758e-02 5.4192784e-05]
 [4.8595376e-02 7.8703524e-06]
 [1.6118947e-01 2.4848363e-05]
 [1.0984838e-01 1.3785940e-04]
 [1.0993148e-01 1.4551194e-05]
 [1.0993148e-01 3.3016953e-05]
 [3.5460599e-02 1.0453243e-05]
 [3.5460599e-02 9.0897902e-06]
 [9.4581492e-02 3.3926965e-05]
 [1.0182995e-01 3.5150047e-06]
 [4.9913161e-02 3.8794726e-05]] 
obj_id: 419 =============
xyz_diff, org - ref: 
[[-2.24483579e-01  1.51071957e+01  4.17840281e-01]
 [ 3.58011595e-02 -2.87740811e+00  8.41886838e-02]
 [ 2.43306510e-01 -1.20142149e+01 -1.03782860e-01]
 [ 4.19051903e-03 -1.14608652e+00  1.02408850e-01]
 [-2.56791832e-01  1.00735147e+01  2.50618834e-01]
 [-1.72429272e-01  7.29760017e+00  2.13075339e-01]
 [-4.94433059e-01  1.65813340e+01  4.34782796e-01]
 [-5.79469321e-01  2.36347988e+01  6.12768250e-01]
 [ 9.97992543e-02  2.06967780e+00  2.19760999e-01]
 [-6.34594864e-02 -5.06673334e+00  1.81506964e-01]
 [-4.84712908e-01  5.73757438e+01  1.72080770e+00]
 [-1.32792037e+00 -5.94400988e+01 -1.30757533e+00]
 [-1.59033733e+00 -5.01362634e+01 -1.00103937e+00]
 [-9.02462686e-02 -1.88520645e+01 -1.47861461e-01]
 [-7.88085323e-01 -4.09833136e+01 -9.36581476e-01]
 [ 1.69587570e-02 -7.20346278e-02 -6.16841891e-02]
 [ 5.06489381e-01 -2.23322507e+01 -6.55094817e-01]
 [ 7.32835560e-02 -1.62487501e+00  2.23746296e-02]
 [ 5.54708818e-01 -4.94737563e+01 -1.33167260e+00]
 [-7.81089056e-02 -1.73295156e+01 -5.75037663e-01]
 [ 1.85013964e-01 -4.55293164e+00 -1.75939885e-01]
 [-1.58129357e-01  5.77461039e+00  1.73069590e-01]
 [-1.58129357e-01  5.77461039e+00  1.73069590e-01]
 [-1.58129357e-01  5.77461039e+00  1.73069590e-01]
 [-2.83723347e-01  1.04757401e+01  3.14984306e-01]] 
lwh_diff, org - ref: 
[[ 0.14745522  0.06857681  0.20430875]
 [ 0.14745522  0.06857681  0.20430875]
 [ 0.14745522  0.06857681  0.20430875]
 [ 0.14745522  0.06857681  0.20430875]
 [ 0.14745522  0.06857681  0.20430875]
 [ 0.14745522  0.06857681  0.20430875]
 [ 0.14745522  0.06857681  0.20430875]
 [ 0.14745522  0.06857681  0.20430875]
 [-0.06357098 -0.02672625  0.23291135]
 [-0.06357098 -0.02672625  0.23291135]
 [ 0.18686962  0.0391984   0.17414653]
 [ 0.18686962  0.0391984   0.17414653]
 [ 0.18686962  0.0391984   0.17414653]
 [ 0.18686962  0.0391984   0.17414653]
 [ 0.18686962  0.0391984   0.17414653]
 [-0.02706718  0.03804016  0.02150106]
 [-0.02706718  0.03804016  0.02150106]
 [-0.02706718  0.03804016  0.02150106]
 [-0.02706718  0.03804016  0.02150106]
 [-0.02706718  0.03804016  0.02150106]
 [-0.02706718  0.03804016  0.02150106]
 [-0.02706718  0.03804016  0.02150106]
 [-0.02706718  0.03804016  0.02150106]
 [-0.02706718  0.03804016  0.02150106]
 [-0.02706718  0.03804016  0.02150106]] 
socre, org, ref: 
[[4.2346793e-01 1.6692847e-03]
 [4.2346793e-01 1.3944781e-03]
 [4.2346793e-01 1.4038401e-03]
 [4.2346793e-01 2.2983439e-03]
 [4.2346793e-01 8.7988481e-04]
 [4.2346793e-01 1.1123966e-03]
 [4.2346793e-01 6.8229955e-04]
 [4.2346793e-01 6.7672407e-04]
 [1.9689806e-01 7.7646202e-04]
 [1.9689806e-01 3.1294118e-04]
 [1.1769205e-01 2.1583547e-03]
 [1.1769205e-01 5.7984790e-04]
 [1.1769205e-01 1.0868122e-04]
 [1.1769205e-01 3.0617233e-04]
 [1.1769205e-01 6.9560570e-04]
 [5.5740333e-01 1.4580426e-01]
 [5.5740333e-01 1.2867621e-03]
 [5.5740333e-01 5.0063501e-03]
 [5.5740333e-01 1.4728634e-04]
 [5.5740333e-01 1.0937937e-03]
 [5.5740333e-01 6.4563117e-04]
 [5.5740333e-01 4.3298649e-03]
 [5.5740333e-01 4.3298649e-03]
 [5.5740333e-01 4.3298649e-03]
 [4.6361912e-02 1.1418947e-05]] 
obj_id: 555 =============
xyz_diff, org - ref: 
[[ 7.28115025e-01  1.81412763e+01  5.35790018e-01]
 [ 5.04840356e-01  1.50499205e+01  3.38606018e-01]
 [ 4.25413584e-02 -3.98138552e-01  8.11388856e-03]
 [ 7.40000849e-01  1.96683983e+01  5.72586944e-01]
 [ 7.40000849e-01  1.96683983e+01  5.72586944e-01]
 [ 7.40000849e-01  1.96683983e+01  5.72586944e-01]
 [ 7.40000849e-01  1.96683983e+01  5.72586944e-01]
 [ 7.40000849e-01  1.96683983e+01  5.72586944e-01]
 [ 7.40000849e-01  1.96683983e+01  5.72586944e-01]
 [ 7.40000849e-01  1.96683983e+01  5.72586944e-01]
 [ 7.40000849e-01  1.96683983e+01  5.72586944e-01]
 [ 7.40000849e-01  1.96683983e+01  5.72586944e-01]
 [-6.50359939e-02 -3.15451084e-02  7.50148331e-02]
 [ 7.96134533e-01  6.29539696e+01  1.48826704e+00]
 [ 7.96134533e-01  6.29539696e+01  1.48826704e+00]
 [ 7.96134533e-01  6.29539696e+01  1.48826704e+00]
 [ 7.96134533e-01  6.29539696e+01  1.48826704e+00]
 [ 8.53306747e-01  3.47223589e+01  3.12477380e-01]
 [ 7.96134533e-01  6.29539696e+01  1.48826704e+00]
 [ 7.96134533e-01  6.29539696e+01  1.48826704e+00]
 [ 7.96134533e-01  6.29539696e+01  1.48826704e+00]
 [ 7.96123519e-01  6.29549812e+01  1.48830332e+00]] 
lwh_diff, org - ref: 
[[-0.14238644  0.02035379 -0.08619606]
 [-0.14238644  0.02035379 -0.08619606]
 [-0.14238644  0.02035379 -0.08619606]
 [-0.14238644  0.02035379 -0.08619606]
 [-0.14238644  0.02035379 -0.08619606]
 [-0.14238644  0.02035379 -0.08619606]
 [-0.14238644  0.02035379 -0.08619606]
 [-0.14238644  0.02035379 -0.08619606]
 [-0.14238644  0.02035379 -0.08619606]
 [-0.14238644  0.02035379 -0.08619606]
 [-0.14238644  0.02035379 -0.08619606]
 [-0.14238644  0.02035379 -0.08619606]
 [-0.48038292 -0.04721618 -0.17195582]
 [-0.48038292 -0.04721618 -0.17195582]
 [-0.48038292 -0.04721618 -0.17195582]
 [-0.48038292 -0.04721618 -0.17195582]
 [-0.48038292 -0.04721618 -0.17195582]
 [-0.48038292 -0.04721618 -0.17195582]
 [-0.48038292 -0.04721618 -0.17195582]
 [-0.48038292 -0.04721618 -0.17195582]
 [-0.48038292 -0.04721618 -0.17195582]
 [-0.48038292 -0.04721618 -0.17195582]] 
socre, org, ref: 
[[0.05438937 0.00491037]
 [0.4698491  0.01175645]
 [0.4698491  0.23898746]
 [0.0639391  0.0049771 ]
 [0.0639391  0.0049771 ]
 [0.0639391  0.0049771 ]
 [0.0639391  0.0049771 ]
 [0.0639391  0.0049771 ]
 [0.0639391  0.0049771 ]
 [0.0639391  0.0049771 ]
 [0.0639391  0.0049771 ]
 [0.0639391  0.0049771 ]
 [0.38135758 0.02985517]
 [0.0521908  0.00086121]
 [0.0521908  0.00086121]
 [0.0521908  0.00086121]
 [0.0521908  0.00086121]
 [0.0521908  0.00098324]
 [0.0521908  0.00086121]
 [0.0521908  0.00086121]
 [0.0521908  0.00086121]
 [0.05216869 0.00086115]] 
obj_id: 421 =============
xyz_diff, org - ref: 
[[-3.64452030e-01 -6.60187049e+01 -2.29292928e+00]
 [ 1.33476601e+00 -5.54520735e+01 -8.81580314e-01]
 [ 1.33476601e+00 -5.54520735e+01 -8.81580314e-01]
 [ 1.33476601e+00 -5.54520735e+01 -8.81580314e-01]
 [ 1.33476601e+00 -5.54520735e+01 -8.81580314e-01]
 [ 1.33476601e+00 -5.54520735e+01 -8.81580314e-01]
 [ 1.33476601e+00 -5.54520735e+01 -8.81580314e-01]
 [ 1.33476601e+00 -5.54520735e+01 -8.81580314e-01]
 [ 2.35572529e+00 -1.00404330e+02 -2.03060224e+00]
 [ 1.33476601e+00 -5.54520735e+01 -8.81580314e-01]
 [ 3.15791465e+00 -6.56711980e+01 -1.11105560e+00]
 [ 1.33476601e+00 -5.54520735e+01 -8.81580314e-01]
 [ 1.33476601e+00 -5.54520735e+01 -8.81580314e-01]
 [ 1.33476601e+00 -5.54520735e+01 -8.81580314e-01]
 [ 1.33476601e+00 -5.54520735e+01 -8.81580314e-01]
 [ 1.33476601e+00 -5.54520735e+01 -8.81580314e-01]
 [ 4.95947062e-01 -3.87986176e+01  2.30777955e-02]
 [ 1.33476601e+00 -5.54520735e+01 -8.81580314e-01]
 [ 1.33476601e+00 -5.54520735e+01 -8.81580314e-01]
 [ 2.48959631e-01 -1.38260044e+01 -1.60202093e-01]
 [ 1.33476601e+00 -5.54520735e+01 -8.81580314e-01]
 [ 3.80949381e-01 -3.99418159e+01 -1.46617991e-01]
 [ 1.33476601e+00 -5.54520735e+01 -8.81580314e-01]
 [ 6.90151669e-01 -8.01014402e+00  2.02188351e-01]
 [ 6.91859852e-01 -7.98678439e+00  2.02363644e-01]
 [ 6.91859852e-01 -7.98678439e+00  2.02363644e-01]
 [ 4.63002463e-01 -8.52480442e+00 -1.71950909e-02]
 [ 6.91859852e-01 -7.98678439e+00  2.02363644e-01]
 [ 6.96293021e-01 -7.93245407e+00  2.02629755e-01]
 [ 7.10762361e-01 -8.11544850e+00  1.97616096e-01]] 
lwh_diff, org - ref: 
[[0.04559469 0.07469869 0.09288013]
 [0.04559469 0.07469869 0.09288013]
 [0.04559469 0.07469869 0.09288013]
 [0.04559469 0.07469869 0.09288013]
 [0.04559469 0.07469869 0.09288013]
 [0.04559469 0.07469869 0.09288013]
 [0.04559469 0.07469869 0.09288013]
 [0.04559469 0.07469869 0.09288013]
 [0.04559469 0.07469869 0.09288013]
 [0.04559469 0.07469869 0.09288013]
 [0.04559469 0.07469869 0.09288013]
 [0.04559469 0.07469869 0.09288013]
 [0.04559469 0.07469869 0.09288013]
 [0.04559469 0.07469869 0.09288013]
 [0.04559469 0.07469869 0.09288013]
 [0.04559469 0.07469869 0.09288013]
 [0.04559469 0.07469869 0.09288013]
 [0.04559469 0.07469869 0.09288013]
 [0.04559469 0.07469869 0.09288013]
 [0.04559469 0.07469869 0.09288013]
 [0.04559469 0.07469869 0.09288013]
 [0.04559469 0.07469869 0.09288013]
 [0.04559469 0.07469869 0.09288013]
 [0.04559469 0.07469869 0.09288013]
 [0.04559469 0.07469869 0.09288013]
 [0.04559469 0.07469869 0.09288013]
 [0.04559469 0.07469869 0.09288013]
 [0.04559469 0.07469869 0.09288013]
 [0.04559469 0.07469869 0.09288013]
 [0.04559469 0.07469869 0.09288013]] 
socre, org, ref: 
[[2.59303719e-01 3.41093946e-05]
 [2.59303719e-01 1.86987927e-05]
 [2.59303719e-01 1.86987927e-05]
 [2.59303719e-01 1.86987927e-05]
 [2.59303719e-01 1.86987927e-05]
 [2.59303719e-01 1.86987927e-05]
 [2.59303719e-01 1.86987927e-05]
 [2.59303719e-01 1.86987927e-05]
 [2.59303719e-01 1.03622826e-03]
 [2.59303719e-01 1.86987927e-05]
 [2.59303719e-01 6.69297529e-04]
 [2.59303719e-01 1.86987927e-05]
 [2.59303719e-01 1.86987927e-05]
 [2.59303719e-01 1.86987927e-05]
 [2.59303719e-01 1.86987927e-05]
 [2.59303719e-01 1.86987927e-05]
 [2.59303719e-01 1.17039250e-04]
 [2.59303719e-01 1.86987927e-05]
 [2.59303719e-01 1.86987927e-05]
 [2.59303719e-01 1.10972246e-06]
 [2.59303719e-01 1.86987927e-05]
 [2.59303719e-01 1.21518424e-04]
 [2.59303719e-01 1.86987927e-05]
 [3.14287618e-02 1.88646209e-05]
 [3.19977775e-02 1.86975885e-05]
 [3.19977775e-02 1.86975885e-05]
 [3.19977775e-02 4.62101493e-03]
 [3.19977775e-02 1.86975885e-05]
 [3.34774442e-02 1.82786589e-05]
 [3.44715901e-02 1.80221414e-05]] 
obj_id: 425 =============
xyz_diff, org - ref: 
[[-4.75119011e-02  6.43179771e-02 -2.16571445e-02]
 [ 6.72394512e-03 -1.92593148e-01  5.53218729e-02]
 [ 5.26140687e-02 -3.28282276e+00  4.28478648e-02]
 [ 5.32497347e-03  8.58127705e-02  4.14736359e-02]
 [-4.08387110e-02  1.07049915e-01  3.18378953e-02]
 [ 2.87258749e-02 -3.32945587e+00  1.18628863e-01]
 [-2.18371563e-01 -7.97178096e+00 -6.66324209e-02]
 [ 4.91158050e-02 -3.93405002e+00  1.73312722e-02]
 [ 1.14044169e-01  4.24249644e+00  6.59168298e-02]
 [-1.50240035e-02  6.12198162e-01 -7.83614435e-03]
 [-1.04995114e-01  1.48228665e+00  1.12766533e-02]
 [-7.32670898e-02  7.84447416e-01  6.12208151e-02]
 [ 1.80750723e-01  4.53078320e+00  3.44275774e-02]
 [-9.09898858e-03 -9.35493301e-01 -1.24061843e-02]
 [ 2.63916210e-01  1.45759225e+00  3.98674378e-02]] 
lwh_diff, org - ref: 
[[-0.18592119 -0.10629797  0.08995247]
 [-0.12392616 -0.08163285  0.07516813]
 [-0.12392616 -0.08163285  0.07516813]
 [-0.16814518 -0.0666883   0.08039248]
 [-0.18361664 -0.05362892  0.11033976]
 [-0.18361664 -0.05362892  0.11033976]
 [-0.18361664 -0.05362892  0.11033976]
 [-0.18361664 -0.05362892  0.11033976]
 [-0.3272872  -0.19223762  0.09755027]
 [-0.19677448 -0.1118449   0.01904702]
 [-0.05168438 -0.08694506  0.10321534]
 [-0.05168438 -0.08694506  0.10321534]
 [-0.05168438 -0.08694506  0.10321534]
 [-0.05168438 -0.08694506  0.10321534]
 [-0.05168438 -0.08694506  0.10321534]] 
socre, org, ref: 
[[1.02846101e-01 2.65771359e-06]
 [1.13043562e-01 7.77758687e-05]
 [6.44122958e-02 5.69307167e-06]
 [1.22337215e-01 4.34137110e-05]
 [1.32727534e-01 7.62017880e-05]
 [1.32727534e-01 3.43841930e-05]
 [1.32727534e-01 6.89732478e-05]
 [4.26885076e-02 1.41610208e-05]
 [1.15151666e-01 1.00250918e-05]
 [1.17969230e-01 5.99193572e-06]
 [1.32577732e-01 8.04206934e-07]
 [4.00536284e-02 1.69775685e-05]
 [4.00536284e-02 2.25569556e-06]
 [4.00536284e-02 9.94529273e-06]
 [8.90066400e-02 8.74555644e-06]] 
obj_id: 968 =============
xyz_diff, org - ref: 
[[ 2.50668727e-01  6.33551268e+00 -1.67698415e-01]
 [-1.44696816e-01 -2.31754189e+01 -5.46246697e-01]
 [ 8.18407240e-01 -1.56862077e+01 -2.99768562e-01]
 [ 1.06864142e+00 -1.02232171e+01 -2.47313654e-01]
 [ 1.07267514e+00  2.40762083e+00  3.01792565e-02]
 [ 1.06864142e+00 -1.02232171e+01 -2.47313654e-01]
 [ 1.28560182e-01  1.21058897e-02 -3.19526207e-02]
 [ 5.29057472e-01 -2.56503677e+00  5.80576242e-03]
 [ 1.75434289e-01 -7.73652597e+00 -1.17704752e-01]
 [ 2.82499018e-01 -6.49901077e-01 -2.04404127e-01]
 [ 1.06864142e+00 -1.02232171e+01 -2.47313654e-01]
 [ 1.06864142e+00 -1.02232171e+01 -2.47313654e-01]
 [ 1.21196357e+00  1.07257880e+00  2.35789680e-01]
 [ 3.09063774e-01  1.03341860e+01  9.82093766e-03]
 [ 1.06864142e+00 -1.02232171e+01 -2.47313654e-01]
 [ 1.85490054e-01 -2.90314909e+01 -7.87900919e-01]
 [ 7.83767856e-01  1.73674547e+00  1.13453809e-01]
 [-2.14663718e-02 -4.91340946e+00 -2.09598422e-01]
 [ 1.19014399e+00  1.65984056e+01  5.89562876e-01]] 
lwh_diff, org - ref: 
[[-0.37817049 -0.06905389 -0.04344416]
 [-0.37817049 -0.06905389 -0.04344416]
 [-0.37817049 -0.06905389 -0.04344416]
 [-0.37817049 -0.06905389 -0.04344416]
 [-0.37817049 -0.06905389 -0.04344416]
 [-0.37817049 -0.06905389 -0.04344416]
 [-0.37817049 -0.06905389 -0.04344416]
 [-0.37817049 -0.06905389 -0.04344416]
 [-0.37817049 -0.06905389 -0.04344416]
 [-0.37817049 -0.06905389 -0.04344416]
 [-0.37817049 -0.06905389 -0.04344416]
 [-0.37817049 -0.06905389 -0.04344416]
 [-0.37817049 -0.06905389 -0.04344416]
 [-0.37817049 -0.06905389 -0.04344416]
 [-0.37817049 -0.06905389 -0.04344416]
 [-0.37817049 -0.06905389 -0.04344416]
 [-0.37817049 -0.06905389 -0.04344416]
 [-0.37817049 -0.06905389 -0.04344416]
 [-0.39947224 -0.10095739 -0.01520824]] 
socre, org, ref: 
[[9.51568857e-02 3.94754079e-06]
 [1.12038746e-01 1.11776462e-05]
 [1.12038746e-01 5.46001284e-05]
 [1.12038746e-01 9.59005265e-04]
 [1.12038746e-01 9.49838432e-06]
 [1.12038746e-01 9.59005265e-04]
 [1.12038746e-01 1.97401914e-05]
 [1.12038746e-01 5.31607948e-05]
 [1.12038746e-01 6.02436967e-06]
 [1.12038746e-01 2.96260805e-05]
 [1.12038746e-01 9.59005265e-04]
 [1.12038746e-01 9.59005265e-04]
 [1.12038746e-01 1.38603912e-06]
 [1.12038746e-01 3.33944809e-06]
 [1.12038746e-01 9.59005265e-04]
 [8.38623568e-02 2.28251331e-04]
 [8.38623568e-02 8.64677077e-06]
 [3.66138630e-02 1.48134654e-06]
 [1.06745735e-01 5.96952668e-05]] 
obj_id: 483 =============
xyz_diff, org - ref: 
[[ 1.60175995e-02 -1.14564635e-02 -3.45720306e-02]
 [ 1.13836684e+00  2.41992270e+01  5.64399374e-01]
 [ 1.13836684e+00  2.41992270e+01  5.64399374e-01]
 [-2.09355452e-02  5.49344623e+00  4.00758351e-01]
 [ 1.70594496e+00  2.36684925e+01  1.24989463e+00]
 [ 1.70594496e+00  2.36684925e+01  1.24989463e+00]
 [ 1.70594496e+00  2.36684925e+01  1.24989463e+00]
 [ 1.70594496e+00  2.36684925e+01  1.24989463e+00]
 [ 1.70594496e+00  2.36684925e+01  1.24989463e+00]
 [ 1.70594496e+00  2.36684925e+01  1.24989463e+00]
 [ 9.52736429e-01 -1.59298036e+00  7.72273237e-01]
 [ 1.70594496e+00  2.36684925e+01  1.24989463e+00]
 [ 1.70594496e+00  2.36684925e+01  1.24989463e+00]
 [-5.00034681e-03 -2.80374485e-02 -7.23064187e-03]
 [-3.31545766e-01 -3.88777828e+00 -4.78544505e-01]
 [ 1.31784890e+00  1.84656577e+01 -2.40537137e-01]
 [ 9.13594070e-01  1.08384188e+01 -3.68644928e-01]
 [ 1.37187788e+00  2.87161912e+01  8.35718303e-01]
 [-1.73091151e+00 -2.33537813e+01 -5.63327160e-01]
 [-1.95455050e+00 -3.92521878e+01 -2.39917677e-01]] 
lwh_diff, org - ref: 
[[-0.21707058 -0.02824354 -0.04061258]
 [-0.21707058 -0.02824354 -0.04061258]
 [-0.21707058 -0.02824354 -0.04061258]
 [ 0.0765605  -0.00233388  0.11494434]
 [ 0.0765605  -0.00233388  0.11494434]
 [ 0.0765605  -0.00233388  0.11494434]
 [ 0.0765605  -0.00233388  0.11494434]
 [ 0.0765605  -0.00233388  0.11494434]
 [ 0.0765605  -0.00233388  0.11494434]
 [ 0.0765605  -0.00233388  0.11494434]
 [ 0.0765605  -0.00233388  0.11494434]
 [ 0.0765605  -0.00233388  0.11494434]
 [ 0.0765605  -0.00233388  0.11494434]
 [ 0.01283979  0.0269444   0.09915078]
 [ 0.01283979  0.0269444   0.09915078]
 [ 0.01283979  0.0269444   0.09915078]
 [ 0.01283979  0.0269444   0.09915078]
 [ 0.01283979  0.0269444   0.09915078]
 [ 0.01283979  0.0269444   0.09915078]
 [-0.02379274  0.05386114  0.30454922]] 
socre, org, ref: 
[[4.7513735e-01 2.5085765e-01]
 [4.7513735e-01 7.3605157e-03]
 [4.7513735e-01 7.3605157e-03]
 [3.6446941e-01 1.1758003e-01]
 [3.6715582e-02 1.1262730e-03]
 [3.6715582e-02 1.1262730e-03]
 [3.6715582e-02 1.1262730e-03]
 [3.6715582e-02 1.1262730e-03]
 [3.6715582e-02 1.1262730e-03]
 [3.6715582e-02 1.1262730e-03]
 [3.6715582e-02 3.1221225e-03]
 [3.6715582e-02 1.1262730e-03]
 [3.6715582e-02 1.1262730e-03]
 [4.6168318e-01 9.0539649e-02]
 [4.6168318e-01 1.9958552e-03]
 [4.6168318e-01 5.1225611e-04]
 [4.6168318e-01 2.9582152e-04]
 [4.6168318e-01 9.5616682e-03]
 [4.6168318e-01 1.8388088e-03]
 [5.3493619e-01 2.2246353e-02]] 
obj_id: 488 =============
xyz_diff, org - ref: 
[[-6.42962308e-02  8.46187374e+00  3.59588094e-01]
 [ 1.65155155e-01  4.40862024e-01  1.02054026e-01]
 [ 1.56323948e-01  4.89948137e-01  6.59857928e-02]
 [ 7.42283453e-02  3.48582318e+01  1.33532202e+00]
 [-9.92963782e-01  2.41825945e+01  8.53512974e-01]
 [ 6.62990439e-03  3.60746959e+01  1.37138366e+00]
 [-1.27640161e+00  2.75809844e+01  6.92769663e-01]
 [ 1.45086290e-01  3.79369377e+00  3.02991525e-01]
 [ 8.28981164e-02  1.04605654e+01  4.79372097e-01]
 [-7.70163175e-03  4.52612865e+00 -1.04553622e-01]
 [ 2.78977284e-01  1.84040009e+00 -1.47320667e-02]
 [ 8.07292878e-01 -8.10477309e+00 -6.69239867e-01]
 [-2.15307416e-03  5.10726265e+00  1.74076881e-01]
 [ 2.04283598e-02  4.66732570e+00 -1.17928002e-01]
 [-3.48488860e-01  9.49326708e+00  6.32226678e-02]
 [ 3.98165120e-01 -1.06732344e+01 -4.49759142e-01]
 [-7.23751292e-02  7.40555778e+00  1.21490860e-01]
 [ 1.23392433e+00 -1.21794994e+01 -9.83219242e-01]
 [ 2.42359870e-01  8.53060121e+00  2.95868114e-01]
 [-7.39835386e-01  7.55472865e+00  3.85005524e-01]
 [-1.13327443e-01 -8.50606827e-01 -2.94211977e-01]
 [-3.87183227e-01  3.46177664e+00  1.03543491e-01]
 [ 4.13029298e-01 -5.54428910e-01  9.55675563e-02]] 
lwh_diff, org - ref: 
[[ 0.19312859  0.01989031  0.24179399]
 [ 0.19312859  0.01989031  0.24179399]
 [ 0.19312859  0.01989031  0.24179399]
 [ 0.19312859  0.01989031  0.24179399]
 [ 0.19312859  0.01989031  0.24179399]
 [ 0.19312859  0.01989031  0.24179399]
 [ 0.19312859  0.01989031  0.24179399]
 [ 0.19312859  0.01989031  0.24179399]
 [ 0.19312859  0.01989031  0.24179399]
 [ 0.07982445 -0.00165153  0.12618816]
 [ 0.07982445 -0.00165153  0.12618816]
 [ 0.07982445 -0.00165153  0.12618816]
 [ 0.07982445 -0.00165153  0.12618816]
 [ 0.07982445 -0.00165153  0.12618816]
 [ 0.07982445 -0.00165153  0.12618816]
 [ 0.07982445 -0.00165153  0.12618816]
 [ 0.07982445 -0.00165153  0.12618816]
 [ 0.07982445 -0.00165153  0.12618816]
 [ 0.17423105 -0.0037992   0.23381531]
 [ 0.17423105 -0.0037992   0.23381531]
 [ 0.17423105 -0.0037992   0.23381531]
 [ 0.17423105 -0.0037992   0.23381531]
 [ 0.17423105 -0.0037992   0.23381531]] 
socre, org, ref: 
[[1.09010547e-01 4.78647344e-05]
 [9.10445154e-02 2.13145092e-03]
 [9.17727500e-02 5.70258358e-04]
 [6.81532025e-02 4.94238411e-05]
 [3.93380299e-02 2.25609856e-05]
 [3.93380299e-02 4.67756981e-05]
 [3.93380299e-02 4.34741105e-06]
 [9.85214338e-02 5.45697112e-05]
 [8.59168693e-02 1.59917283e-04]
 [1.05142273e-01 7.65882432e-03]
 [4.36915793e-02 1.02272024e-04]
 [5.80837317e-02 1.66934224e-05]
 [8.19007903e-02 1.25689676e-05]
 [8.02702606e-02 4.10563021e-04]
 [9.07715634e-02 6.23525120e-05]
 [9.14674699e-02 8.42768713e-06]
 [5.31923175e-02 4.94137530e-05]
 [3.71143259e-02 1.30664030e-05]
 [1.10260606e-01 2.53029020e-06]
 [4.75860499e-02 2.80474378e-05]
 [4.75860499e-02 4.36641822e-05]
 [4.75860499e-02 6.80186213e-06]
 [9.09810662e-02 1.15395335e-06]] 
obj_id: 561 =============
xyz_diff, org - ref: 
[[ 6.62646125e-02 -3.91908851e-02  2.31752272e-02]
 [ 1.17940445e-01 -5.46329103e-02  2.23610125e-02]
 [-2.05753320e-01 -4.54978818e+00 -6.95160872e-02]
 [ 2.19800324e-02 -1.64635617e-02  1.10399050e-02]
 [ 3.12616544e-02 -7.96977276e-01  1.05033026e-02]
 [-4.51757439e-01 -5.56046860e+00 -8.84005173e-02]
 [ 4.35243623e-02 -3.09759424e+00 -3.56446111e-02]
 [ 2.43288588e-02 -9.43188123e-02  1.18526633e-02]
 [ 5.36426460e-02 -5.19212540e-02  1.42751111e-02]
 [ 1.04416580e-01  5.12909792e-02  3.31564689e-03]
 [ 2.23301213e-02 -1.98318634e+00  4.66565378e-02]
 [-4.07062035e-01 -1.44532776e+01 -1.46238953e-01]
 [ 3.32410536e-01 -5.00762662e+00 -7.17204941e-03]
 [ 8.48260855e-02 -1.16336064e+00  2.16881738e-02]
 [-1.03246774e-01 -6.33165782e+00 -1.86107962e-02]
 [ 1.06501372e-02  7.66749921e-01 -9.03229213e-03]
 [-1.94101106e-01 -6.63759151e+00 -4.07255975e-02]
 [ 1.19398031e-02 -5.29011277e-01  3.35682425e-02]
 [-1.37975699e-01 -5.95117441e+00 -4.40052330e-02]
 [-7.29812944e-01 -1.36418503e+01 -1.97659957e-01]
 [-2.33109323e-01 -6.02380130e+00 -6.27543576e-02]] 
lwh_diff, org - ref: 
[[-0.09009504 -0.11092293 -0.016101  ]
 [-0.09009504 -0.11092293 -0.016101  ]
 [-0.09009504 -0.11092293 -0.016101  ]
 [-0.0927434  -0.05151606 -0.03206897]
 [-0.0927434  -0.05151606 -0.03206897]
 [-0.0927434  -0.05151606 -0.03206897]
 [-0.0927434  -0.05151606 -0.03206897]
 [-0.0927434  -0.05151606 -0.03206897]
 [-0.0927434  -0.05151606 -0.03206897]
 [-0.07365036 -0.09276509 -0.07156682]
 [ 0.03701973 -0.04670334  0.01275897]
 [ 0.03701973 -0.04670334  0.01275897]
 [ 0.03701973 -0.04670334  0.01275897]
 [ 0.03701973 -0.04670334  0.01275897]
 [ 0.03701973 -0.04670334  0.01275897]
 [ 0.03701973 -0.04670334  0.01275897]
 [ 0.03701973 -0.04670334  0.01275897]
 [ 0.03701973 -0.04670334  0.01275897]
 [ 0.03701973 -0.04670334  0.01275897]
 [ 0.03701973 -0.04670334  0.01275897]
 [ 0.03701973 -0.04670334  0.01275897]] 
socre, org, ref: 
[[7.64220804e-02 1.48768667e-02]
 [1.24409311e-01 4.44235367e-04]
 [1.24409311e-01 9.56108465e-07]
 [1.23485118e-01 3.43897799e-03]
 [7.07407892e-02 1.01496080e-04]
 [7.07407892e-02 1.10639326e-06]
 [7.07407892e-02 2.96841408e-05]
 [7.07407892e-02 3.76669166e-04]
 [7.50099048e-02 4.10485221e-03]
 [1.21970914e-01 3.85864382e-03]
 [1.19996712e-01 2.47284863e-03]
 [3.35049480e-02 4.94483975e-05]
 [8.27009976e-02 4.16529911e-05]
 [7.58340657e-02 3.43437277e-04]
 [5.20197190e-02 2.55576539e-04]
 [8.65265802e-02 2.23187417e-05]
 [8.65265802e-02 2.65827030e-03]
 [4.87837158e-02 1.58493733e-03]
 [4.87837158e-02 1.43712910e-03]
 [4.87837158e-02 5.97800245e-05]
 [6.21159002e-02 2.45731993e-04]] 
obj_id: 1014 =============
xyz_diff, org - ref: 
[[ 1.16307539e+00  1.49263039e+01  1.88080647e-01]
 [-1.88897944e-01 -4.54954448e+00 -1.45081807e-01]
 [ 1.53675677e-01  5.23212923e+00  1.58410662e-02]
 [-2.88173725e-02 -2.69657579e+00 -1.34826910e-01]
 [ 1.32237144e-01  1.74344337e+00 -4.21194046e-02]
 [ 6.44546069e-01  6.78694338e+00  8.01593264e-02]
 [ 6.58934316e-02  1.32982898e+00  4.18585739e-02]
 [ 1.73669441e-01  6.22159211e+00  3.46682319e-02]
 [ 1.13779056e-01 -1.26807846e+00 -2.11539602e-02]
 [-3.90058529e-02  1.82156742e-02 -4.07185474e-03]
 [ 6.00185850e-01  1.01636832e+01  1.20896516e-01]
 [ 8.50135301e-01  1.47054727e+01  2.12324164e-01]
 [ 1.34748525e+00  1.85025084e+01  3.79600525e-01]
 [ 9.30587357e-01  1.40771570e+01  3.80710912e-01]
 [-5.33987747e-02 -3.79564658e-01 -4.71110244e-02]
 [ 5.05294861e-01  6.45899751e+00  2.69500495e-01]
 [ 5.74025105e-01  6.18326179e+00  4.78621942e-01]
 [ 9.90736684e-01  1.18389702e+01  4.57691280e-01]
 [ 1.53900796e+00  2.23595575e+01  5.95623024e-01]
 [ 1.74056629e-01  3.92139704e+00  1.41609914e-01]
 [ 1.95475186e-01  6.13879946e+00  2.52328223e-01]] 
lwh_diff, org - ref: 
[[-0.25836658 -0.12455118 -0.00933325]
 [-0.25836658 -0.12455118 -0.00933325]
 [-0.25836658 -0.12455118 -0.00933325]
 [-0.25836658 -0.12455118 -0.00933325]
 [-0.25836658 -0.12455118 -0.00933325]
 [-0.25836658 -0.12455118 -0.00933325]
 [-0.25836658 -0.12455118 -0.00933325]
 [-0.25836658 -0.12455118 -0.00933325]
 [-0.25836658 -0.12455118 -0.00933325]
 [-0.25836658 -0.12455118 -0.00933325]
 [-0.20843267 -0.11681175  0.00957608]
 [-0.20843267 -0.11681175  0.00957608]
 [-0.20843267 -0.11681175  0.00957608]
 [-0.20843267 -0.11681175  0.00957608]
 [-0.20843267 -0.11681175  0.00957608]
 [-0.11785412 -0.12953925  0.06078148]
 [-0.11785412 -0.12953925  0.06078148]
 [-0.11785412 -0.12953925  0.06078148]
 [-0.1391716  -0.09580731  0.04710698]
 [-0.21118116 -0.047894    0.10731995]
 [-0.21118116 -0.047894    0.10731995]] 
socre, org, ref: 
[[4.46813181e-02 1.12278610e-06]
 [4.78315316e-02 3.33073149e-06]
 [4.78315316e-02 9.32677540e-06]
 [4.16844301e-02 3.53908968e-06]
 [4.16844301e-02 2.17374736e-06]
 [1.24698155e-01 1.12503358e-05]
 [1.24698155e-01 8.89657622e-06]
 [1.24698155e-01 7.12658675e-07]
 [1.24698155e-01 9.58269229e-05]
 [1.24698155e-01 1.27250759e-03]
 [1.26755223e-01 5.61426532e-06]
 [5.62144294e-02 5.00936585e-06]
 [5.62144294e-02 5.49497599e-07]
 [5.62144294e-02 1.36856388e-05]
 [9.78248864e-02 1.33407286e-06]
 [1.08649671e-01 1.95720577e-06]
 [8.39684010e-02 1.42144772e-05]
 [5.46490960e-02 1.01645339e-04]
 [1.17795072e-01 1.14440763e-05]
 [1.01428486e-01 9.94644893e-07]
 [6.62660375e-02 2.17503239e-05]] 
obj_id: 1250 =============
xyz_diff, org - ref: 
[[-3.58614598e-01 -5.50294616e+00 -5.69014190e-02]
 [-4.34707633e-03 -1.17284739e+00  7.94496244e-02]
 [-8.42454437e-02 -5.88624668e+00  6.71831483e-02]
 [-6.37444167e-01 -1.59188954e+01 -2.74430466e-01]
 [-7.03373407e-02 -5.39859914e+00 -1.03778228e-01]
 [-3.55617028e-01 -1.59630396e+01 -2.72118898e-01]
 [-5.86946802e-01 -7.69424369e+00 -5.25644937e-02]
 [-4.92807384e-01 -8.21122063e+00 -4.51070534e-02]
 [-2.87130991e-01 -1.04861313e+01 -9.19425980e-02]
 [ 1.25797372e-01  1.94655557e-02  2.84293504e-02]
 [ 1.04888941e-01 -2.32059632e+00  1.15116265e-01]
 [-6.21546797e-01 -1.46956017e+01 -3.09094441e-01]
 [-3.99829371e-01 -8.12401740e+00 -1.50206764e-01]
 [-5.84046482e-02 -9.18341795e+00 -1.32943658e-01]
 [ 1.24315976e-01  1.90999162e-03  3.97519806e-02]
 [ 1.35785284e-01  2.43124591e-01  2.96915043e-02]
 [-8.50891031e-02 -7.95268581e+00 -9.19149789e-02]
 [-5.01188953e-01 -1.24682673e+01 -3.14045973e-01]
 [-1.01365548e-01 -3.00988603e+00  7.52357895e-02]] 
lwh_diff, org - ref: 
[[ 0.06596947 -0.07919478 -0.04397166]
 [ 0.06596947 -0.07919478 -0.04397166]
 [ 0.06596947 -0.07919478 -0.04397166]
 [ 0.06596947 -0.07919478 -0.04397166]
 [ 0.06596947 -0.07919478 -0.04397166]
 [ 0.06596947 -0.07919478 -0.04397166]
 [ 0.06596947 -0.07919478 -0.04397166]
 [ 0.06596947 -0.07919478 -0.04397166]
 [ 0.06596947 -0.07919478 -0.04397166]
 [ 0.06596947 -0.07919478 -0.04397166]
 [ 0.06596947 -0.07919478 -0.04397166]
 [ 0.06596947 -0.07919478 -0.04397166]
 [ 0.06596947 -0.07919478 -0.04397166]
 [ 0.06596947 -0.07919478 -0.04397166]
 [ 0.06596947 -0.07919478 -0.04397166]
 [ 0.22017384 -0.07194495 -0.00611806]
 [ 0.22017384 -0.07194495 -0.00611806]
 [ 0.22017384 -0.07194495 -0.00611806]
 [ 0.22017384 -0.07194495 -0.00611806]] 
socre, org, ref: 
[[5.0534993e-02 5.1839241e-05]
 [5.4471724e-02 5.4009961e-05]
 [5.4471724e-02 2.5432018e-04]
 [6.8315342e-02 3.5258639e-04]
 [6.8315342e-02 4.3929947e-05]
 [6.8315342e-02 3.5320330e-04]
 [6.8315342e-02 1.0084690e-04]
 [6.8315342e-02 2.1940823e-05]
 [6.8315342e-02 4.0992185e-05]
 [1.1279379e-01 3.0939610e-04]
 [1.1279379e-01 1.8254522e-04]
 [1.1279379e-01 3.2289186e-04]
 [1.1279379e-01 2.9874179e-06]
 [1.1279379e-01 3.8408711e-05]
 [1.1279379e-01 6.2648600e-05]
 [1.2231589e-01 8.9329096e-06]
 [1.2231589e-01 3.4000416e-04]
 [4.6991494e-02 7.1993441e-04]
 [7.9198614e-02 1.0783547e-03]] 
obj_id: 691 =============
xyz_diff, org - ref: 
[[-4.83616323e-01 -1.04968352e+01 -2.50094376e-01]
 [-2.61417344e-03 -2.72165757e-03 -3.44405935e-02]
 [ 2.68254789e-02  5.00626930e-03 -2.76368844e-02]
 [ 3.33037968e-04 -4.72615270e-03 -5.44454754e-02]
 [-2.55681405e-02  4.76819270e-02 -7.90257842e-02]
 [ 1.87101304e-01 -6.16318700e+00 -1.53914674e-01]
 [ 1.87101304e-01 -6.16318700e+00 -1.53914674e-01]
 [ 4.18062965e-01 -9.63286537e+00 -2.63686548e-01]
 [ 7.21797633e-01 -2.04104522e+01 -6.10983933e-01]
 [-4.57962341e-02 -1.23176261e-02 -4.52675522e-02]
 [ 1.52790753e-01 -1.01686589e+01 -2.95805536e-01]
 [ 5.14714747e-01 -1.01118423e+01 -2.62046856e-01]
 [ 2.75850507e-01 -1.13377902e+01 -3.77700684e-01]
 [ 1.15151682e-01 -1.02227253e+01 -3.11248385e-01]
 [ 4.68573945e-01 -9.39424609e+00 -2.72479158e-01]
 [ 2.08040884e-01 -8.58438152e+00 -3.10958433e-01]
 [ 1.31800627e-01 -2.25601859e+00 -5.34972198e-02]
 [ 1.17539129e-02 -4.19343526e+00 -8.55212966e-02]
 [-1.68669669e-01 -1.12312547e+01 -3.04340758e-01]
 [ 1.51566439e-01 -1.81094267e+00 -7.38550869e-02]
 [ 1.19362391e-02 -6.00070132e-03 -4.27664867e-03]
 [-1.49836364e-01 -3.30512159e-02 -3.13630169e-02]] 
lwh_diff, org - ref: 
[[ 0.06732225 -0.13139975  0.01911819]
 [ 0.06732225 -0.13139975  0.01911819]
 [ 0.4092083  -0.09601665  0.06653535]
 [ 0.10877037 -0.13578844  0.02741516]
 [ 0.44815397 -0.06419444  0.14923477]
 [ 0.44815397 -0.06419444  0.14923477]
 [ 0.44815397 -0.06419444  0.14923477]
 [ 0.44815397 -0.06419444  0.14923477]
 [ 0.44815397 -0.06419444  0.14923477]
 [ 0.31736469 -0.11149836  0.08186305]
 [ 0.31736469 -0.11149836  0.08186305]
 [ 0.31736469 -0.11149836  0.08186305]
 [ 0.31736469 -0.11149836  0.08186305]
 [ 0.31736469 -0.11149836  0.08186305]
 [ 0.31736469 -0.11149836  0.08186305]
 [ 0.31736469 -0.11149836  0.08186305]
 [ 0.15668249 -0.13500535  0.03067482]
 [ 0.15668249 -0.13500535  0.03067482]
 [ 0.15668249 -0.13500535  0.03067482]
 [ 0.15668249 -0.13500535  0.03067482]
 [ 0.15668249 -0.13500535  0.03067482]
 [ 0.15668249 -0.13500535  0.03067482]] 
socre, org, ref: 
[[3.58097889e-02 1.95594854e-03]
 [1.02966815e-01 1.93822803e-03]
 [1.20042190e-01 5.64773986e-03]
 [1.07589461e-01 1.59732613e-03]
 [1.23225793e-01 1.16231143e-02]
 [1.23225793e-01 7.15287460e-04]
 [1.23225793e-01 7.15287460e-04]
 [1.23225793e-01 5.67788898e-04]
 [6.21334016e-02 1.47566083e-04]
 [1.48387879e-01 1.15037663e-02]
 [4.84158061e-02 4.19059361e-04]
 [5.41408695e-02 5.01659873e-04]
 [5.41408695e-02 9.45994252e-05]
 [5.62025830e-02 4.12308145e-04]
 [8.94889310e-02 1.93950546e-05]
 [7.71412775e-02 8.33302212e-04]
 [1.12848006e-01 4.21160745e-04]
 [1.12848006e-01 2.47761235e-03]
 [6.36186227e-02 5.49233053e-03]
 [6.36186227e-02 3.60216043e-04]
 [8.83519351e-02 3.48161295e-04]
 [8.56493115e-02 4.88221180e-04]] 
obj_id: 690 =============
xyz_diff, org - ref: 
[[ 1.87660317e-01 -5.97545986e+00 -2.32089399e-01]
 [ 2.56921068e-03 -7.20870843e-02 -6.85472006e-02]
 [ 2.04169850e-02  7.56752949e-04  9.18406955e-02]
 [-4.67651142e-01  6.89963510e+00  2.84271731e-01]
 [-4.67651142e-01  6.89963510e+00  2.84271731e-01]
 [ 1.11012604e-01 -1.67582382e-01  1.34915178e-01]
 [-2.71581962e-01  2.66376038e+00  1.28059385e-01]
 [-6.75665074e-02 -6.47589423e-02 -6.31342405e-02]
 [ 7.54845360e-02 -1.82881961e-01 -6.49594222e-02]
 [ 6.40571545e-01 -5.20647703e+00 -2.32026122e-01]
 [ 9.08067784e-01 -5.21847452e+00 -1.33310654e-01]
 [ 2.24225277e-01  7.59038202e-01 -6.34161310e-02]
 [ 6.15744379e-01 -9.81581231e+00 -3.81226849e-01]
 [-1.66533490e-02  2.55688894e+00  5.63358491e-02]
 [ 1.27950180e+00 -6.30847980e+00 -2.91093378e-01]
 [ 1.67676156e+00 -8.44876493e+00 -2.09185310e-01]
 [ 6.63898232e-01 -9.13981813e-01 -1.66835438e-01]
 [ 1.30807753e+00 -7.40297288e+00 -2.70898133e-01]
 [ 7.05070332e-02 -1.22429123e-01  1.28510400e-01]
 [ 2.41617958e-02 -1.38587925e-01  7.44543169e-02]] 
lwh_diff, org - ref: 
[[-0.22294331 -0.07781529 -0.03190649]
 [-0.22294331 -0.07781529 -0.03190649]
 [-0.05355024 -0.0405302   0.09712434]
 [-0.05355024 -0.0405302   0.09712434]
 [-0.05355024 -0.0405302   0.09712434]
 [-0.05355024 -0.0405302   0.09712434]
 [-0.05355024 -0.0405302   0.09712434]
 [-0.22505808 -0.04904246 -0.07186031]
 [-0.22505808 -0.04904246 -0.07186031]
 [-0.22505808 -0.04904246 -0.07186031]
 [-0.22505808 -0.04904246 -0.07186031]
 [-0.22505808 -0.04904246 -0.07186031]
 [-0.22505808 -0.04904246 -0.07186031]
 [-0.22505808 -0.04904246 -0.07186031]
 [-0.22505808 -0.04904246 -0.07186031]
 [-0.22505808 -0.04904246 -0.07186031]
 [-0.22505808 -0.04904246 -0.07186031]
 [-0.22505808 -0.04904246 -0.07186031]
 [-0.20147085 -0.01810694  0.02436388]
 [-0.20147085 -0.01810694  0.02436388]] 
socre, org, ref: 
[[8.93354565e-02 3.16564115e-06]
 [1.22781076e-01 1.16868341e-06]
 [1.09697655e-01 4.70445520e-04]
 [3.11940964e-02 5.21673201e-06]
 [3.11940964e-02 5.21673201e-06]
 [3.11940964e-02 5.04017662e-05]
 [3.11940964e-02 3.73578478e-05]
 [1.15381144e-01 5.25705107e-02]
 [8.26434195e-02 1.24835677e-03]
 [3.84100229e-02 2.68336976e-06]
 [6.35606423e-02 4.42916571e-05]
 [4.65215556e-02 5.93942896e-05]
 [8.27077851e-02 4.85264791e-05]
 [8.27077851e-02 4.41950806e-06]
 [9.21936557e-02 9.28921781e-06]
 [8.79876092e-02 6.37007179e-05]
 [8.79876092e-02 3.03968704e-06]
 [7.27136433e-02 1.14310205e-05]
 [1.27043888e-01 2.76186656e-05]
 [7.56219849e-02 5.16656000e-05]] 
obj_id: 1057 =============
xyz_diff, org - ref: 
[[ 1.16488330e+00  2.21167520e+00  2.75989986e-02]
 [ 3.27185195e-01  1.28778141e+00 -2.62662740e-02]
 [ 3.27185195e-01  1.28778141e+00 -2.62662740e-02]
 [ 3.44982073e-01 -2.88622242e+00 -1.06058444e-01]
 [ 3.27185195e-01  1.28778141e+00 -2.62662740e-02]
 [ 3.27185195e-01  1.28778141e+00 -2.62662740e-02]
 [ 1.67408786e-01 -1.55196048e+01 -3.20086900e-01]
 [-8.49767464e-01 -1.82185106e+01 -4.46367009e-01]
 [ 4.03941501e-01 -1.79511480e+01 -3.98364009e-01]
 [ 4.78169041e-02  2.56247799e-02 -2.96352636e-02]
 [-6.38598659e-01 -1.47858979e+01 -3.57423854e-01]
 [-6.35673248e-01 -1.56212580e+01 -5.95367818e-01]
 [ 2.61066612e-01 -7.35837872e+00 -1.09985043e-01]
 [ 1.21908496e-01  6.20984760e-02 -1.53040673e-05]
 [ 1.65040615e-01 -7.81452957e+00 -1.35302776e-01]
 [-9.60601237e-02  3.59145957e+00  5.21138228e-03]
 [-1.97235324e-03 -5.39372608e+00 -1.69940108e-01]
 [ 2.37847175e-01 -6.94955966e+00 -6.00935476e-02]
 [ 3.31323619e-01 -7.89934617e+00 -2.61382041e-01]
 [-1.13646894e-01 -3.21898642e+00 -4.42862762e-02]
 [-2.78408380e-01 -1.48992768e+01 -3.07987229e-01]
 [-1.58468730e-01 -8.24031570e+00 -1.87425949e-01]
 [ 1.18453633e-01  5.93158611e-02  6.47375451e-03]
 [-5.43487310e-01 -1.03383681e+01 -1.94767212e-01]
 [-1.10575234e+00 -6.54112721e+00 -3.23191201e-01]
 [ 3.04016932e-01 -1.57800041e-01  5.49204596e-02]
 [-7.75015642e-02 -2.75202733e+00 -1.08438578e-01]
 [-3.44450645e-04  9.16746796e-01 -1.84605489e-02]
 [ 1.73695188e-01 -5.21193924e+00 -1.20185649e-01]] 
lwh_diff, org - ref: 
[[ 0.16599464 -0.04901981  0.10215318]
 [ 0.16599464 -0.04901981  0.10215318]
 [ 0.16599464 -0.04901981  0.10215318]
 [ 0.16599464 -0.04901981  0.10215318]
 [ 0.16599464 -0.04901981  0.10215318]
 [ 0.16599464 -0.04901981  0.10215318]
 [ 0.16599464 -0.04901981  0.10215318]
 [ 0.16599464 -0.04901981  0.10215318]
 [ 0.16599464 -0.04901981  0.10215318]
 [ 0.09749508 -0.05364347  0.0452323 ]
 [ 0.09749508 -0.05364347  0.0452323 ]
 [ 0.09749508 -0.05364347  0.0452323 ]
 [ 0.09749508 -0.05364347  0.0452323 ]
 [ 0.09749508 -0.05364347  0.0452323 ]
 [ 0.00705051 -0.0421021  -0.00046122]
 [ 0.00705051 -0.0421021  -0.00046122]
 [ 0.00705051 -0.0421021  -0.00046122]
 [ 0.00705051 -0.0421021  -0.00046122]
 [-0.04158974 -0.04123497  0.03526235]
 [-0.04158974 -0.04123497  0.03526235]
 [-0.04158974 -0.04123497  0.03526235]
 [-0.04158974 -0.04123497  0.03526235]
 [-0.04158974 -0.04123497  0.03526235]
 [-0.04158974 -0.04123497  0.03526235]
 [-0.04158974 -0.04123497  0.03526235]
 [-0.04158974 -0.04123497  0.03526235]
 [-0.04158974 -0.04123497  0.03526235]
 [-0.04158974 -0.04123497  0.03526235]
 [-0.04158974 -0.04123497  0.03526235]] 
socre, org, ref: 
[[7.41254464e-02 9.04451954e-05]
 [3.96627337e-02 2.84382550e-05]
 [3.96627337e-02 2.84382550e-05]
 [3.96627337e-02 4.58047725e-05]
 [3.96627337e-02 2.84382550e-05]
 [3.96627337e-02 2.84382550e-05]
 [3.96627337e-02 2.83444388e-04]
 [3.96627337e-02 6.95798963e-06]
 [1.03077292e-01 6.32634328e-04]
 [1.04352504e-01 8.81969780e-02]
 [6.59534335e-02 5.56559207e-05]
 [3.77436168e-02 1.02130591e-03]
 [8.03308189e-02 7.00785313e-05]
 [8.05369616e-02 7.10689172e-04]
 [1.00347653e-01 9.52940245e-05]
 [6.93385005e-02 1.37177267e-04]
 [8.65674838e-02 1.83665752e-01]
 [8.65674838e-02 2.56731466e-04]
 [1.08237147e-01 1.31547815e-04]
 [1.08237147e-01 9.80425193e-06]
 [1.08237147e-01 5.59481668e-06]
 [1.08237147e-01 4.48336650e-04]
 [1.08237147e-01 2.08256497e-05]
 [1.08237147e-01 5.05600656e-05]
 [1.08237147e-01 2.03451753e-04]
 [1.08237147e-01 5.82058565e-04]
 [1.08237147e-01 7.52648848e-05]
 [1.08237147e-01 8.45077520e-05]
 [4.68820632e-02 2.91312404e-04]] 
obj_id: 751 =============
xyz_diff, org - ref: 
[[-4.32265712e-02 -2.54319524e+00 -6.60298939e-02]
 [-1.19913498e-02  1.59832007e-02  1.11444451e-02]
 [-1.86877013e-02  6.63598276e-02  3.99665274e-04]
 [-1.67042147e-02  1.44711157e-02  7.30967782e-03]
 [ 2.21036100e-02 -2.36316184e-01 -2.82934237e-03]
 [ 7.15642929e-02 -3.29601313e+00 -8.96201683e-02]
 [ 2.77729365e-03 -3.66605688e+00 -7.59967244e-02]
 [-5.58277880e-02 -3.33550786e+00 -6.86946269e-02]
 [ 2.50179992e-03 -2.92396824e+00 -5.22705440e-02]
 [-1.24811290e-02  2.81545019e-02  2.26467322e-02]
 [ 1.30509450e-01  6.79059848e-01  2.75512335e-02]
 [-2.93991068e-02  1.75522008e-02  2.26802526e-02]
 [ 2.38275153e-02  8.21001797e-01  1.77959276e-02]
 [-6.30611031e-02  6.24390357e+00  1.66644051e-01]
 [ 8.49869706e-02 -2.28389483e+00  6.03480603e-05]
 [ 9.37625279e-02 -4.17594467e-01  9.27678565e-02]
 [-6.16626366e-02  6.94387572e-01  7.14593531e-02]
 [-5.63714012e-02 -3.26256930e+00 -1.33612210e-02]
 [-1.32982336e-01  9.01860921e-02  2.73184768e-02]
 [-1.33507218e-01  3.47855954e+00  1.44881957e-01]
 [-7.16698370e-02  2.16814843e+00  7.53790655e-02]
 [ 4.48045610e-02  2.03307258e+00  1.02599807e-01]] 
lwh_diff, org - ref: 
[[-0.23300934 -0.07009625  0.0693512 ]
 [-0.23300934 -0.07009625  0.0693512 ]
 [-0.43408537 -0.14511144  0.00635982]
 [-0.43408537 -0.14511144  0.00635982]
 [-0.07252264  0.01389813  0.08870471]
 [-0.07252264  0.01389813  0.08870471]
 [-0.07252264  0.01389813  0.08870471]
 [-0.07252264  0.01389813  0.08870471]
 [-0.07252264  0.01389813  0.08870471]
 [-0.05569315 -0.04144955  0.06447327]
 [-0.05569315 -0.04144955  0.06447327]
 [ 0.02646255  0.00044537  0.11527169]
 [-0.11976337 -0.02596378  0.03737736]
 [-0.11976337 -0.02596378  0.03737736]
 [-0.11976337 -0.02596378  0.03737736]
 [-0.11976337 -0.02596378  0.03737736]
 [-0.28326035 -0.10421026  0.05270779]
 [-0.28326035 -0.10421026  0.05270779]
 [-0.28326035 -0.10421026  0.05270779]
 [-0.28326035 -0.10421026  0.05270779]
 [ 0.0669775  -0.04472613  0.14134586]
 [ 0.06594133 -0.0291698   0.17599905]] 
socre, org, ref: 
[[3.8029086e-02 1.0955437e-02]
 [1.0494096e-01 3.5798247e-04]
 [1.3050812e-01 2.8223227e-04]
 [9.5008112e-02 3.6409641e-05]
 [1.4703351e-01 2.9776157e-03]
 [3.1696334e-02 1.7114777e-05]
 [3.1696334e-02 3.2853329e-06]
 [3.1696334e-02 2.9052145e-04]
 [3.1696334e-02 6.5990374e-04]
 [1.1127089e-01 2.8878500e-04]
 [1.1127089e-01 2.1000144e-05]
 [1.3920081e-01 2.4113897e-04]
 [1.0844486e-01 3.0898393e-04]
 [1.0844486e-01 2.5571778e-04]
 [5.4875758e-02 3.4197605e-05]
 [8.4828891e-02 1.4652857e-05]
 [1.2864125e-01 9.9108182e-04]
 [1.2864125e-01 2.2906362e-04]
 [8.8977262e-02 5.5975909e-04]
 [8.8977262e-02 3.9394250e-05]
 [1.2608595e-01 8.1918631e-03]
 [1.0565664e-01 1.1645635e-04]] 
obj_id: 1160 =============
xyz_diff, org - ref: 
[[ 1.41055137e+00 -1.67483202e+01 -2.64074328e-01]
 [ 4.05663372e-02  1.38990236e+00  8.13677906e-02]
 [-2.53539779e-01  5.70945595e+00  8.86823750e-02]
 [ 6.65467472e-01 -3.25700713e+00  6.38489217e-02]
 [ 3.87941466e-01 -3.65434640e+00 -4.56754706e-02]
 [ 4.73020787e-01 -5.22463377e+00 -1.14062840e-01]
 [ 9.88452495e-02  5.85431009e-02  5.83668903e-02]
 [ 8.81137865e-01 -5.51413939e+00 -2.02079908e-02]
 [ 9.96773014e-01 -8.14470593e+00 -1.05905034e-01]
 [ 1.36884690e-01 -2.24812352e-01 -2.87379171e-02]
 [ 1.23265172e+00 -9.72753986e+00 -1.51410208e-01]
 [ 1.41069537e-01  1.38675623e-01  1.49108654e-02]] 
lwh_diff, org - ref: 
[[0.31331396 0.00459313 0.15419328]
 [0.31331396 0.00459313 0.15419328]
 [0.31331396 0.00459313 0.15419328]
 [0.31331396 0.00459313 0.15419328]
 [0.31331396 0.00459313 0.15419328]
 [0.31331396 0.00459313 0.15419328]
 [0.31331396 0.00459313 0.15419328]
 [0.31331396 0.00459313 0.15419328]
 [0.31331396 0.00459313 0.15419328]
 [0.31331396 0.00459313 0.15419328]
 [0.31331396 0.00459313 0.15419328]
 [0.24958134 0.02046561 0.06538105]] 
socre, org, ref: 
[[3.8880076e-02 2.7444587e-05]
 [8.5986063e-02 8.8298366e-05]
 [7.2346218e-02 1.4800953e-05]
 [9.2828944e-02 1.0911782e-04]
 [1.4348982e-01 9.6350152e-05]
 [1.4348982e-01 7.7640711e-05]
 [1.4348982e-01 1.6718803e-04]
 [1.4348982e-01 1.3714615e-05]
 [1.4348982e-01 1.7473842e-05]
 [1.4348982e-01 5.5777255e-06]
 [4.0768702e-02 1.3473717e-05]
 [1.2792392e-01 8.3637187e-06]] 
obj_id: 1055 =============
xyz_diff, org - ref: 
[[  0.0982326   -0.03901543   0.07912326]
 [ -0.31988983  -5.42104444  -0.05582161]
 [ -0.57645104  -9.39382382  -0.18881587]
 [ -0.60689217 -13.176538    -0.33348608]
 [ -0.22175696  -7.25116556  -0.13879372]
 [ -0.1798149   -4.69467952  -0.08029209]
 [ -0.35629085 -10.45536956  -0.13626755]
 [  0.20108882   0.02516285  -0.01551631]
 [ -0.24585113 -13.60960448  -0.17478711]
 [ -0.24585113 -13.60960448  -0.17478711]
 [  0.15794726  -0.04938038  -0.01802294]
 [ -0.16151486  -9.87676818  -0.05869738]] 
lwh_diff, org - ref: 
[[ 0.17917633 -0.07857704  0.03311968]
 [ 0.17917633 -0.07857704  0.03311968]
 [ 0.17917633 -0.07857704  0.03311968]
 [ 0.17917633 -0.07857704  0.03311968]
 [ 0.17917633 -0.07857704  0.03311968]
 [ 0.17917633 -0.07857704  0.03311968]
 [ 0.17917633 -0.07857704  0.03311968]
 [ 0.17917633 -0.07857704  0.03311968]
 [ 0.17917633 -0.07857704  0.03311968]
 [ 0.17917633 -0.07857704  0.03311968]
 [ 0.33484745 -0.06121469  0.12737441]
 [ 0.33484745 -0.06121469  0.12737441]] 
socre, org, ref: 
[[9.32536945e-02 1.57269933e-05]
 [4.19541374e-02 5.78653067e-04]
 [4.19541374e-02 3.15621946e-05]
 [4.19541374e-02 2.92235200e-06]
 [4.19541374e-02 1.58265939e-05]
 [4.19541374e-02 4.68983460e-04]
 [8.64279345e-02 2.59499211e-04]
 [1.05167001e-01 3.75507190e-03]
 [3.70500162e-02 2.79059668e-06]
 [3.70500162e-02 2.79059668e-06]
 [1.03286155e-01 2.46792496e-03]
 [8.21329579e-02 7.49460538e-04]] 
obj_id: 1248 =============
xyz_diff, org - ref: 
[[-1.00923081e-01  1.63679961e+00 -9.74009350e-04]
 [ 2.17029606e-01  1.00314345e+01  1.25641124e-01]
 [ 3.32047200e-01  1.12562687e+01  2.03973965e-01]
 [ 8.12272194e-02 -5.15592404e-01 -6.15804273e-02]
 [ 7.95369532e-01  7.74896073e+00  1.03821684e-01]
 [ 1.56466950e-01 -1.39449692e+00 -2.86715168e-02]
 [ 4.17340370e-01  4.28936675e+00  6.87638335e-02]
 [ 1.99739559e-02 -1.16418186e+01 -1.09561495e-01]
 [-2.78416987e-01  2.77762516e+00 -8.78848039e-03]
 [ 8.72189699e-01  8.65393563e+00  1.41110102e-01]
 [ 1.48474040e-01  1.18773505e-01 -8.21001560e-02]
 [ 1.24111625e-01  3.79306591e-02 -1.13899737e-01]
 [ 9.08069719e-02  9.25086188e-04  7.22701162e-02]
 [ 4.23271492e-02 -5.85377028e-02 -7.30869739e-03]
 [-8.91898513e-03 -6.74821360e+00 -1.93872623e-02]
 [-1.92862078e-01  1.13287810e+01  2.75783204e-02]
 [ 9.41680401e-02  3.80377529e-02 -4.33812744e-03]
 [-1.77196748e-02  8.01813362e+00  6.84663215e-02]
 [ 1.72714926e-01  4.36772188e+00 -1.09078611e-01]
 [ 1.41460131e-01  4.06973910e+00  3.79011790e-02]
 [-2.05157489e-01 -1.05930445e+01 -1.08899719e-01]
 [-9.39757818e-02 -4.85448562e+00 -1.01618951e-01]
 [-4.68465149e-01 -6.02456538e+00 -1.79577215e-01]
 [-6.23742751e-02 -7.71910431e+00 -1.77723329e-01]
 [-2.57538906e-01 -5.68074718e+00 -1.55864208e-01]
 [ 2.05892291e-01  1.23520832e+01  3.42088134e-01]
 [-2.54649456e-01 -1.33828622e+01 -2.91775635e-01]
 [ 4.40034035e-01  1.60314967e+01  1.80110048e-01]
 [ 3.88074205e-01  9.99484105e+00  2.16832385e-01]] 
lwh_diff, org - ref: 
[[ 0.12040281 -0.00618863  0.09414113]
 [ 0.12040281 -0.00618863  0.09414113]
 [ 0.12040281 -0.00618863  0.09414113]
 [ 0.12040281 -0.00618863  0.09414113]
 [ 0.12040281 -0.00618863  0.09414113]
 [ 0.12040281 -0.00618863  0.09414113]
 [ 0.12040281 -0.00618863  0.09414113]
 [ 0.12040281 -0.00618863  0.09414113]
 [ 0.12040281 -0.00618863  0.09414113]
 [ 0.12040281 -0.00618863  0.09414113]
 [ 0.12040281 -0.00618863  0.09414113]
 [ 0.12040281 -0.00618863  0.09414113]
 [ 0.26480722 -0.00639272  0.15871799]
 [ 0.26480722 -0.00639272  0.15871799]
 [ 0.26480722 -0.00639272  0.15871799]
 [ 0.26480722 -0.00639272  0.15871799]
 [ 0.15393162 -0.03077674  0.11912525]
 [ 0.15393162 -0.03077674  0.11912525]
 [ 0.15393162 -0.03077674  0.11912525]
 [ 0.15393162 -0.03077674  0.11912525]
 [ 0.15393162 -0.03077674  0.11912525]
 [ 0.15393162 -0.03077674  0.11912525]
 [ 0.15393162 -0.03077674  0.11912525]
 [ 0.15393162 -0.03077674  0.11912525]
 [ 0.15393162 -0.03077674  0.11912525]
 [ 0.15393162 -0.03077674  0.11912525]
 [ 0.15393162 -0.03077674  0.11912525]
 [ 0.15393162 -0.03077674  0.11912525]
 [ 0.15393162 -0.03077674  0.11912525]] 
socre, org, ref: 
[[7.48605579e-02 9.68729523e-07]
 [6.21334016e-02 2.43005379e-05]
 [6.21334016e-02 1.91073850e-04]
 [6.21334016e-02 5.94955736e-06]
 [6.21334016e-02 3.57540557e-04]
 [6.21334016e-02 2.50787503e-04]
 [6.21334016e-02 1.54564475e-06]
 [6.21334016e-02 1.92391417e-06]
 [9.39862579e-02 1.20231984e-04]
 [3.94655727e-02 3.14290257e-04]
 [4.74241413e-02 4.51841443e-05]
 [1.54953584e-01 3.40791629e-03]
 [1.12103440e-01 8.08587822e-04]
 [5.72404265e-02 1.01405708e-03]
 [6.63088635e-02 2.84087364e-05]
 [6.14057295e-02 4.64463938e-06]
 [1.04914874e-01 2.24087154e-04]
 [1.04914874e-01 5.22165885e-03]
 [9.14165154e-02 7.66149489e-04]
 [9.14165154e-02 1.07902188e-05]
 [3.26038264e-02 9.91209436e-06]
 [3.26038264e-02 1.62320305e-03]
 [3.26038264e-02 1.03562744e-03]
 [3.26038264e-02 1.75734531e-05]
 [3.26038264e-02 1.63041739e-04]
 [3.26038264e-02 1.14007946e-03]
 [3.26038264e-02 5.44571776e-06]
 [3.26038264e-02 1.35310693e-04]
 [3.58325727e-02 1.28902059e-06]] 
obj_id: 808 =============
xyz_diff, org - ref: 
[[ 1.81277734e-02  5.79011383e-03  3.69205792e-03]
 [ 1.52228187e-01  1.88577533e+00  1.44961189e-01]
 [ 4.43368430e-01 -7.14015572e-01  6.66677851e-02]
 [ 4.95278534e-01 -1.07691819e+01 -1.53927199e-01]
 [ 2.94260019e-01 -4.43034205e+00 -1.09668368e-02]
 [ 2.85067328e-01 -1.27238192e+01 -2.26553891e-01]
 [ 1.25357076e-01 -9.02548258e+00 -9.62245819e-02]
 [ 5.78640200e-01 -2.04323722e+01 -4.35519636e-01]
 [ 1.85328280e-01 -1.15656758e+01 -9.65445684e-02]
 [ 7.83352648e-02  2.56525743e-02  2.14102109e-02]
 [ 4.71952252e-01 -6.18737009e+00  6.42910138e-02]
 [ 3.76286275e-02  3.91491777e-02 -4.94915805e-02]
 [ 1.94009748e-01 -9.02236587e+00  3.92865618e-02]
 [ 2.39100232e-02  7.72058340e-03  6.70796100e-02]
 [-7.55856982e-02  3.43898077e+00  1.85307947e-01]
 [ 3.18393943e-01 -6.70250423e+00 -1.98319276e-01]
 [ 2.22889340e-01 -1.01701506e+01 -1.56465016e-01]
 [ 3.36796500e-01 -8.30992169e+00 -1.52591925e-01]
 [ 2.32668788e-01 -1.05711188e+01 -1.31919689e-01]
 [ 5.33546180e-01 -1.54053855e+01 -1.58859708e-01]] 
lwh_diff, org - ref: 
[[-0.09094048 -0.02274632  0.06884623]
 [ 0.17762375 -0.06117499  0.14017808]
 [ 0.17762375 -0.06117499  0.14017808]
 [ 0.21059322  0.08308148  0.14520383]
 [ 0.21059322  0.08308148  0.14520383]
 [ 0.21059322  0.08308148  0.14520383]
 [ 0.21059322  0.08308148  0.14520383]
 [ 0.21059322  0.08308148  0.14520383]
 [ 0.21059322  0.08308148  0.14520383]
 [ 0.29580688  0.03528118  0.14059615]
 [ 0.29580688  0.03528118  0.14059615]
 [-0.07818031 -0.04876232  0.05418336]
 [-0.07818031 -0.04876232  0.05418336]
 [ 0.35538054  0.05771899  0.14561427]
 [ 0.35538054  0.05771899  0.14561427]
 [-0.01064968 -0.06663048 -0.01106656]
 [-0.01064968 -0.06663048 -0.01106656]
 [-0.01064968 -0.06663048 -0.01106656]
 [-0.01064968 -0.06663048 -0.01106656]
 [ 0.09717369  0.02944279  0.11534655]] 
socre, org, ref: 
[[1.48653015e-01 3.17264907e-03]
 [1.25299335e-01 6.35521137e-04]
 [8.24569240e-02 3.29108370e-05]
 [1.37141913e-01 2.62825197e-04]
 [1.37141913e-01 9.83565224e-06]
 [1.37141913e-01 3.63753570e-05]
 [1.37141913e-01 2.45331448e-05]
 [1.37141913e-01 1.36735398e-04]
 [1.37141913e-01 1.97632558e-04]
 [1.18939094e-01 9.56545060e-04]
 [1.18939094e-01 7.61135670e-05]
 [1.00975357e-01 2.89053878e-06]
 [4.09501120e-02 7.41667172e-05]
 [1.64530784e-01 1.60795404e-04]
 [1.64530784e-01 2.49677658e-04]
 [1.07620172e-01 2.21640314e-03]
 [1.07620172e-01 2.78536972e-05]
 [9.37839523e-02 5.88024559e-04]
 [9.37839523e-02 1.88327357e-01]
 [1.17577739e-01 4.55414818e-04]] 
obj_id: 1325 =============
xyz_diff, org - ref: 
[[ 5.68907782e-01 -1.61454275e+00  4.12029045e-02]
 [ 9.17472932e-02 -5.20319393e+00  1.57186077e-02]
 [ 1.74420599e-01  6.58892240e-02 -1.20663774e-01]
 [ 7.83505767e-02  3.96952745e-03  2.21517450e-02]
 [-1.63763700e+00 -1.50066875e+01 -5.08185869e-01]
 [-7.27041241e-01 -7.08118598e+00 -5.06167458e-02]
 [-1.02451786e+00 -1.35930344e+01 -1.57109134e-01]
 [-1.30468405e+00 -1.24628651e+01 -2.09109337e-01]
 [-2.31991824e+00 -1.45154260e+01 -4.99439523e-01]
 [-4.74660746e+00 -7.28973629e+00 -8.19077275e-03]
 [ 8.36683396e-02 -3.37227056e+00 -1.92397359e-01]
 [ 1.81173150e-02  4.66203320e-03 -5.24319324e-03]
 [ 2.16575593e-01  7.71427124e-02  3.65484595e-02]
 [-1.61345157e+00 -1.50023120e+01 -5.06837737e-01]] 
lwh_diff, org - ref: 
[[0.07240152 0.05423689 0.03867388]
 [0.07240152 0.05423689 0.03867388]
 [0.07240152 0.05423689 0.03867388]
 [0.07240152 0.05423689 0.03867388]
 [0.07240152 0.05423689 0.03867388]
 [0.07240152 0.05423689 0.03867388]
 [0.07240152 0.05423689 0.03867388]
 [0.07240152 0.05423689 0.03867388]
 [0.07240152 0.05423689 0.03867388]
 [0.07240152 0.05423689 0.03867388]
 [0.07240152 0.05423689 0.03867388]
 [0.07240152 0.05423689 0.03867388]
 [0.07240152 0.05423689 0.03867388]
 [0.07240152 0.05423689 0.03867388]] 
socre, org, ref: 
[[4.43610027e-02 2.20149195e-05]
 [8.85251909e-02 2.38396137e-06]
 [9.42548513e-02 6.56971533e-05]
 [8.60677734e-02 2.11569350e-04]
 [8.60677734e-02 1.15540761e-05]
 [8.60677734e-02 1.04883693e-04]
 [8.60677734e-02 1.72623885e-07]
 [8.60677734e-02 4.14584434e-07]
 [8.60677734e-02 3.49468246e-05]
 [8.60677734e-02 1.40855496e-04]
 [8.60677734e-02 3.00997158e-06]
 [1.16306745e-01 5.11788166e-05]
 [9.27435756e-02 4.81617171e-04]
 [8.50707144e-02 1.15777066e-05]] 
obj_id: 853 =============
xyz_diff, org - ref: 
[[ 5.78892742e-01 -2.95924590e+01 -7.56131064e-01]
 [ 1.92941767e-03 -6.03034775e+01 -1.06481295e+00]
 [ 1.92941767e-03 -6.03034775e+01 -1.06481295e+00]
 [ 1.92941767e-03 -6.03034775e+01 -1.06481295e+00]
 [ 3.07746587e-01 -6.66559231e+01 -9.83735619e-01]
 [ 1.92941767e-03 -6.03034775e+01 -1.06481295e+00]
 [ 1.92941767e-03 -6.03034775e+01 -1.06481295e+00]
 [ 1.92941767e-03 -6.03034775e+01 -1.06481295e+00]
 [ 1.31578413e-01 -6.62794248e+01 -1.22498474e+00]
 [ 1.92941767e-03 -6.03034775e+01 -1.06481295e+00]
 [ 8.91563322e-01 -6.50178293e+00 -4.82432334e-01]
 [-2.51539700e-01 -1.61758881e+01  9.90949992e-02]
 [-7.31235320e-01 -4.43835141e+01 -4.11231663e-01]
 [-4.72456038e-01 -5.18139997e+01 -5.61335287e-01]
 [-2.51539700e-01 -1.61758881e+01  9.90949992e-02]
 [-2.51539700e-01 -1.61758881e+01  9.90949992e-02]
 [-2.51539700e-01 -1.61758881e+01  9.90949992e-02]
 [-3.17318566e-02 -3.84023861e-02 -5.50863699e-02]
 [ 3.30142467e-02 -3.39612694e+00  4.89646088e-02]] 
lwh_diff, org - ref: 
[[ 0.40511084  0.10001659  0.38677728]
 [ 0.40511084  0.10001659  0.38677728]
 [ 0.40511084  0.10001659  0.38677728]
 [ 0.40511084  0.10001659  0.38677728]
 [ 0.40511084  0.10001659  0.38677728]
 [ 0.40511084  0.10001659  0.38677728]
 [ 0.40511084  0.10001659  0.38677728]
 [ 0.40511084  0.10001659  0.38677728]
 [ 0.40511084  0.10001659  0.38677728]
 [ 0.40511084  0.10001659  0.38677728]
 [ 0.03196812  0.0251081   0.24329185]
 [ 0.03196812  0.0251081   0.24329185]
 [ 0.03196812  0.0251081   0.24329185]
 [ 0.03196812  0.0251081   0.24329185]
 [ 0.03196812  0.0251081   0.24329185]
 [ 0.03196812  0.0251081   0.24329185]
 [ 0.03196812  0.0251081   0.24329185]
 [ 0.03486633 -0.00880218  0.14296257]
 [ 0.03486633 -0.00880218  0.14296257]] 
socre, org, ref: 
[[3.6846519e-01 3.3357476e-03]
 [3.6846519e-01 5.6558922e-03]
 [3.6846519e-01 5.6558922e-03]
 [3.6846519e-01 5.6558922e-03]
 [3.6846519e-01 2.6346740e-04]
 [3.6846519e-01 5.6558922e-03]
 [3.6846519e-01 5.6558922e-03]
 [3.6846519e-01 5.6558922e-03]
 [3.6846519e-01 5.6241662e-03]
 [3.6846519e-01 5.6558922e-03]
 [4.2547065e-01 1.5496387e-03]
 [5.2899022e-02 9.1450138e-04]
 [5.2899022e-02 2.6191567e-04]
 [5.2899022e-02 1.4805052e-03]
 [5.2899022e-02 9.1450138e-04]
 [5.2899022e-02 9.1450138e-04]
 [5.2899022e-02 9.1450138e-04]
 [4.0029049e-01 1.4954051e-01]
 [5.6549434e-02 2.1793274e-03]] 
obj_id: 854 =============
xyz_diff, org - ref: 
[[ 7.58829521e-03 -3.13608269e-02 -2.59035045e-02]
 [-3.04089599e-01  7.10088559e-01 -8.39409625e-02]
 [-3.52116692e-01  2.41655714e-01  1.00748348e-01]
 [-4.74229028e-01  7.79482443e+00  1.43515406e-01]
 [-4.74229028e-01  7.79482443e+00  1.43515406e-01]
 [-1.33038465e-01  9.83293385e-01 -5.52189930e-02]
 [ 1.68186579e-01  1.21081069e+00  1.45275339e-02]
 [-3.56196756e-01  9.53353556e+00  2.62632155e-01]
 [-5.22899629e-01  7.78114988e+00  1.40599360e-01]
 [-3.77962497e-01  9.36576569e+00  1.12326611e-01]
 [-1.85464961e-01  3.93936419e+00  2.38777146e-02]
 [-2.03029201e-02 -9.13875610e-03 -4.83628067e-03]
 [ 4.56191182e-02  8.50937426e-03 -1.29303155e-02]
 [-8.38867791e-01  1.50008691e+01  2.80250471e-01]
 [-7.51780424e-01  5.13306326e+00  8.76691521e-02]
 [-2.58638148e-01  3.81539131e+00  2.25908290e-02]
 [-6.57938586e-01  6.94114118e+00  8.55469652e-02]
 [-8.90954142e-02  3.02620166e+00  9.83693923e-03]
 [ 1.14051745e-01  2.93418898e+00  4.15340854e-02]
 [-3.06656076e-01  1.27717811e+00 -9.30998977e-03]
 [-2.71067154e-01 -8.89722960e-01 -7.39661271e-02]
 [ 3.21829121e-03 -2.81239484e+00 -2.13136068e-01]
 [-3.91675471e-02 -9.39793313e+00 -1.82061450e-01]] 
lwh_diff, org - ref: 
[[-0.19095421  0.01073992  0.04879594]
 [-0.19095421  0.01073992  0.04879594]
 [-0.19095421  0.01073992  0.04879594]
 [-0.19095421  0.01073992  0.04879594]
 [-0.19095421  0.01073992  0.04879594]
 [-0.19095421  0.01073992  0.04879594]
 [-0.19095421  0.01073992  0.04879594]
 [-0.19095421  0.01073992  0.04879594]
 [-0.19095421  0.01073992  0.04879594]
 [-0.00792503  0.02751315  0.12423456]
 [ 0.20979357  0.06847405  0.0981245 ]
 [ 0.03650379  0.03930235  0.08412647]
 [-0.06641817  0.04743719  0.02592921]
 [-0.14571047 -0.01946807  0.08427775]
 [-0.14571047 -0.01946807  0.08427775]
 [-0.12314177  0.00030279  0.05190802]
 [-0.12314177  0.00030279  0.05190802]
 [-0.16741753 -0.01880896  0.09643173]
 [-0.16741753 -0.01880896  0.09643173]
 [-0.16741753 -0.01880896  0.09643173]
 [-0.16741753 -0.01880896  0.09643173]
 [-0.03007841  0.03555727  0.11339164]
 [-0.03007841  0.03555727  0.11339164]] 
socre, org, ref: 
[[1.62008449e-01 2.90998351e-02]
 [9.63030756e-02 5.80616961e-06]
 [9.11300480e-02 1.33664491e-06]
 [9.11300480e-02 1.46229945e-06]
 [9.11300480e-02 1.46229945e-06]
 [9.11300480e-02 1.27060805e-03]
 [9.11300480e-02 2.76955223e-04]
 [9.11300480e-02 5.40316387e-06]
 [4.62293550e-02 1.77432401e-06]
 [1.61024168e-01 6.36771210e-06]
 [1.07323684e-01 3.41193198e-04]
 [1.05390780e-01 2.44406215e-03]
 [1.26098841e-01 1.61324486e-01]
 [1.41695738e-01 2.71481586e-05]
 [9.97702777e-02 1.16441697e-05]
 [1.17876381e-01 3.25700181e-04]
 [1.17876381e-01 6.08429536e-06]
 [1.59634411e-01 1.39089389e-04]
 [1.59634411e-01 4.65847461e-06]
 [9.92762744e-02 2.82906603e-06]
 [8.58087167e-02 3.70434282e-06]
 [1.25319839e-01 2.38001143e-04]
 [4.17529680e-02 1.73573117e-05]] 
obj_id: 916 =============
xyz_diff, org - ref: 
[[-3.70290686e-01  1.38384362e+01  1.85699340e-01]
 [-4.65807468e-02 -4.45013420e-02  5.12442079e-03]
 [-5.19816383e-01  1.69202267e+00 -7.51757398e-02]
 [-2.22963164e-02 -9.52200771e-01 -6.67878713e-02]
 [-6.82781068e-01  1.37289233e+01  3.60945293e-01]
 [-6.82781068e-01  1.37289233e+01  3.60945293e-01]
 [-4.29051122e-01  6.15870328e+00  6.23331127e-03]
 [ 1.51839610e-01 -5.11562836e+00 -2.56972282e-01]
 [-7.04297664e-01  1.43459048e+01  1.37679628e-01]
 [-6.82781068e-01  1.37289233e+01  3.60945293e-01]
 [-2.00873084e-01  3.42325057e+00 -1.90048305e-02]
 [-1.68529768e-02 -1.83227392e-03 -3.54130618e-02]
 [ 1.24360989e-01 -5.51024166e+00 -1.37647014e-01]
 [-1.71177600e-01  4.82678462e+00  1.91016456e-01]
 [-4.51081622e-01  8.09802565e+00  1.20001233e-01]
 [ 1.79931311e-02 -3.59523945e+00 -1.80373016e-03]
 [-1.49462691e-01  3.59709506e+00  3.24084089e-02]
 [-1.96834672e-01  3.14706362e+00 -2.55798274e-02]
 [ 4.35732857e-01 -5.10236270e+00 -1.38004292e-01]
 [-1.61500015e-01  3.86385533e+00 -1.24175551e-03]
 [-4.20968196e-01  9.29868514e+00  1.94700711e-01]
 [ 1.30724344e-01 -4.29332230e+00 -5.52377340e-02]] 
lwh_diff, org - ref: 
[[-0.09587097 -0.08323181  0.09850824]
 [-0.09587097 -0.08323181  0.09850824]
 [-0.52357388 -0.13746488 -0.03040397]
 [-0.38221264 -0.03616881 -0.04342842]
 [-0.38221264 -0.03616881 -0.04342842]
 [-0.38221264 -0.03616881 -0.04342842]
 [-0.38221264 -0.03616881 -0.04342842]
 [-0.38221264 -0.03616881 -0.04342842]
 [-0.38221264 -0.03616881 -0.04342842]
 [-0.38221264 -0.03616881 -0.04342842]
 [-0.50216007 -0.14528167 -0.00813735]
 [-0.43109941 -0.07389045 -0.06904006]
 [-0.43962669 -0.11453855 -0.03754807]
 [-0.43962669 -0.11453855 -0.03754807]
 [-0.45388365 -0.11532676 -0.09252942]
 [-0.45388365 -0.11532676 -0.09252942]
 [-0.52408743 -0.13887215 -0.00743973]
 [-0.44910192 -0.20025384 -0.01820493]
 [-0.31394243 -0.03346872 -0.01432872]
 [-0.34289551 -0.07613695 -0.03017318]
 [-0.34289551 -0.07613695 -0.03017318]
 [-0.34289551 -0.07613695 -0.03017318]] 
socre, org, ref: 
[[3.95956263e-02 4.48313085e-06]
 [1.05079591e-01 1.02614099e-03]
 [1.23283431e-01 1.90355149e-05]
 [1.12171017e-01 5.14785934e-04]
 [1.12171017e-01 2.31339777e-06]
 [1.12171017e-01 2.31339777e-06]
 [1.12171017e-01 3.16389167e-04]
 [1.12171017e-01 2.97329098e-05]
 [1.12171017e-01 2.99941553e-06]
 [1.12171017e-01 2.31339777e-06]
 [1.70529574e-01 1.44445621e-05]
 [1.08608045e-01 7.54042389e-03]
 [1.20990351e-01 7.55478221e-04]
 [5.13068773e-02 2.93027540e-07]
 [1.30817965e-01 1.14329450e-04]
 [9.82133672e-02 6.29615388e-05]
 [1.10809721e-01 2.45357260e-05]
 [1.05432861e-01 9.18252044e-05]
 [1.04023531e-01 1.71772816e-04]
 [1.11053266e-01 2.66641867e-03]
 [3.72711904e-02 4.70193118e-06]
 [8.36041123e-02 3.50493865e-05]] 
obj_id: 1396 =============
xyz_diff, org - ref: 
[[ 3.19683218e-02 -8.79270358e-03  7.97968296e-03]
 [ 2.15747453e-01 -7.21831487e+00 -8.24297085e-02]
 [ 3.64598511e-01 -1.07041963e+01 -6.02092246e-02]
 [ 4.38438428e-01 -1.21950588e+01 -1.08108455e-01]
 [ 4.72481889e-01 -1.57137393e+01 -2.14561213e-01]
 [ 2.54136345e-01 -1.08796005e+01 -1.73894100e-01]
 [ 3.07259962e-02 -1.96205080e+00 -2.97142523e-02]
 [ 4.25816830e-01 -9.96111170e+00 -1.26661873e-01]
 [ 1.92385545e-01 -7.15907726e+00 -7.31617912e-02]
 [ 2.25561827e-01 -6.39690377e+00 -7.21062245e-02]
 [ 4.01482326e-01 -9.95781094e+00 -1.32857775e-01]
 [ 4.42363949e-02 -5.48729935e-03  2.16500703e-02]
 [ 6.82983331e-04  2.69443395e-02  3.73492385e-02]
 [ 6.75999347e-02 -1.01061985e+01 -1.09718440e-01]
 [ 1.27340019e-01 -5.80545333e+00 -6.67401673e-02]
 [ 3.04974297e-01 -5.44902420e+00 -3.76360700e-02]
 [ 4.58264177e-01 -1.00789115e+01 -1.23781614e-01]
 [ 6.01852398e-02  2.53139012e-02  3.51061747e-02]] 
lwh_diff, org - ref: 
[[ 0.38062191 -0.07287145  0.11808121]
 [ 0.38062191 -0.07287145  0.11808121]
 [ 0.38062191 -0.07287145  0.11808121]
 [ 0.38062191 -0.07287145  0.11808121]
 [ 0.38062191 -0.07287145  0.11808121]
 [ 0.38062191 -0.07287145  0.11808121]
 [ 0.38062191 -0.07287145  0.11808121]
 [ 0.38062191 -0.07287145  0.11808121]
 [ 0.38062191 -0.07287145  0.11808121]
 [ 0.38062191 -0.07287145  0.11808121]
 [ 0.38062191 -0.07287145  0.11808121]
 [ 0.38062191 -0.07287145  0.11808121]
 [ 0.38062191 -0.07287145  0.11808121]
 [ 0.38062191 -0.07287145  0.11808121]
 [ 0.38062191 -0.07287145  0.11808121]
 [ 0.38062191 -0.07287145  0.11808121]
 [ 0.38062191 -0.07287145  0.11808121]
 [ 0.29086304 -0.08281851  0.08049989]] 
socre, org, ref: 
[[9.50081125e-02 2.71877740e-04]
 [3.16963345e-02 1.49024694e-04]
 [3.16963345e-02 8.89872608e-05]
 [4.76036780e-02 1.08665859e-04]
 [4.76036780e-02 1.98269627e-05]
 [4.76036780e-02 1.99569276e-05]
 [4.76036780e-02 1.66105929e-05]
 [4.76036780e-02 1.02525828e-05]
 [4.76036780e-02 1.26850891e-05]
 [9.24444422e-02 7.94519383e-06]
 [5.80220185e-02 1.15336379e-05]
 [1.15785956e-01 3.96863106e-06]
 [1.15785956e-01 1.31290930e-04]
 [1.15785956e-01 3.64617408e-05]
 [8.54076594e-02 1.47760366e-05]
 [8.54076594e-02 1.18544034e-04]
 [3.98001559e-02 9.19095964e-06]
 [1.24922991e-01 3.47901339e-04]] 
obj_id: 1363 =============
xyz_diff, org - ref: 
[[-7.66630628e-01  2.57850864e+01  5.80138960e-01]
 [-5.71900299e-01  2.52961137e+01  5.78968829e-01]
 [-7.42948068e-01  2.46659697e+01  5.50462829e-01]
 [-7.18634728e-01  2.34193514e+01  5.25767196e-01]
 [-7.18634728e-01  2.34193514e+01  5.25767196e-01]
 [-7.18634728e-01  2.34193514e+01  5.25767196e-01]
 [-4.86638493e-01  1.15230581e+01  1.31572122e-01]
 [-8.75242448e-02  9.75920072e+00  3.13253297e-01]
 [-7.18634728e-01  2.34193514e+01  5.25767196e-01]
 [-4.19956577e-01  1.94566139e+01  6.14659842e-01]
 [-1.10091531e-01  2.77971545e+00  3.64972429e-02]
 [-2.44016452e-01  7.42188901e+00  1.47224184e-01]
 [ 4.95420089e-04 -2.65539070e-02 -9.02001241e-03]] 
lwh_diff, org - ref: 
[[ 0.08954191 -0.08552027  0.06559253]
 [ 0.08954191 -0.08552027  0.06559253]
 [ 0.08954191 -0.08552027  0.06559253]
 [ 0.08954191 -0.08552027  0.06559253]
 [ 0.08954191 -0.08552027  0.06559253]
 [ 0.08954191 -0.08552027  0.06559253]
 [ 0.08954191 -0.08552027  0.06559253]
 [ 0.08954191 -0.08552027  0.06559253]
 [ 0.08954191 -0.08552027  0.06559253]
 [ 0.08954191 -0.08552027  0.06559253]
 [ 0.08954191 -0.08552027  0.06559253]
 [ 0.08954191 -0.08552027  0.06559253]
 [ 0.22450161 -0.07536125  0.04962122]] 
socre, org, ref: 
[[3.28276493e-02 1.54691210e-04]
 [3.27002928e-02 3.23784952e-05]
 [5.55487834e-02 1.01531514e-04]
 [6.80432320e-02 8.26695978e-05]
 [6.80432320e-02 8.26695978e-05]
 [6.80432320e-02 8.26695978e-05]
 [6.80432320e-02 9.30177484e-05]
 [6.80432320e-02 4.09162894e-05]
 [6.80432320e-02 8.26695978e-05]
 [6.24199547e-02 3.19056235e-05]
 [1.09107599e-01 2.12731960e-04]
 [1.09107599e-01 5.34554827e-04]
 [1.06960371e-01 3.42874182e-03]] 
obj_id: 1395 =============
xyz_diff, org - ref: 
[[ 8.14909855e-01 -9.88714253e+00 -1.09206016e-01]
 [ 2.83684288e-02  4.47363537e+00  3.75979853e-01]
 [ 8.67638070e-01 -1.05288388e+01 -8.85701348e-02]
 [ 1.12443674e+00 -1.28842909e+01 -1.87036150e-01]
 [ 1.23537782e+00 -1.42757942e+01 -2.25307746e-01]
 [-4.27125343e-01  7.00067228e+00  3.96507114e-02]
 [ 1.02072339e+00 -1.32602470e+01 -2.24792319e-01]
 [ 5.04682750e-01 -2.17631816e+00  1.07166879e-01]
 [ 1.02072339e+00 -1.32602470e+01 -2.24792319e-01]
 [-4.93247957e-02  6.14082268e-02 -1.66844816e-02]
 [ 2.67572278e-01 -2.65605907e+00 -4.56598692e-02]
 [ 2.84666304e-02 -4.80048159e-02 -6.59478543e-02]
 [ 4.41799136e-03 -9.83949946e-03  1.15731561e-02]
 [ 3.27254553e-02 -7.31830635e-02  1.92013489e-02]
 [ 3.96015456e-01 -9.13527189e+00 -1.74743617e-01]] 
lwh_diff, org - ref: 
[[ 0.00163746  0.07462847 -0.13508844]
 [ 0.00163746  0.07462847 -0.13508844]
 [ 0.00163746  0.07462847 -0.13508844]
 [ 0.00163746  0.07462847 -0.13508844]
 [ 0.00163746  0.07462847 -0.13508844]
 [ 0.00163746  0.07462847 -0.13508844]
 [ 0.00163746  0.07462847 -0.13508844]
 [ 0.00163746  0.07462847 -0.13508844]
 [ 0.00163746  0.07462847 -0.13508844]
 [ 0.00163746  0.07462847 -0.13508844]
 [ 0.00163746  0.07462847 -0.13508844]
 [ 0.00163746  0.07462847 -0.13508844]
 [ 0.15160513  0.06936443 -0.05777037]
 [ 0.15160513  0.06936443 -0.05777037]
 [ 0.15160513  0.06936443 -0.05777037]] 
socre, org, ref: 
[[6.62378669e-02 8.81567848e-06]
 [8.73318836e-02 5.21026377e-05]
 [5.11817820e-02 9.44670173e-05]
 [5.11817820e-02 1.00973111e-05]
 [9.66361165e-02 1.62565557e-05]
 [9.66361165e-02 1.11903307e-06]
 [9.66361165e-02 1.42272056e-05]
 [9.66361165e-02 1.32145453e-06]
 [9.66361165e-02 1.42272056e-05]
 [9.66361165e-02 3.38920108e-05]
 [1.16448529e-01 4.21918367e-06]
 [1.16448529e-01 3.21173342e-04]
 [1.10364504e-01 1.51196063e-01]
 [9.33490917e-02 1.05803629e-04]
 [4.13120501e-02 7.31063392e-06]] 
obj_id: 1013 =============
xyz_diff, org - ref: 
[[ 7.39993745e-01 -2.33431960e+01 -5.28018191e-01]
 [-6.39305095e-02 -1.01884516e+00 -1.32129629e-02]
 [ 3.11664808e-01 -1.76938065e+00  1.18714871e-01]
 [-1.28649112e-01  7.11766016e+00  3.64265971e-01]
 [-1.28649112e-01  7.11766016e+00  3.64265971e-01]
 [-1.28649112e-01  7.11766016e+00  3.64265971e-01]
 [-3.56498379e-01  3.08320238e+00  1.67917560e-01]
 [ 1.03229122e+00 -1.34747621e+00 -2.37421466e-02]
 [ 5.61998230e-02  7.55897347e+00  3.43629445e-01]
 [ 6.83960936e-01 -4.31916625e+00  8.96983733e-02]
 [-2.88911873e-01  2.37258797e+00  1.73639176e-02]
 [ 2.47868119e-01 -1.64957093e+00 -1.98866681e-01]
 [ 9.57364530e-01 -1.11249732e+01 -1.53275509e-01]
 [-9.87975195e-02 -7.47266539e-02 -5.66241488e-02]
 [-1.87461332e-01 -7.50733486e+00 -3.08427756e-01]
 [ 3.63804983e-02 -4.56914778e+00 -9.30080593e-02]
 [-1.28204983e-01 -5.73818061e-01 -7.48608556e-02]
 [-3.80445263e-01 -6.82129450e+00 -1.43692577e-01]
 [-6.25463013e-01 -5.66979492e+00 -2.10518854e-01]
 [-2.98285071e-01  1.84145724e+00  4.11020017e-02]
 [-7.08977722e-01  6.33994360e-02  1.12972241e-01]
 [ 4.22582601e-01 -5.07715588e+00 -1.99299666e-01]
 [-5.60908582e-01 -1.52978048e+00 -1.36708551e-01]
 [-7.79322149e-01 -6.81998024e-01  5.29399321e-02]
 [-1.53812959e+00 -1.54633973e-01 -7.24921169e-02]
 [-2.49566253e-01  3.66496635e-02 -8.44003345e-02]] 
lwh_diff, org - ref: 
[[ 0.26167774  0.05610609  0.13539135]
 [ 0.26167774  0.05610609  0.13539135]
 [ 0.2118001   0.03953218  0.16442835]
 [ 0.2118001   0.03953218  0.16442835]
 [ 0.2118001   0.03953218  0.16442835]
 [ 0.2118001   0.03953218  0.16442835]
 [ 0.2118001   0.03953218  0.16442835]
 [ 0.05455351  0.05414557  0.14127719]
 [ 0.05455351  0.05414557  0.14127719]
 [ 0.05455351  0.05414557  0.14127719]
 [-0.12886572 -0.03412414  0.10529482]
 [-0.0966363   0.02002692  0.06229186]
 [ 0.01252699  0.0184772   0.11345208]
 [-0.01885366  0.01528168  0.08552969]
 [ 0.05897474  0.05426049  0.10243905]
 [ 0.05897474  0.05426049  0.10243905]
 [-0.04732323  0.03973985  0.13255906]
 [-0.04732323  0.03973985  0.13255906]
 [-0.04732323  0.03973985  0.13255906]
 [-0.04732323  0.03973985  0.13255906]
 [-0.04732323  0.03973985  0.13255906]
 [ 0.06206274  0.04186988  0.14293098]
 [ 0.06206274  0.04186988  0.14293098]
 [ 0.07673311  0.03185844  0.12211978]
 [ 0.19850349  0.05767202  0.15979195]
 [-0.20616722 -0.01752591  0.05509079]] 
socre, org, ref: 
[[6.69828430e-02 1.10351948e-05]
 [1.55592695e-01 5.00527858e-05]
 [1.26510054e-01 7.68498983e-04]
 [1.26510054e-01 1.57617163e-04]
 [1.26510054e-01 1.57617163e-04]
 [1.26510054e-01 1.57617163e-04]
 [1.26510054e-01 9.26289140e-05]
 [1.16136029e-01 3.04587214e-04]
 [4.07426544e-02 7.88743782e-05]
 [6.18101507e-02 7.37600130e-05]
 [1.43740028e-01 1.13383197e-04]
 [1.19627886e-01 1.22617872e-03]
 [1.30707875e-01 2.70930963e-04]
 [1.67825669e-01 6.23910048e-04]
 [1.17201574e-01 2.69582188e-06]
 [5.31437509e-02 4.91630226e-06]
 [1.00497685e-01 4.61067684e-05]
 [1.00497685e-01 1.04728941e-04]
 [8.74978676e-02 2.08943293e-05]
 [8.37297887e-02 6.70140423e-07]
 [8.28094259e-02 1.64451067e-05]
 [1.47970065e-01 1.44024336e-04]
 [7.42059201e-02 1.48832726e-06]
 [1.02772735e-01 1.56711234e-04]
 [1.01347946e-01 6.66638734e-05]
 [1.34112984e-01 2.66540417e-04]] 
obj_id: 1015 =============
xyz_diff, org - ref: 
[[ 1.22449547e-01 -3.61269839e+00 -8.76569931e-02]
 [ 5.15732598e-01 -1.27069650e+01 -2.13806200e-01]
 [ 3.37146234e-01 -1.12839595e+01 -1.86147701e-01]
 [ 2.15849255e-01 -4.84300661e+00 -1.53952981e-01]
 [ 5.47098878e-01 -1.37331356e+01 -2.70536091e-01]
 [ 1.48963089e-01 -6.46497773e+00 -1.26316693e-01]
 [ 3.37146234e-01 -1.12839595e+01 -1.86147701e-01]
 [ 2.81145494e-01 -8.06198277e+00 -3.14451555e-02]
 [ 6.76239567e-02 -3.71875509e+00 -5.83671942e-02]
 [ 1.00068420e-01 -8.72907618e-01 -1.85869236e-02]
 [ 1.95641326e-01 -3.02811549e+00 -4.30524429e-02]
 [ 3.85945041e-01 -8.03076319e+00 -1.33402215e-01]
 [-1.91266740e-02  9.72191658e-02  1.11297036e-02]
 [ 1.97835172e-01 -6.19310167e+00 -7.43939144e-02]
 [ 6.78614263e-02 -5.81095880e-01 -2.21825048e-02]
 [ 9.73848005e-02 -4.82237593e+00 -9.52124772e-02]
 [-1.15322876e-01 -1.02124760e+00 -9.08752020e-02]
 [ 3.24834046e-03  2.81760584e-03 -6.86293825e-02]
 [ 1.85373336e-01 -2.02457075e+01 -6.07070883e-01]
 [ 1.39394805e-01 -3.56028594e+00 -2.12090707e-01]
 [ 4.77108018e-02  6.88280490e-02  7.27965352e-03]
 [-9.19199619e-02  1.47177735e-01  1.07359742e-02]
 [-1.84780840e-01 -1.11685464e+01 -2.74142630e-01]
 [-3.41958607e-02 -2.85859194e-01  5.29697236e-02]] 
lwh_diff, org - ref: 
[[ 2.80767918e-01 -4.45532799e-03  1.51638269e-01]
 [ 2.80767918e-01 -4.45532799e-03  1.51638269e-01]
 [ 2.80767918e-01 -4.45532799e-03  1.51638269e-01]
 [ 2.80767918e-01 -4.45532799e-03  1.51638269e-01]
 [ 2.80767918e-01 -4.45532799e-03  1.51638269e-01]
 [ 2.80767918e-01 -4.45532799e-03  1.51638269e-01]
 [ 2.80767918e-01 -4.45532799e-03  1.51638269e-01]
 [ 2.80767918e-01 -4.45532799e-03  1.51638269e-01]
 [ 2.80767918e-01 -4.45532799e-03  1.51638269e-01]
 [ 3.01846027e-01 -1.47266388e-02  1.25044227e-01]
 [ 6.70831203e-01  5.84087372e-02  2.51427293e-01]
 [ 6.70831203e-01  5.84087372e-02  2.51427293e-01]
 [ 3.29867840e-01  2.86734104e-02  8.58936310e-02]
 [ 3.29867840e-01  2.86734104e-02  8.58936310e-02]
 [ 2.88836479e-01 -9.11834240e-02  2.09840655e-01]
 [ 2.88836479e-01 -9.11834240e-02  2.09840655e-01]
 [ 5.22239208e-01  6.53743744e-04  2.35876322e-01]
 [ 3.81574154e-01 -1.75418854e-02  2.57750988e-01]
 [ 3.81574154e-01 -1.75418854e-02  2.57750988e-01]
 [ 3.81574154e-01 -1.75418854e-02  2.57750988e-01]
 [ 4.62617874e-01  1.01082325e-02  2.30663538e-01]
 [-8.11066628e-02 -9.44385529e-02  1.03296280e-01]
 [-8.11066628e-02 -9.44385529e-02  1.03296280e-01]
 [-8.11066628e-02 -9.44385529e-02  1.03296280e-01]] 
socre, org, ref: 
[[1.24042787e-01 9.80554323e-05]
 [5.11243567e-02 1.29880593e-03]
 [5.11243567e-02 6.29758215e-05]
 [5.11243567e-02 4.92933104e-05]
 [5.11243567e-02 1.98402995e-04]
 [5.11243567e-02 7.35237554e-05]
 [5.11243567e-02 6.29758215e-05]
 [5.11243567e-02 8.39062795e-06]
 [9.45828408e-02 5.57771302e-04]
 [1.17533110e-01 4.47029073e-04]
 [1.08011343e-01 6.28162816e-04]
 [7.18194768e-02 1.78317050e-03]
 [1.39750406e-01 9.97657553e-05]
 [6.65814877e-02 9.51759430e-05]
 [1.68179289e-01 2.23584677e-04]
 [6.89669326e-02 7.93217987e-05]
 [1.16913386e-01 5.93309414e-05]
 [1.61107451e-01 1.13560702e-04]
 [6.44122064e-02 3.13888799e-04]
 [9.69966352e-02 2.20752452e-04]
 [1.62462294e-01 4.28896194e-04]
 [1.48515403e-01 1.35788767e-04]
 [8.06656256e-02 1.04482817e-02]
 [3.52350026e-02 3.08291492e-05]] 
obj_id: 1397 =============
xyz_diff, org - ref: 
[[ 5.63305203e-01 -1.08940031e+01  8.24242188e-03]
 [ 5.08343472e-01 -1.36787800e+01 -1.96483815e-01]
 [ 2.52277102e-01 -1.60122455e+01 -4.18413688e-01]
 [ 2.52277102e-01 -1.60122455e+01 -4.18413688e-01]
 [ 2.52277102e-01 -1.60122455e+01 -4.18413688e-01]
 [ 1.09253772e-01 -1.57116591e+01 -5.40217674e-01]
 [ 8.08311470e-01 -1.93341767e+01 -4.37206997e-01]
 [ 2.53825652e-01 -1.61376989e+01 -4.26574168e-01]
 [ 6.87526819e-01 -2.36734070e+01 -6.36567860e-01]
 [ 5.85712602e-01 -1.90513456e+01 -4.85085297e-01]
 [ 1.05771187e+00 -2.30824196e+01 -4.59281144e-01]
 [ 3.59102664e-01 -1.08178802e+01 -3.89722911e-01]
 [-9.00974068e-03  1.23478067e-02 -2.74565245e-02]
 [-8.92063273e-03  3.76705280e-03  2.09442279e-02]] 
lwh_diff, org - ref: 
[[ 6.60343170e-02 -1.64377689e-02  7.20838308e-02]
 [ 6.60343170e-02 -1.64377689e-02  7.20838308e-02]
 [ 6.60343170e-02 -1.64377689e-02  7.20838308e-02]
 [ 6.60343170e-02 -1.64377689e-02  7.20838308e-02]
 [ 6.60343170e-02 -1.64377689e-02  7.20838308e-02]
 [ 6.60343170e-02 -1.64377689e-02  7.20838308e-02]
 [ 6.60343170e-02 -1.64377689e-02  7.20838308e-02]
 [ 6.60343170e-02 -1.64377689e-02  7.20838308e-02]
 [ 6.60343170e-02 -1.64377689e-02  7.20838308e-02]
 [ 6.60343170e-02 -1.64377689e-02  7.20838308e-02]
 [ 6.60343170e-02 -1.64377689e-02  7.20838308e-02]
 [-3.58057022e-03 -9.02271271e-03  1.32399797e-02]
 [-4.75459099e-02 -4.48226929e-05 -2.50563622e-02]
 [ 1.14188194e-02  1.55367851e-02  2.85078287e-02]] 
socre, org, ref: 
[[8.0549344e-02 5.7140169e-06]
 [5.9697997e-02 1.9807851e-05]
 [5.9697997e-02 7.8843826e-05]
 [5.9697997e-02 7.8843826e-05]
 [5.9697997e-02 7.8843826e-05]
 [5.9697997e-02 2.2128106e-05]
 [5.9697997e-02 5.7630099e-05]
 [6.9706440e-02 6.6026587e-05]
 [6.9706440e-02 1.1397143e-04]
 [1.0075530e-01 4.0984934e-05]
 [1.0075530e-01 8.6744643e-05]
 [1.4754291e-01 1.0187589e-04]
 [1.6451026e-01 5.2497625e-01]
 [1.4681612e-01 1.5572086e-01]] 
obj_id: 1430 =============
xyz_diff, org - ref: 
[[-1.56351310e-01  5.61283609e+00  6.73586452e-02]
 [ 1.07589079e-01  1.18807764e+01  2.93905967e-01]
 [-8.75164474e-02 -3.17885848e+00 -6.40300364e-02]
 [-8.75164474e-02 -3.17885848e+00 -6.40300364e-02]
 [-8.75164474e-02 -3.17885848e+00 -6.40300364e-02]
 [-8.75164474e-02 -3.17885848e+00 -6.40300364e-02]
 [-2.59398423e-01 -6.64161852e-02 -1.57546424e-01]
 [-4.30214694e-02 -4.29004363e+00 -9.90744228e-02]
 [ 1.45594223e-01  4.79719474e+00  1.45948269e-01]
 [-6.22572230e-02  6.92575676e+00  6.75171529e-02]
 [ 6.05821861e-02  3.97889739e-04  4.37379673e-03]
 [ 1.91108035e-02 -9.87531066e-03 -8.44546315e-02]] 
lwh_diff, org - ref: 
[[-0.0429678  -0.07165384  0.10206413]
 [-0.0429678  -0.07165384  0.10206413]
 [-0.0429678  -0.07165384  0.10206413]
 [-0.0429678  -0.07165384  0.10206413]
 [-0.0429678  -0.07165384  0.10206413]
 [-0.0429678  -0.07165384  0.10206413]
 [-0.0429678  -0.07165384  0.10206413]
 [-0.0429678  -0.07165384  0.10206413]
 [-0.0429678  -0.07165384  0.10206413]
 [-0.0429678  -0.07165384  0.10206413]
 [-0.0429678  -0.07165384  0.10206413]
 [-0.2524724  -0.10531843 -0.03357887]] 
socre, org, ref: 
[[4.3779384e-02 7.5195014e-04]
 [6.0412545e-02 4.5224137e-04]
 [5.5894542e-02 1.3687860e-03]
 [5.5894542e-02 1.3687860e-03]
 [5.5894542e-02 1.3687860e-03]
 [5.5894542e-02 1.3687860e-03]
 [5.5894542e-02 3.6796415e-04]
 [7.7316821e-02 1.2454259e-03]
 [7.7316821e-02 2.6517920e-04]
 [1.0912702e-01 7.5501259e-05]
 [1.0912702e-01 4.1392137e-04]
 [1.5752290e-01 3.6931084e-03]] 
obj_id: 1557 =============
xyz_diff, org - ref: 
[[ 1.62318577e-02 -9.90342316e+00 -6.21332656e-02]
 [ 3.49680994e-02 -7.69797194e+00 -4.81200989e-02]
 [-6.08804675e-02 -9.09101104e+00 -1.12352243e-01]
 [ 3.78486517e-02 -1.23286826e+01 -9.79622541e-02]
 [-2.12079857e-01 -5.11272132e+00  2.09537708e-02]
 [ 3.78486517e-02 -1.23286826e+01 -9.79622541e-02]
 [ 3.58094110e-02 -1.56173766e+01 -1.52272675e-01]
 [ 1.28961589e-02 -7.03884035e-03  3.97191202e-04]
 [ 2.57629071e-01 -8.83860225e+00 -2.34251302e-02]
 [-7.33716333e-03 -2.78592448e+00  3.25343135e-02]
 [ 6.82943515e-02 -1.29175366e+01 -1.31078717e-01]
 [ 2.20897696e-02 -1.24474036e+01 -1.11032818e-01]
 [ 9.04339730e-02 -1.05503407e+01 -1.20457965e-01]
 [ 5.69527594e-02 -1.37959152e-02  2.92472937e-02]
 [ 1.09509214e-01 -4.45338775e+00  4.95728372e-02]
 [ 2.45957733e-02 -3.15093271e-02  3.75788393e-02]
 [ 8.35915280e-02  2.80049333e+00  1.09774567e-01]
 [-8.91649110e-02  7.43271107e-02 -3.59350317e-02]
 [-1.92200173e-01 -1.32427367e+01 -1.53636844e-01]] 
lwh_diff, org - ref: 
[[ 0.14243364 -0.11293292  0.07399988]
 [ 0.14243364 -0.11293292  0.07399988]
 [ 0.14243364 -0.11293292  0.07399988]
 [ 0.14243364 -0.11293292  0.07399988]
 [ 0.14243364 -0.11293292  0.07399988]
 [ 0.14243364 -0.11293292  0.07399988]
 [ 0.14243364 -0.11293292  0.07399988]
 [ 0.14243364 -0.11293292  0.07399988]
 [ 0.14243364 -0.11293292  0.07399988]
 [ 0.14243364 -0.11293292  0.07399988]
 [ 0.14243364 -0.11293292  0.07399988]
 [ 0.14243364 -0.11293292  0.07399988]
 [ 0.14243364 -0.11293292  0.07399988]
 [ 0.14243364 -0.11293292  0.07399988]
 [ 0.14243364 -0.11293292  0.07399988]
 [-0.04104805 -0.11110389  0.06002212]
 [-0.04104805 -0.11110389  0.06002212]
 [-0.04104805 -0.11110389  0.06002212]
 [-0.04104805 -0.11110389  0.06002212]] 
socre, org, ref: 
[[6.2273577e-02 1.8958553e-05]
 [7.3695906e-02 6.7060224e-05]
 [7.3695906e-02 7.8851926e-06]
 [7.3695906e-02 5.8537611e-05]
 [7.3695906e-02 1.7926592e-06]
 [7.3695906e-02 5.8537611e-05]
 [7.3695906e-02 4.2212458e-05]
 [9.7912021e-02 4.9161067e-06]
 [9.7912021e-02 3.2294431e-06]
 [9.7912021e-02 8.3643891e-07]
 [9.7912021e-02 2.7032270e-06]
 [9.7912021e-02 6.2516287e-05]
 [9.7912021e-02 5.3402778e-06]
 [1.6955467e-01 1.5649829e-06]
 [1.6955467e-01 3.0262687e-05]
 [1.2041091e-01 5.3174354e-06]
 [1.2041091e-01 2.1154199e-05]
 [7.0553459e-02 5.2228975e-06]
 [4.2262461e-02 9.8063583e-07]] 
obj_id: 1617 =============
xyz_diff, org - ref: 
[[ 1.06331157e-01 -3.80274344e-01  5.92657092e-02]
 [ 1.49833177e-01  2.43280543e+00  7.14244291e-02]
 [ 4.29408557e-01  1.28851915e+01  2.54271923e-01]
 [ 2.95250908e-01 -1.12791932e+00  3.95363456e-02]
 [ 1.34817275e-01  8.18755503e+00  1.15009828e-01]
 [-2.38500994e-02 -1.49558854e+00 -4.18151812e-02]
 [ 4.29408557e-01  1.28851915e+01  2.54271923e-01]
 [ 4.15857398e-01  5.28521844e+00  3.26678038e-02]
 [ 9.67424123e-02  6.33868328e+00 -1.23446384e-02]
 [-2.25195790e-01 -1.57965425e+01 -3.37860609e-01]
 [-4.02797388e-01 -8.16358562e+00 -9.61280736e-02]
 [ 9.87998582e-02 -3.19250547e+00  5.49587682e-02]
 [ 4.30808167e-01  1.28998318e+01  2.54674859e-01]
 [ 4.30808167e-01  1.28998318e+01  2.54674859e-01]
 [ 2.42067609e-01  6.15455007e+00  1.38198313e-01]
 [ 1.76731051e-02 -1.07868869e-02  1.46390017e-02]
 [ 2.71570242e-01  1.09736906e+01  1.78799813e-01]
 [-4.24172528e-02 -4.71489588e+00 -6.59929871e-02]
 [ 9.90886635e-02  1.64745156e-02 -5.97689302e-02]
 [ 2.30724959e-01  9.29460925e+00  1.55217730e-01]
 [ 1.76563264e-01 -2.30305090e-01  5.88866515e-02]
 [ 1.39939178e-01 -9.80334763e-01  1.05647853e-01]
 [ 2.41306762e-01  2.04757283e+00  8.29718618e-02]] 
lwh_diff, org - ref: 
[[-0.12567377 -0.04022741  0.12656343]
 [-0.12567377 -0.04022741  0.12656343]
 [-0.12567377 -0.04022741  0.12656343]
 [-0.12567377 -0.04022741  0.12656343]
 [-0.12567377 -0.04022741  0.12656343]
 [-0.12567377 -0.04022741  0.12656343]
 [-0.12567377 -0.04022741  0.12656343]
 [-0.12567377 -0.04022741  0.12656343]
 [-0.12567377 -0.04022741  0.12656343]
 [-0.12567377 -0.04022741  0.12656343]
 [-0.12567377 -0.04022741  0.12656343]
 [-0.12567377 -0.04022741  0.12656343]
 [-0.12567377 -0.04022741  0.12656343]
 [-0.12567377 -0.04022741  0.12656343]
 [-0.12567377 -0.04022741  0.12656343]
 [-0.12567377 -0.04022741  0.12656343]
 [-0.12567377 -0.04022741  0.12656343]
 [-0.12567377 -0.04022741  0.12656343]
 [-0.08132172  0.01882505  0.07575393]
 [-0.08132172  0.01882505  0.07575393]
 [-0.02688503 -0.00209141  0.05986321]
 [ 0.02621269 -0.03012967  0.12147903]
 [ 0.11041546  0.00324965  0.14006424]] 
socre, org, ref: 
[[5.81017397e-02 2.10688745e-06]
 [5.35882637e-02 6.25046159e-05]
 [5.35882637e-02 1.01532976e-04]
 [5.35882637e-02 9.28528209e-07]
 [5.35882637e-02 5.81706227e-05]
 [5.35882637e-02 1.98594171e-05]
 [5.35882637e-02 1.01532976e-04]
 [6.67420551e-02 6.01816319e-05]
 [5.31437509e-02 1.29560167e-05]
 [5.31437509e-02 3.92836137e-06]
 [5.31437509e-02 1.75960795e-05]
 [5.31437509e-02 8.81698634e-06]
 [5.31437509e-02 1.01866608e-04]
 [5.31437509e-02 1.01866608e-04]
 [1.51206687e-01 3.88749140e-05]
 [1.51206687e-01 3.75587729e-06]
 [6.68094158e-02 2.06199009e-04]
 [9.86590907e-02 1.22255788e-05]
 [1.50095254e-01 1.49005418e-05]
 [6.74665868e-02 6.27062982e-04]
 [1.09974317e-01 3.35230725e-05]
 [1.00314058e-01 3.53799369e-05]
 [1.33658603e-01 1.90976600e-04]] 
obj_id: 1327 =============
xyz_diff, org - ref: 
[[-4.44085208e-01 -1.10027788e+01 -3.90859563e-01]
 [ 7.49834369e-02 -3.61149833e+00 -1.21249699e-01]
 [ 1.06998914e-01 -2.54583134e-03 -1.40326171e-01]
 [ 1.11027102e-01  3.88888330e-01 -4.86354067e-02]
 [-4.50311206e-01 -1.22533362e+01 -4.42430283e-01]
 [ 1.57029078e-01  1.42812923e-01 -7.19113036e-03]
 [-3.88855357e-01 -1.03600978e+01 -3.81543785e-01]
 [-9.15751405e-02 -6.64839318e+00 -1.66316731e-01]
 [-7.16132668e-01 -1.04772307e+01 -5.67209826e-01]] 
lwh_diff, org - ref: 
[[0.13242388 0.02509916 0.01552689]
 [0.13242388 0.02509916 0.01552689]
 [0.13242388 0.02509916 0.01552689]
 [0.13242388 0.02509916 0.01552689]
 [0.13242388 0.02509916 0.01552689]
 [0.13242388 0.02509916 0.01552689]
 [0.13242388 0.02509916 0.01552689]
 [0.13242388 0.02509916 0.01552689]
 [0.13242388 0.02509916 0.01552689]] 
socre, org, ref: 
[[5.62144294e-02 3.26390291e-04]
 [6.91366196e-02 1.41781411e-05]
 [6.91366196e-02 1.33349886e-05]
 [9.18629840e-02 4.18038398e-05]
 [9.18629840e-02 6.05250352e-05]
 [1.03696555e-01 1.20102823e-05]
 [8.08917135e-02 2.49724835e-04]
 [5.82766384e-02 9.10211747e-05]
 [3.16040032e-02 1.92192801e-05]] 
obj_id: 1460 =============
xyz_diff, org - ref: 
[[-2.26017994e-01  2.35005135e+00  4.30929291e-02]
 [-3.24252446e-01 -1.30555512e+01 -1.53324526e-01]
 [ 2.94343908e-01 -1.23851874e+01  3.38862238e-02]
 [ 2.94343908e-01 -1.23851874e+01  3.38862238e-02]
 [ 2.94343908e-01 -1.23851874e+01  3.38862238e-02]
 [ 2.94343908e-01 -1.23851874e+01  3.38862238e-02]
 [ 2.94343908e-01 -1.23851874e+01  3.38862238e-02]
 [ 9.24275549e-03 -2.34860215e+01 -7.21996603e-02]
 [ 4.13091479e-01  7.07805800e+00  2.03004878e-01]
 [-7.76659371e-02 -1.26816927e+01 -1.45447360e-01]
 [ 2.03970294e-01 -1.16354464e+01  3.17123575e-02]
 [ 1.94243915e-02 -2.15317563e-02 -3.67204018e-02]
 [-2.80854385e-01 -1.31607888e+01 -5.28601885e-01]
 [-2.59528028e-01 -1.26559018e+01 -3.04257185e-01]
 [-2.59528028e-01 -1.26559018e+01 -3.04257185e-01]
 [-2.59528028e-01 -1.26559018e+01 -3.04257185e-01]
 [-2.59528028e-01 -1.26559018e+01 -3.04257185e-01]
 [-2.46652247e-01 -1.21307191e+01 -2.91191492e-01]] 
lwh_diff, org - ref: 
[[ 0.54214048  0.06660104  0.04124618]
 [ 0.54214048  0.06660104  0.04124618]
 [ 0.54214048  0.06660104  0.04124618]
 [ 0.54214048  0.06660104  0.04124618]
 [ 0.54214048  0.06660104  0.04124618]
 [ 0.54214048  0.06660104  0.04124618]
 [ 0.54214048  0.06660104  0.04124618]
 [ 0.54214048  0.06660104  0.04124618]
 [ 0.54214048  0.06660104  0.04124618]
 [ 0.54214048  0.06660104  0.04124618]
 [ 0.54214048  0.06660104  0.04124618]
 [ 0.36553288 -0.01782513  0.01919317]
 [ 0.36553288 -0.01782513  0.01919317]
 [ 0.36553288 -0.01782513  0.01919317]
 [ 0.36553288 -0.01782513  0.01919317]
 [ 0.36553288 -0.01782513  0.01919317]
 [ 0.36553288 -0.01782513  0.01919317]
 [ 0.36553288 -0.01782513  0.01919317]] 
socre, org, ref: 
[[3.5106555e-02 2.8247875e-04]
 [4.2594150e-02 3.1786287e-04]
 [4.2594150e-02 3.0782504e-04]
 [4.2594150e-02 3.0782504e-04]
 [4.2594150e-02 3.0782504e-04]
 [4.2594150e-02 3.0782504e-04]
 [4.2594150e-02 3.0782504e-04]
 [4.2594150e-02 8.3388390e-05]
 [4.2594150e-02 1.6245407e-05]
 [1.1263576e-01 3.4649571e-04]
 [6.9131263e-02 2.7455858e-04]
 [1.7262270e-01 2.1618407e-02]
 [1.7262270e-01 5.5149198e-04]
 [4.5328926e-02 2.8121131e-03]
 [4.5328926e-02 2.8121131e-03]
 [4.5328926e-02 2.8121131e-03]
 [4.5328926e-02 2.8121131e-03]
 [3.1288553e-02 2.7558755e-03]] 
obj_id: 1747 =============
xyz_diff, org - ref: 
[[ 4.91816117e-02 -6.54828851e-03 -2.06795430e-01]
 [-1.08941986e+00 -9.52673962e+00 -3.37361549e-01]
 [-1.11037184e-01 -4.87923912e-01 -2.43700285e-02]
 [-3.49064316e-01 -5.08114939e+00 -1.77448002e-01]
 [ 1.38925798e-01  2.55724663e-02 -7.84146010e-02]
 [-4.68276308e-01 -6.23938613e+00 -3.55561227e-02]
 [ 4.66409456e-02  9.10612940e-02  4.55818373e-02]
 [ 1.06865388e-01  7.89027940e-03  6.00075424e-03]
 [-4.46900827e-01 -5.37518106e+00 -1.89268055e-01]
 [-7.38097904e-01 -3.74182110e+00 -1.65575993e-03]
 [-3.89967333e-01 -4.51471640e+00 -1.66660194e-01]
 [-5.96285044e-01 -2.73535770e+00 -8.04386148e-02]
 [ 6.22973253e-01  6.20114597e+00  4.87677171e-02]
 [-3.96591460e-01 -6.73802673e+00 -2.01998633e-01]
 [-4.94398960e-01 -6.30298716e+00 -2.19662609e-01]
 [ 5.64278334e-01  4.32843027e+00  1.73635228e-01]
 [ 4.76645165e-03 -2.15368740e-02 -1.87553398e-02]
 [ 4.27803879e-02  4.56965738e-03 -3.70261025e-02]
 [-9.94409284e-01 -9.37646437e+00 -3.16835027e-01]
 [-4.30669732e-01 -5.32108325e+00 -3.56450159e-02]] 
lwh_diff, org - ref: 
[[ 0.08184576 -0.10051894  0.10590494]
 [ 0.08184576 -0.10051894  0.10590494]
 [ 0.08184576 -0.10051894  0.10590494]
 [ 0.08184576 -0.10051894  0.10590494]
 [ 0.08184576 -0.10051894  0.10590494]
 [ 0.08184576 -0.10051894  0.10590494]
 [ 0.08184576 -0.10051894  0.10590494]
 [ 0.08184576 -0.10051894  0.10590494]
 [ 0.08184576 -0.10051894  0.10590494]
 [ 0.08184576 -0.10051894  0.10590494]
 [ 0.08184576 -0.10051894  0.10590494]
 [ 0.08184576 -0.10051894  0.10590494]
 [ 0.08184576 -0.10051894  0.10590494]
 [ 0.08184576 -0.10051894  0.10590494]
 [ 0.08184576 -0.10051894  0.10590494]
 [ 0.08184576 -0.10051894  0.10590494]
 [ 0.08184576 -0.10051894  0.10590494]
 [-0.05631781 -0.08323264  0.05111146]
 [-0.05631781 -0.08323264  0.05111146]
 [-0.05631781 -0.08323264  0.05111146]] 
socre, org, ref: 
[[5.4133624e-02 2.0039983e-05]
 [3.2603316e-02 8.5186193e-06]
 [3.2603316e-02 5.7662957e-05]
 [3.2603316e-02 1.8338134e-05]
 [6.3442834e-02 2.8213854e-06]
 [6.3442834e-02 1.1103619e-05]
 [6.3442834e-02 9.7210814e-06]
 [6.3442834e-02 3.9248211e-05]
 [6.3442834e-02 1.3738239e-05]
 [5.1279459e-02 1.6253196e-05]
 [5.1279459e-02 1.5461430e-05]
 [9.7956449e-02 1.5035411e-05]
 [9.7956449e-02 4.9714754e-06]
 [8.3604112e-02 6.5111453e-07]
 [8.3604112e-02 1.2822332e-05]
 [8.3604112e-02 8.3428349e-06]
 [1.2153916e-01 4.3530326e-07]
 [1.3400418e-01 2.5136559e-04]
 [5.6151722e-02 1.5570746e-05]
 [3.4797814e-02 2.1890702e-07]] 
obj_id: 1464 =============
xyz_diff, org - ref: 
[[ 2.07119605e-01 -1.60044970e+00  9.92514014e-02]
 [ 3.99661172e-01  3.58634151e+00  3.75588636e-01]
 [ 1.64389276e-02 -3.99458425e-03  9.08297002e-02]
 [-5.30532109e-02 -2.31128078e+00  1.07144308e-01]
 [ 3.03334526e-01  8.61646373e-01  3.21922672e-01]
 [ 2.35201188e-01  5.75998713e-02  9.95149543e-02]
 [ 2.72093393e-01 -2.66959640e+00  4.49648050e-02]
 [ 1.21729733e-01  1.84407138e-02  4.17929685e-02]
 [-1.38072471e-01 -4.36174127e+00  6.20882899e-02]] 
lwh_diff, org - ref: 
[[ 0.25837851 -0.00263286  0.18386912]
 [ 0.25837851 -0.00263286  0.18386912]
 [ 0.25837851 -0.00263286  0.18386912]
 [ 0.25837851 -0.00263286  0.18386912]
 [ 0.25837851 -0.00263286  0.18386912]
 [ 0.25837851 -0.00263286  0.18386912]
 [ 0.25837851 -0.00263286  0.18386912]
 [ 0.25837851 -0.00263286  0.18386912]
 [ 0.25837851 -0.00263286  0.18386912]] 
socre, org, ref: 
[[8.5783184e-02 4.4660650e-05]
 [8.2132958e-02 4.8661786e-05]
 [9.9072926e-02 2.2125161e-05]
 [9.9072926e-02 2.3289254e-05]
 [8.0891714e-02 1.3499577e-04]
 [5.5551320e-02 8.1452104e-05]
 [1.0324905e-01 7.0370920e-06]
 [1.0324905e-01 1.6052587e-05]
 [6.2515683e-02 1.4115700e-06]] 
obj_id: 1559 =============
xyz_diff, org - ref: 
[[ 4.19962580e-01  1.08995485e+01  2.49539362e-01]
 [ 2.06633318e-01  4.03805796e+00 -1.59766947e-02]
 [ 1.35092057e-01  3.05907749e+00  5.01243550e-02]
 [ 5.42940449e-02 -5.14778688e-03  3.49402224e-02]
 [-4.23688929e-01 -1.15208348e+01 -1.34020737e-01]
 [ 3.72167335e-01  9.05986955e+00  2.07359183e-01]
 [-4.74685516e-01 -1.27042991e+01 -1.59555365e-01]
 [ 2.21951639e-01  1.13653904e+01  1.89482602e-01]
 [-4.80562682e-02 -2.74801327e+00 -7.17127677e-03]
 [ 2.96899329e-02 -8.56386100e-03  3.81425289e-03]
 [ 9.58344436e-02  7.03939005e-02 -3.80516450e-02]
 [ 6.73373642e-01  1.03854540e+01  3.60202695e-01]
 [ 4.37638945e-01  1.16900455e+01  2.34986466e-01]
 [ 2.85528804e-02  1.88194278e-02  3.36102298e-04]
 [ 7.46389611e-02  6.96538919e-02  2.40839192e-02]
 [ 1.46935772e-01  7.10064945e+00  1.22039889e-01]
 [ 1.99244323e-01  1.53771566e+00  1.48664308e-02]
 [-5.70154254e-01 -6.22600967e+00 -2.23323008e-01]] 
lwh_diff, org - ref: 
[[-4.82850075e-02 -6.81903362e-02  1.36626720e-01]
 [-4.82850075e-02 -6.81903362e-02  1.36626720e-01]
 [-4.82850075e-02 -6.81903362e-02  1.36626720e-01]
 [-4.82850075e-02 -6.81903362e-02  1.36626720e-01]
 [-4.82850075e-02 -6.81903362e-02  1.36626720e-01]
 [-4.82850075e-02 -6.81903362e-02  1.36626720e-01]
 [-4.82850075e-02 -6.81903362e-02  1.36626720e-01]
 [-4.82850075e-02 -6.81903362e-02  1.36626720e-01]
 [-4.82850075e-02 -6.81903362e-02  1.36626720e-01]
 [-4.82850075e-02 -6.81903362e-02  1.36626720e-01]
 [-6.79244995e-02  2.49652863e-02  1.05016470e-01]
 [-6.79244995e-02  2.49652863e-02  1.05016470e-01]
 [ 8.52603912e-02  8.55922699e-05  2.00868130e-01]
 [ 1.15728378e-02  1.49409771e-02  1.48843884e-01]
 [-1.86498642e-01 -3.73426676e-02  1.19690061e-01]
 [-1.86498642e-01 -3.73426676e-02  1.19690061e-01]
 [-1.86498642e-01 -3.73426676e-02  1.19690061e-01]
 [-1.86498642e-01 -3.73426676e-02  1.19690061e-01]] 
socre, org, ref: 
[[3.2703776e-02 1.5132532e-04]
 [5.7300311e-02 4.5747447e-06]
 [5.7300311e-02 1.5571131e-05]
 [5.7300311e-02 3.2446831e-05]
 [5.7300311e-02 3.5967219e-05]
 [5.7300311e-02 8.2150116e-05]
 [9.7694658e-02 5.7747067e-05]
 [9.7694658e-02 6.6605567e-06]
 [1.0620601e-01 6.1325605e-05]
 [1.0620601e-01 1.1896179e-05]
 [1.4238757e-01 7.2074863e-03]
 [5.0263941e-02 1.4674673e-03]
 [1.3282904e-01 5.2335377e-05]
 [1.2756990e-01 5.3036645e-05]
 [2.1746144e-01 4.3934288e-05]
 [2.1746144e-01 8.6418047e-05]
 [2.1746144e-01 1.0059222e-04]
 [3.3134814e-02 3.0626707e-05]] 
obj_id: 1459 =============
xyz_diff, org - ref: 
[[ 5.43579333e-01 -1.19219986e+01 -3.17265438e-01]
 [ 4.96860408e-01 -9.85327479e+00 -1.20980916e-01]
 [ 1.40902447e+00 -2.61465788e+01 -8.45942934e-01]
 [ 5.02374530e-01 -5.02794593e-01  1.70658949e-02]
 [ 4.71819794e-01 -9.73075422e+00 -1.87231531e-01]
 [ 3.70503591e-02 -3.50893897e-03  2.47277771e-03]
 [ 1.56609638e-02 -1.20777199e-02 -6.05980490e-02]
 [ 1.44942542e-01 -5.19726124e+00 -1.79134262e-01]
 [ 4.73202472e-02  9.35224120e-01 -1.42485970e-02]
 [ 4.69879036e-02  5.51551242e-01  4.01434910e-02]
 [ 3.26313202e-01 -5.26251992e+00 -1.08341939e-01]] 
lwh_diff, org - ref: 
[[ 0.16991091 -0.10054266  0.05138457]
 [ 0.16991091 -0.10054266  0.05138457]
 [ 0.16991091 -0.10054266  0.05138457]
 [ 0.16991091 -0.10054266  0.05138457]
 [ 0.16991091 -0.10054266  0.05138457]
 [ 0.16991091 -0.10054266  0.05138457]
 [ 0.07765722 -0.07049131 -0.01473475]
 [ 0.09040117 -0.07585382  0.00105488]
 [ 0.09040117 -0.07585382  0.00105488]
 [ 0.09040117 -0.07585382  0.00105488]
 [ 0.09040117 -0.07585382  0.00105488]] 
socre, org, ref: 
[[9.3888447e-02 7.2588614e-04]
 [6.4465709e-02 2.5131801e-04]
 [6.4465709e-02 5.5723071e-02]
 [6.4465709e-02 1.0584780e-03]
 [9.7920597e-02 3.1811555e-04]
 [1.7327313e-01 1.2913027e-03]
 [1.7970489e-01 2.6624748e-01]
 [1.5655093e-01 3.7240896e-02]
 [1.5655093e-01 1.8648881e-03]
 [5.6882579e-02 1.5931359e-03]
 [9.1396406e-02 4.9169529e-03]] 
obj_id: 1290 =============
xyz_diff, org - ref: 
[[-2.52479284e-01 -3.98791205e+00 -1.61603295e-02]
 [ 2.10562788e-01  1.33872548e+01  3.06007353e-01]
 [-1.45181983e-01  5.69055607e+00  1.45403258e-01]
 [-4.48162529e-01  1.16596916e+00  5.10063055e-02]
 [-1.23636632e+00 -1.63306446e+01 -3.22576122e-01]
 [ 1.54269845e-02  1.38017371e+01  2.63167335e-01]
 [ 1.51881998e-01  1.34263391e+01  2.87500414e-01]
 [ 3.13089130e-02  8.65057750e+00  1.16015902e-01]
 [ 2.29598643e-01  8.47527746e+00  2.54831071e-01]
 [-3.60562854e-01  5.24237193e+00  1.60226472e-01]
 [ 1.83113142e-02  5.75848642e-02  6.37941726e-02]
 [-2.29203335e-01 -5.91729812e+00 -1.32841826e-01]
 [ 2.58557166e-02  3.74343652e-02  3.61863870e-03]
 [-2.97828398e-01 -6.61043187e+00 -1.03729949e-01]
 [ 2.03276788e-03  7.71277387e-03  1.14607162e-02]
 [-2.23845309e-02 -1.55121199e-02 -3.65505086e-02]
 [-1.02216504e-01  4.93249270e+00  1.78058052e-01]
 [-2.26097377e-01  4.33617580e+00  1.73846152e-01]] 
lwh_diff, org - ref: 
[[ 0.04624224  0.02642322  0.05535579]
 [ 0.04624224  0.02642322  0.05535579]
 [ 0.04624224  0.02642322  0.05535579]
 [ 0.04624224  0.02642322  0.05535579]
 [ 0.04624224  0.02642322  0.05535579]
 [ 0.04624224  0.02642322  0.05535579]
 [ 0.04624224  0.02642322  0.05535579]
 [ 0.04624224  0.02642322  0.05535579]
 [ 0.04624224  0.02642322  0.05535579]
 [ 0.28231907  0.02922964  0.14131391]
 [ 0.13140488  0.03209782  0.05571711]
 [ 0.13140488  0.03209782  0.05571711]
 [ 0.13140488  0.03209782  0.05571711]
 [ 0.19894981  0.03982472  0.06538236]
 [ 0.05590343  0.01317859  0.01868522]
 [-0.03954315 -0.0379169   0.04390347]
 [ 0.12408495  0.01520562  0.04064751]
 [ 0.12408495  0.01520562  0.04064751]] 
socre, org, ref: 
[[1.03914201e-01 4.08849068e-04]
 [1.03914201e-01 5.30385660e-05]
 [6.41202852e-02 7.50524996e-05]
 [6.40399083e-02 2.95592053e-03]
 [6.40399083e-02 4.38030293e-05]
 [6.40399083e-02 8.64007859e-04]
 [9.36586112e-02 6.25046669e-05]
 [9.36586112e-02 6.55090989e-05]
 [9.36586112e-02 5.57451276e-04]
 [1.20634161e-01 1.17140655e-04]
 [1.19984858e-01 5.56692597e-04]
 [1.19984858e-01 5.39024259e-05]
 [1.19984858e-01 3.84554733e-04]
 [1.20272048e-01 1.17416016e-03]
 [1.57478452e-01 5.56908781e-04]
 [1.55416340e-01 5.13772284e-05]
 [1.25583962e-01 7.75078079e-04]
 [5.09013012e-02 9.13293683e-04]] 
obj_id: 1326 =============
xyz_diff, org - ref: 
[[-3.61552413e-02  4.26912091e-02 -1.67989450e-02]
 [-4.71022441e-02  4.88843738e-03  3.87289185e-02]
 [ 1.35646347e-01 -2.63424453e+00 -2.38850480e-02]
 [ 8.97928543e-02 -7.86246464e-01 -3.69297544e-02]
 [ 6.84772143e-02  1.65365500e-02  6.15315619e-02]
 [ 1.22005658e-01  5.23738702e-02  1.99210818e-02]
 [ 1.62275383e-01 -1.63763610e+00  4.34133844e-02]
 [-5.79474754e-01  1.16361498e+01  2.97463607e-01]] 
lwh_diff, org - ref: 
[[-0.09468222  0.04396367 -0.0226953 ]
 [ 0.37643194  0.05548     0.12911057]
 [ 0.31191111  0.06645012  0.1208899 ]
 [-0.31232882 -0.08729136 -0.01290381]
 [-0.31232882 -0.08729136 -0.01290381]
 [-0.31232882 -0.08729136 -0.01290381]
 [-0.31232882 -0.08729136 -0.01290381]
 [-0.31232882 -0.08729136 -0.01290381]] 
socre, org, ref: 
[[1.09054260e-01 2.70979125e-02]
 [1.26528502e-01 5.46711013e-02]
 [1.27291143e-01 1.40756685e-02]
 [1.21487871e-01 1.19250020e-04]
 [1.21487871e-01 4.88376757e-03]
 [7.70177916e-02 2.00712681e-01]
 [7.70177916e-02 1.32889242e-03]
 [4.16505300e-02 1.37702635e-04]] 
obj_id: 1465 =============
xyz_diff, org - ref: 
[[ 1.97204944e-01 -1.23101686e+01 -2.19636430e-01]
 [ 3.57208374e-01  1.05572259e+01  2.13995602e-01]
 [ 2.27036515e-01 -7.08690934e+00 -9.09026121e-02]
 [ 2.02331141e-02  2.44045538e-02 -3.25553536e-02]
 [ 3.46971566e-01  4.85017668e+00  7.75602668e-02]
 [ 3.84256017e-01  2.46969177e+00  6.23959709e-02]
 [-1.86198431e-01 -7.22684795e+00 -3.45808380e-01]
 [ 2.50107773e-01  4.53650786e+00  7.40229853e-03]
 [ 2.85837701e-01 -6.35606960e+00 -1.61734190e-01]
 [ 6.56574674e-01  1.10324382e+00  1.11261978e-01]
 [-5.21727396e-01 -1.61991613e+01 -3.11788409e-01]] 
lwh_diff, org - ref: 
[[-0.24229431 -0.19010127 -0.08173192]
 [-0.24229431 -0.19010127 -0.08173192]
 [-0.24229431 -0.19010127 -0.08173192]
 [-0.24229431 -0.19010127 -0.08173192]
 [-0.24229431 -0.19010127 -0.08173192]
 [-0.24229431 -0.19010127 -0.08173192]
 [ 0.26355886 -0.01227713 -0.03257775]
 [ 0.26355886 -0.01227713 -0.03257775]
 [-0.02121496 -0.09421229  0.02774823]
 [-0.09609318 -0.07019877 -0.00104403]
 [-0.09609318 -0.07019877 -0.00104403]] 
socre, org, ref: 
[[9.2743576e-02 8.2980114e-05]
 [8.5070714e-02 9.2182789e-05]
 [8.6655885e-02 2.0903282e-04]
 [1.0124801e-01 1.3121420e-04]
 [1.0124801e-01 9.4459465e-05]
 [7.3822372e-02 2.8973297e-04]
 [1.1742344e-01 3.8466531e-01]
 [4.2925563e-02 6.5345535e-05]
 [1.2301322e-01 1.0089263e-04]
 [1.7442589e-01 1.9134923e-04]
 [3.5344467e-02 3.9468793e-04]] 
obj_id: 1392 =============
xyz_diff, org - ref: 
[[-0.01601819  0.00116846 -0.00322734]
 [-0.01910242  0.01788724  0.001701  ]
 [-0.0200829   0.01013349  0.00488752]
 [-0.02120961  0.00660625  0.0056384 ]
 [-0.00524741 -0.00787669  0.00308122]
 [-0.00620249 -0.00588518  0.00302195]
 [-0.01440625  0.00702319 -0.00151444]
 [-0.01136846 -0.00759484 -0.00362162]
 [-0.00943221 -0.02543679  0.01244985]
 [-0.00920189  0.00411469  0.00778527]
 [-0.02114813 -0.00033702 -0.0006377 ]
 [-0.01527103  0.00279392  0.00016666]] 
lwh_diff, org - ref: 
[[-0.21375847 -0.0550518  -0.03822267]
 [-0.20535564 -0.05019808  0.01050663]
 [-0.10410309 -0.03205085 -0.0147028 ]
 [-0.10946369 -0.03217149 -0.00761998]
 [-0.08737469 -0.01848745 -0.01597464]
 [ 0.00571442 -0.03251863  0.17752564]
 [-0.18250895 -0.03839803 -0.09028685]
 [-0.25038385 -0.06826115 -0.05307758]
 [-0.21719456 -0.06808448  0.0126965 ]
 [-0.03141451 -0.00878096  0.00144577]
 [-0.09147263 -0.04875565  0.03754556]
 [-0.00377893 -0.01378417  0.03878772]] 
socre, org, ref: 
[[0.28164294 0.20602742]
 [0.3346805  0.12899615]
 [0.33077857 0.05303983]
 [0.34368503 0.05247562]
 [0.31356075 0.09663302]
 [0.31834972 0.15409037]
 [0.4136948  0.06802157]
 [0.3362743  0.01783477]
 [0.28014523 0.07707588]
 [0.35192353 0.24968858]
 [0.31919134 0.19544947]
 [0.11415591 0.4134188 ]] 
obj_id: 1463 =============
xyz_diff, org - ref: 
[[ 3.78779597e-01  4.22673916e+00  6.94742819e-01]
 [ 1.09352702e+00 -8.58915328e+00  4.63407326e-01]
 [ 3.85590129e-01 -1.27683123e+00  1.24198188e-01]
 [ 1.06813464e+00 -9.00127522e+00  1.43966855e-01]
 [ 1.22691722e+00 -4.35826962e+00  1.67292452e-01]
 [ 1.25222022e+00 -4.68720148e+00  1.60016177e-01]
 [ 1.25222022e+00 -4.68720148e+00  1.60016177e-01]
 [ 1.25222022e+00 -4.68720148e+00  1.60016177e-01]
 [ 1.22892512e+00 -4.56719117e+00  1.61785457e-01]
 [ 1.22937881e+00 -4.44748910e+00  1.65126910e-01]
 [-7.29715465e-03 -8.91725976e-02 -3.92187504e-02]
 [ 6.06228053e-01 -1.00981122e+01 -4.52599831e-01]
 [ 1.34324329e+00 -2.29086273e+01 -8.54438710e-01]
 [ 8.40069884e-01 -1.74345870e+01 -6.91610661e-01]
 [ 5.83870129e-01 -9.94808468e+00 -4.42961266e-01]] 
lwh_diff, org - ref: 
[[-0.14904594  0.06646562 -0.01072204]
 [-0.14904594  0.06646562 -0.01072204]
 [-0.01075172  0.04721415  0.06950796]
 [-0.01075172  0.04721415  0.06950796]
 [-0.01075172  0.04721415  0.06950796]
 [-0.01075172  0.04721415  0.06950796]
 [-0.01075172  0.04721415  0.06950796]
 [-0.01075172  0.04721415  0.06950796]
 [-0.01075172  0.04721415  0.06950796]
 [-0.01075172  0.04721415  0.06950796]
 [-0.20941067  0.07476926  0.08599162]
 [-0.20941067  0.07476926  0.08599162]
 [-0.20941067  0.07476926  0.08599162]
 [-0.20941067  0.07476926  0.08599162]
 [-0.20941067  0.07476926  0.08599162]] 
socre, org, ref: 
[[7.24769235e-02 2.24972464e-04]
 [1.04223102e-01 1.44208013e-03]
 [1.43540710e-01 3.69990990e-02]
 [4.55719940e-02 9.46652703e-03]
 [4.55719940e-02 7.63426628e-03]
 [3.35619301e-02 8.48694053e-03]
 [3.35619301e-02 8.48694053e-03]
 [3.35619301e-02 8.48694053e-03]
 [3.91416810e-02 8.01605638e-03]
 [4.27582897e-02 7.76392361e-03]
 [1.08065352e-01 1.14779705e-02]
 [1.08065352e-01 8.90385360e-04]
 [6.75217807e-02 1.05808853e-04]
 [7.65590146e-02 1.20946672e-03]
 [8.08291957e-02 9.16071876e-04]] 
obj_id: 1466 =============
xyz_diff, org - ref: 
[[ 0.27706589  2.63120274  0.04148598]
 [-0.03661795 -8.02252963 -0.10800779]
 [ 0.18292796  9.61112018  0.19993791]
 [ 0.6852401  14.88162133  0.25473146]
 [ 0.40747792 11.02153289  0.250048  ]
 [ 0.09843605  0.14181691 -0.0313575 ]] 
lwh_diff, org - ref: 
[[-0.07162476 -0.05952179  0.03901291]
 [-0.07162476 -0.05952179  0.03901291]
 [-0.07162476 -0.05952179  0.03901291]
 [-0.07162476 -0.05952179  0.03901291]
 [ 0.15780401  0.08021665  0.11656868]
 [ 0.35560179  0.08174372  0.12096369]] 
socre, org, ref: 
[[1.0098520e-01 2.5448645e-04]
 [9.5660686e-02 1.6625406e-04]
 [6.8756849e-02 8.9936005e-03]
 [6.8756849e-02 7.0519833e-05]
 [1.1479943e-01 1.6628276e-04]
 [1.3806871e-01 2.5175060e-03]] 
obj_id: 1534 =============
xyz_diff, org - ref: 
[[ 0.04193916  0.06876308 -0.00611296]
 [ 0.06598185  0.02088269 -0.00837498]
 [ 1.73282941 -0.16862134 -0.0117445 ]
 [ 1.31887911  0.24845199 -0.09015942]
 [ 1.08929951  0.18286595 -0.07769583]
 [ 0.92293181  0.11886537 -0.10399611]
 [ 0.05254335 -0.04880943 -0.0782629 ]
 [ 2.00291555  0.44224848 -0.1256585 ]
 [ 4.94519876  1.14076027 -0.21309731]
 [ 2.55415891  0.53476004 -0.10600767]
 [ 0.06004537 -0.00904814 -0.0227311 ]
 [ 3.82473299  0.56541225 -0.18438273]
 [ 2.41059676  0.17516171 -0.05826032]] 
lwh_diff, org - ref: 
[[ 0.11436749  0.08624649 -0.05386221]
 [ 0.11436749  0.08624649 -0.05386221]
 [ 0.11436749  0.08624649 -0.05386221]
 [ 0.22234201  0.09363461  0.009902  ]
 [ 0.26789904  0.11117792 -0.01056588]
 [-0.04029417  0.0188508   0.02383351]
 [ 0.20921755  0.08787298  0.01936185]
 [ 0.15727234  0.089885    0.05690336]
 [ 0.12357283  0.08390737  0.09813249]
 [ 0.05127192  0.05664277  0.03537428]
 [ 0.05127192  0.05664277  0.03537428]
 [ 0.20878124  0.09570527  0.02067971]
 [ 0.13014889  0.08407402 -0.02478218]] 
socre, org, ref: 
[[4.4851325e-02 2.1545642e-05]
 [1.1037985e-01 8.7522267e-06]
 [6.6604890e-02 1.3032728e-06]
 [3.0166939e-01 2.1853799e-05]
 [2.9601401e-01 6.8264620e-05]
 [2.2323565e-01 1.3558031e-05]
 [3.0975455e-01 6.1267150e-05]
 [3.1804997e-01 4.0100503e-04]
 [2.5376120e-01 1.4246120e-04]
 [2.0012088e-01 6.5259570e-05]
 [8.3016060e-02 6.3995244e-06]
 [1.8246907e-01 6.2178588e-05]
 [1.2213301e-01 8.5601860e-05]] 
obj_id: 1749 =============
xyz_diff, org - ref: 
[[ 0.20261302  3.25471254  0.03972656]
 [ 0.58245667  6.47609733  0.07827886]
 [ 0.20518524 -0.15451879 -0.06309637]
 [-0.2131948  -3.43819211 -0.05632747]
 [-0.35398137 -5.63922602 -0.12659694]
 [ 0.24770519  0.23993954 -0.04346228]
 [ 0.00685431 -0.01944299 -0.03725355]
 [ 0.19447875 -0.27952088 -0.06851824]
 [ 0.14677242 -1.09993441 -0.10838564]
 [ 0.19858969 -1.05085169  0.04511526]
 [ 0.04420995  0.02270039 -0.01447866]
 [ 0.29787145  4.84253991  0.1999424 ]] 
lwh_diff, org - ref: 
[[ 0.02759838 -0.06644344  0.00578594]
 [ 0.02759838 -0.06644344  0.00578594]
 [ 0.02759838 -0.06644344  0.00578594]
 [ 0.02759838 -0.06644344  0.00578594]
 [ 0.02759838 -0.06644344  0.00578594]
 [ 0.02759838 -0.06644344  0.00578594]
 [ 0.02759838 -0.06644344  0.00578594]
 [ 0.02759838 -0.06644344  0.00578594]
 [ 0.02759838 -0.06644344  0.00578594]
 [ 0.03159904 -0.03846788 -0.04424024]
 [ 0.11808968 -0.05550671  0.01109791]
 [ 0.11808968 -0.05550671  0.01109791]] 
socre, org, ref: 
[[8.8282958e-02 5.5227900e-04]
 [6.0889404e-02 2.2549806e-03]
 [6.0889404e-02 3.8892940e-05]
 [6.0889404e-02 6.9990499e-05]
 [4.4861611e-02 5.6488843e-05]
 [3.7343170e-02 4.7696540e-05]
 [1.0565870e-01 1.3893164e-03]
 [6.6961244e-02 3.5800942e-05]
 [9.2129573e-02 4.2307303e-05]
 [1.0826893e-01 1.3205365e-05]
 [1.0090209e-01 5.5503531e-04]
 [8.3681688e-02 3.1611546e-06]] 
obj_id: 1746 =============
xyz_diff, org - ref: 
[[-0.02979691 -1.65665029 -0.02035596]
 [-0.03165135 -2.09211453 -0.06027408]
 [-0.07572359 -0.10767969  0.04652542]
 [-0.08587225 -0.0280232  -0.08492912]
 [ 0.09472296  0.0042179  -0.11852958]
 [-0.02001437 -0.029396   -0.02440373]
 [ 0.08145709  0.07259165  0.03073257]
 [-0.17821417  1.94951834  0.07866122]
 [-0.18332766  2.01722493  0.07879571]] 
lwh_diff, org - ref: 
[[-0.09584951 -0.11431372 -0.02905583]
 [-0.09584951 -0.11431372 -0.02905583]
 [-0.09584951 -0.11431372 -0.02905583]
 [-0.09584951 -0.11431372 -0.02905583]
 [-0.15240192 -0.05365849 -0.026016  ]
 [-0.15240192 -0.05365849 -0.026016  ]
 [-0.16739798 -0.0382607  -0.06459093]
 [-0.16739798 -0.0382607  -0.06459093]
 [-0.16739798 -0.0382607  -0.06459093]] 
socre, org, ref: 
[[0.09139641 0.00798024]
 [0.12792926 0.02001126]
 [0.12792926 0.07472847]
 [0.12792926 0.02630186]
 [0.15431689 0.04041553]
 [0.09614961 0.001658  ]
 [0.20261696 0.00824936]
 [0.05551996 0.0030559 ]
 [0.09561626 0.00277656]] 
ABC002_1729065279: 
obj_id: 43 =============
xyz_diff, org - ref: 
[[ 0.01425858 -0.03923509 -0.01705128]
 [ 0.02032574 -0.0281969  -0.01494685]
 [ 0.01707397 -0.01801436 -0.01175123]
 [ 0.01573992 -0.00771265 -0.01011795]
 [ 0.01813586 -0.01801518 -0.01893693]
 [ 0.01534603 -0.01173918 -0.02214457]
 [-0.00473138  0.01812812 -0.00852313]
 [ 0.00742698 -0.22424464 -0.02448987]] 
lwh_diff, org - ref: 
[[ 7.56759644e-02  2.77600288e-02 -1.61650300e-01]
 [ 2.41768360e-01  2.20408440e-02 -1.82045102e-01]
 [ 6.67214394e-02  3.22229862e-02 -1.64994836e-01]
 [ 7.97052383e-02  1.97553635e-03 -1.17230296e-01]
 [ 6.18281364e-02  3.05435658e-02 -1.16159916e-01]
 [-2.00066566e-02 -1.87211037e-02 -1.12652183e-01]
 [ 1.11981392e-01  1.35183334e-04 -1.02585673e-01]
 [ 1.11981392e-01  1.35183334e-04 -1.02585673e-01]] 
socre, org, ref: 
[[0.49459845 0.8886135 ]
 [0.38334814 0.8810266 ]
 [0.43445334 0.88147175]
 [0.41207248 0.88159645]
 [0.39461762 0.83209735]
 [0.3672     0.8463684 ]
 [0.40048945 0.8710048 ]
 [0.06473873 0.44796035]] 
obj_id: 2 =============
xyz_diff, org - ref: 
[[-1.02288096e-02 -2.93431761e-02  1.04041878e-03]
 [ 3.38379461e-03  2.17756674e-03  1.42287285e-02]
 [-1.38369079e-02 -2.57046614e-03  7.55517584e-03]
 [ 7.01637173e-03  1.81742516e-02  2.55730060e-02]
 [-7.07850148e-03  1.03493922e-02  1.04022879e-02]
 [-5.54082477e-03  2.96337959e-02  1.67510273e-02]
 [ 3.23979097e-03  2.52292453e-02  1.48619726e-02]
 [ 3.75838382e-03  2.06109023e-02  2.44691043e-03]
 [ 1.25318697e-02  2.10488302e-02  9.38060442e-03]
 [ 9.93668436e-03  1.60313933e-02  5.91118080e-03]
 [ 8.18365779e-03  1.21356134e-02  1.03713129e-02]
 [ 4.88638818e-03  6.25754196e-03  1.24577968e-03]
 [-2.15120674e-03  1.78351314e-02 -6.60417282e-04]
 [-1.57119284e-03 -2.45871102e-03 -2.71616845e-04]
 [-3.72191022e-03 -2.17454595e-03 -5.62921025e-03]
 [-1.67600538e-04  3.04818514e-03 -8.14708221e-03]
 [-7.94860855e-03  8.77711399e-03 -1.72502115e-03]
 [-1.92059836e-02  2.26892134e-02  6.84862306e-03]
 [-4.67077089e-03  1.86045643e-02  2.11489525e-03]
 [-2.08523787e-03  2.09584609e-02 -1.95210772e-03]
 [-4.86626851e-03  7.33576789e-03 -3.71373482e-03]
 [-6.40902917e-03  1.75231083e-02 -8.68101046e-06]
 [-1.00277704e-03  2.49560086e-02  3.82408472e-04]
 [ 5.87775092e-03  6.01032819e-03  2.02925131e-03]
 [ 4.13159345e-03  2.03994200e-02  1.51902251e-02]
 [ 2.78300974e-03  2.68444507e-02  3.12542767e-03]
 [ 9.55087783e-03  1.40917083e-02  8.38817633e-03]
 [ 6.92748862e-03  1.75305591e-02  1.37155330e-02]
 [ 1.38235397e-02  3.04217000e-02  5.38830780e-03]
 [ 5.41097600e-03  1.66444860e-02  1.75856539e-03]
 [ 1.02050772e-02  3.22561251e-02  1.33939743e-02]
 [ 8.07785196e-03  3.29288447e-02  1.72333285e-02]
 [ 1.30612043e-02  3.05399575e-02  2.39643039e-02]
 [ 1.51428739e-02  2.86623546e-02  2.82010270e-02]
 [ 5.60336489e-03  2.92107310e-02  2.73118457e-02]
 [ 2.30607820e-03  4.17422709e-03  1.62552494e-02]
 [-2.93989594e-03 -6.05247849e-03  1.13434718e-02]
 [-1.68916809e-02 -5.14916537e-02 -2.26190801e-02]
 [ 2.18088410e-04 -4.68368230e-02 -7.16365226e-03]
 [-9.73823863e-03 -1.94959526e-02 -1.72170926e-03]] 
lwh_diff, org - ref: 
[[ 0.16735697 -0.03987718  0.21700907]
 [ 0.14301252  0.00799513  0.11303973]
 [ 0.05544376 -0.01413798  0.18445075]
 [ 0.07450867 -0.02869773  0.15892971]
 [ 0.2250042  -0.01139784  0.27527022]
 [ 0.2764945  -0.01909924  0.17542577]
 [ 0.08938503 -0.03881359  0.16041732]
 [-0.01029062 -0.04493594  0.11670661]
 [ 0.23888397 -0.01994228  0.09710729]
 [ 0.05255985 -0.04426146  0.11853683]
 [ 0.27722645  0.05347085  0.26387072]
 [ 0.07117271 -0.0008812   0.16277993]
 [ 0.28729916 -0.02027845  0.01939929]
 [-0.04892111 -0.03409958  0.07845461]
 [ 0.11013651 -0.00714231  0.12343335]
 [ 0.31751537 -0.00420356  0.13828945]
 [ 0.28561163 -0.0047729   0.19789088]
 [ 0.11927795 -0.06273651  0.10822856]
 [ 0.11250782 -0.08449149  0.13540018]
 [ 0.14049911 -0.03526235  0.11234128]
 [ 0.19081259 -0.03791785  0.0618763 ]
 [ 0.16047812  0.00837541  0.10668159]
 [ 0.11407423 -0.01210546  0.10076225]
 [ 0.01373768 -0.06644368  0.18480778]
 [ 0.0878768  -0.04628181  0.17100453]
 [ 0.16837645 -0.01823092  0.07469726]
 [ 0.05105877 -0.07279181  0.05148685]
 [ 0.04512501 -0.02919412  0.09608757]
 [-0.06288671 -0.08790827 -0.06035042]
 [ 0.18972301 -0.0271709   0.2041961 ]
 [ 0.11503983 -0.07092452  0.0984956 ]
 [ 0.17971373 -0.04376817 -0.04496706]
 [ 0.19618893 -0.0278554   0.11129034]
 [ 0.1894412  -0.04383922  0.04587698]
 [ 0.0602107  -0.06781459  0.05764139]
 [-0.000916   -0.05243778  0.09625244]
 [-0.0070591  -0.01469588  0.07908535]
 [ 0.14666128 -0.03486395  0.13867283]
 [ 0.12647009  0.00983858  0.1123358 ]
 [ 0.09015465 -0.05506539  0.14210558]] 
socre, org, ref: 
[[5.5770046e-01 5.5542619e-06]
 [4.4597924e-01 2.9178322e-05]
 [5.0063705e-01 1.3007445e-06]
 [4.4352260e-01 1.4648921e-06]
 [4.8561573e-01 1.2607067e-06]
 [5.0856036e-01 3.2621313e-06]
 [4.9430645e-01 4.5865354e-06]
 [4.6802345e-01 4.1647309e-06]
 [4.1096330e-01 6.3869525e-06]
 [4.0089709e-01 3.7108407e-06]
 [4.0384638e-01 1.3649475e-05]
 [4.9774107e-01 6.9782918e-06]
 [4.4251379e-01 2.8263892e-06]
 [4.3762639e-01 1.2943554e-05]
 [3.7389022e-01 1.3560104e-05]
 [3.7396130e-01 5.4777761e-06]
 [2.8365406e-01 1.5385542e-05]
 [2.2308399e-01 1.8642359e-05]
 [2.5074345e-01 1.1498648e-05]
 [3.9628407e-01 4.4598960e-06]
 [3.0697763e-01 1.8490681e-06]
 [3.7539744e-01 5.4849629e-06]
 [3.9902863e-01 1.7068429e-06]
 [3.8757935e-01 2.8916040e-06]
 [4.4302815e-01 1.0621015e-05]
 [3.4268305e-01 2.2053320e-05]
 [4.3155509e-01 3.4230491e-06]
 [4.1801754e-01 1.5529566e-05]
 [4.1508469e-01 7.5011931e-06]
 [4.5059845e-01 9.1482789e-06]
 [4.1049603e-01 2.6078960e-05]
 [4.5411187e-01 6.7410224e-06]
 [4.3049452e-01 8.1319640e-06]
 [4.3149027e-01 1.9933546e-05]
 [4.6644476e-01 5.6290595e-05]
 [5.1922435e-01 7.7908007e-06]
 [5.0847054e-01 1.1776501e-05]
 [5.0250912e-01 5.3970280e-06]
 [5.1437390e-01 8.5496868e-06]
 [5.1867217e-01 1.5637494e-05]] 
obj_id: 52 =============
xyz_diff, org - ref: 
[[ 0.02888204  0.03755161  0.03094105]
 [ 0.03243032  0.03147455  0.02603874]
 [ 0.03561775  0.03463262  0.02431575]
 [ 0.02821772  0.0292957   0.01198552]
 [ 0.03830211  0.056363    0.00393317]
 [ 0.0349309   0.04509784  0.00310162]
 [ 0.04423904  0.02875188  0.0194975 ]
 [ 0.05671359  0.04109199  0.019852  ]
 [ 0.05992342  0.05556307  0.02181706]
 [ 0.05226223  0.0535534   0.02297764]
 [ 0.03966098  0.05917089  0.024797  ]
 [ 0.04308071  0.06104255  0.01978156]
 [ 0.03572218  0.05554057  0.02232892]
 [ 0.03234697  0.05104487  0.01287561]
 [ 0.02675394  0.04895213  0.01145491]
 [ 0.02856136  0.02897028  0.01458593]
 [ 0.02558934  0.02701942  0.01773491]
 [ 0.02324258  0.02413705  0.01800303]
 [ 0.02800323  0.0340192   0.01205084]
 [ 0.03025523  0.02079859  0.00890246]
 [ 0.02371569  0.03155768  0.0181718 ]
 [ 0.02995814  0.01623909  0.01999916]
 [ 0.03688297  0.01318542  0.00660885]
 [ 0.02305195  0.00690997  0.01643126]
 [ 0.03415189 -0.00883097  0.02138731]
 [ 0.03659819 -0.0156571   0.01591687]
 [ 0.02809483 -0.00313741  0.01653262]
 [ 0.03188322  0.00343326  0.01485671]
 [ 0.0388672  -0.00965181  0.01528215]
 [ 0.04010913 -0.0144005   0.01800113]
 [ 0.02981811  0.01722166  0.01327584]
 [ 0.02872769  0.01246194  0.02012597]
 [ 0.03707606  0.00698385  0.01694526]
 [ 0.02497647  0.01323637  0.01158738]
 [ 0.03290083  0.00550911  0.01988646]
 [ 0.02664917  0.02722931  0.01712917]] 
lwh_diff, org - ref: 
[[ 0.19953871  0.03051233 -0.05210793]
 [ 0.17361498  0.05280471  0.00223458]
 [ 0.0085001  -0.00743246 -0.02763045]
 [ 0.1729641   0.01905107  0.03249085]
 [-0.05822086 -0.0358808  -0.05265737]
 [ 0.01996565 -0.00625944  0.01708984]
 [-0.05796957 -0.01527548 -0.0183748 ]
 [-0.16805887 -0.02856803 -0.00622511]
 [-0.25920296 -0.05687141  0.02023172]
 [-0.1714797  -0.02000046 -0.00791371]
 [-0.1368289  -0.00813007  0.02325356]
 [-0.24447012 -0.0429368   0.00321591]
 [-0.24257612 -0.0563252  -0.02530885]
 [-0.15165663  0.006675    0.02561319]
 [-0.31830597 -0.0264442   0.0142324 ]
 [-0.15570974  0.0014689   0.02789271]
 [-0.16780519 -0.03288054 -0.0363791 ]
 [-0.1248765  -0.0349102  -0.02498949]
 [-0.06786871 -0.02272749 -0.03038454]
 [-0.04799747 -0.00781465  0.0015651 ]
 [-0.01630878 -0.00335574  0.01295698]
 [-0.06005573  0.00223279  0.00839341]
 [-0.00955629  0.04774618  0.00632536]
 [-0.04095411  0.01741409 -0.00708318]
 [-0.25230074 -0.04208899 -0.02806842]
 [-0.08410978 -0.02573895 -0.02828383]
 [ 0.00141478 -0.00255203  0.03315485]
 [-0.17976999 -0.03559804 -0.01986623]
 [-0.09561491 -0.03690791 -0.03483415]
 [-0.17335844 -0.01275516 -0.00424659]
 [-0.03164625  0.01231837  0.01855695]
 [ 0.05041027  0.02884984  0.01628804]
 [-0.01570702  0.02124763  0.00492859]
 [-0.04899168  0.00570226 -0.03708255]
 [-0.22225714 -0.02220392 -0.03944588]
 [-0.02385998  0.01776338 -0.025545  ]] 
socre, org, ref: 
[[0.5319795  0.24449109]
 [0.5718607  0.1949087 ]
 [0.5697072  0.39407247]
 [0.56616974 0.39436117]
 [0.5646599  0.52052313]
 [0.5461636  0.63721573]
 [0.524339   0.72726446]
 [0.5319296  0.6557276 ]
 [0.52778995 0.4098446 ]
 [0.59331954 0.6516024 ]
 [0.6115026  0.56545466]
 [0.5893875  0.6251173 ]
 [0.59047496 0.3867774 ]
 [0.45947045 0.4104798 ]
 [0.5103672  0.4043716 ]
 [0.59122854 0.43041024]
 [0.6254831  0.37591407]
 [0.6108259  0.36612147]
 [0.6272004  0.4294597 ]
 [0.59841025 0.6673224 ]
 [0.602746   0.7672792 ]
 [0.56656754 0.5746195 ]
 [0.5840563  0.677049  ]
 [0.52994066 0.5445897 ]
 [0.5474631  0.52563745]
 [0.57366884 0.6705356 ]
 [0.5743027  0.7840878 ]
 [0.5880842  0.6943424 ]
 [0.591922   0.62766546]
 [0.55548614 0.6565498 ]
 [0.5931348  0.6903882 ]
 [0.5727276  0.5864115 ]
 [0.61445904 0.65454006]
 [0.5088844  0.62933517]
 [0.5676911  0.42727774]
 [0.60396504 0.51524615]] 
obj_id: 61 =============
xyz_diff, org - ref: 
[[-0.0083754  -0.00158632  0.00725434]
 [-0.0082487  -0.00930984  0.00824067]
 [-0.00576122 -0.01421564  0.00863001]
 [-0.00552643 -0.01578136  0.00901037]
 [-0.0055791  -0.01557373  0.00696376]
 [-0.00329917 -0.01643195  0.00605235]
 [ 0.0003667  -0.01632989  0.00508995]
 [ 0.00751488 -0.02403596  0.00423311]
 [ 0.00708839 -0.02574202  0.00578681]
 [ 0.0083419  -0.02553798  0.00501509]
 [ 0.00809009 -0.02466304  0.00150088]
 [ 0.00925094 -0.0209266   0.00467531]
 [ 0.01369589  0.00248363  0.01612808]
 [ 0.01180215  0.00834216  0.01459428]
 [ 0.00216841  0.02602246  0.02212851]
 [-0.0010709   0.03376771  0.00687661]
 [-0.00253556  0.03404585  0.00703788]
 [ 0.00916288  0.03594762 -0.00679029]
 [-0.0030468   0.02848475  0.00455325]
 [-0.0036035   0.02348421  0.01122113]
 [-0.00329461  0.01923066  0.00738047]
 [ 0.000764    0.02429771  0.0063483 ]
 [-0.00238764  0.01736821  0.00605705]
 [-0.00388705  0.01423723  0.00370588]
 [-0.0020877   0.01470626  0.00249266]
 [-0.01117082  0.00666003  0.00346156]
 [-0.01126545  0.00436273  0.00302552]
 [-0.00933259  0.00016994  0.0011189 ]
 [-0.0060449   0.00019323  0.00010713]
 [-0.0133525   0.00395372 -0.00367723]
 [-0.00877046  0.01253791  0.00377158]
 [-0.01436162  0.01589016  0.00458892]
 [-0.01259115  0.02037492  0.00443254]
 [-0.01509919  0.0187825   0.00515195]
 [-0.01342224  0.02417403  0.00748212]] 
lwh_diff, org - ref: 
[[ 7.92126656e-02  6.87887669e-02 -5.82339764e-02]
 [-1.30308151e-01  2.41065025e-03 -9.90065336e-02]
 [-9.48033333e-02  5.19609451e-02 -2.52844095e-02]
 [-1.53569698e-01  2.80213356e-02 -3.49199772e-03]
 [-1.09379292e-01  7.25102425e-03 -1.56828403e-01]
 [-2.51088142e-01 -1.69808865e-02 -1.44434929e-01]
 [-3.69638920e-01 -5.11341095e-02 -2.96034813e-02]
 [-1.76708221e-01 -2.05931664e-02 -2.38324404e-02]
 [-2.04781532e-01  4.61626053e-03 -3.46846581e-02]
 [-3.76729012e-01 -4.05261517e-02  6.95037842e-03]
 [-2.13329315e-01 -1.28331184e-02  3.51828337e-02]
 [-2.63504505e-01 -1.06501579e-02  3.49833965e-02]
 [-1.29506111e-01  4.06475067e-02  4.03299332e-02]
 [-1.90548420e-01  1.78875923e-02  4.21881676e-02]
 [-2.50511169e-01  3.60608101e-02  5.92174530e-02]
 [-6.78896904e-02  2.14104652e-02  4.24025059e-02]
 [-8.51225853e-02  2.92973518e-02  4.54336405e-02]
 [-2.99972534e-01 -6.01701736e-02  1.43468380e-03]
 [-1.96042061e-01  2.44572163e-02  9.08088684e-03]
 [-4.16977406e-01 -5.48915863e-02  3.92091274e-02]
 [-4.68964577e-02  9.08093452e-02  2.95649767e-02]
 [-2.07225323e-01  4.73804474e-02  6.47838116e-02]
 [-3.19695950e-01  2.43663788e-04  9.16099548e-03]
 [-1.63873672e-01  6.92622662e-02  2.02044249e-02]
 [-1.97667599e-01  3.62517834e-02  5.51080704e-03]
 [-2.95094490e-01 -1.72352791e-02  2.33385563e-02]
 [-3.28050137e-01  6.24203682e-03 -2.83098221e-03]
 [-2.98967361e-01 -1.94051266e-02  6.06786013e-02]
 [-2.78131008e-01  4.54330444e-03  3.22192907e-02]
 [-1.64291382e-01  4.56986427e-02  7.65982866e-02]
 [-2.22088337e-01  2.75599957e-02  3.05471420e-02]
 [-4.17974472e-01 -2.61678696e-02 -1.10815763e-02]
 [-7.72857666e-02  3.54058743e-02  1.77165270e-02]
 [-1.96693897e-01  7.38382339e-03 -1.27989054e-02]
 [-2.99159527e-01 -5.47504425e-03  3.44398022e-02]] 
socre, org, ref: 
[[1.55648634e-01 1.89330367e-05]
 [3.91980886e-01 1.45716345e-04]
 [4.07470971e-01 1.10029396e-04]
 [4.52806950e-01 5.41582776e-05]
 [4.80807483e-01 2.50612065e-04]
 [4.90357637e-01 1.87176149e-04]
 [4.33750063e-01 1.05466846e-04]
 [4.03797626e-01 1.17875934e-05]
 [4.53946531e-01 7.55411156e-06]
 [4.71003085e-01 9.94128732e-06]
 [5.13999701e-01 2.33676819e-05]
 [5.46553493e-01 2.53051858e-05]
 [5.50837755e-01 4.43930185e-05]
 [5.18639088e-01 4.45565129e-05]
 [5.26751876e-01 8.22356669e-05]
 [5.35366952e-01 7.10497116e-05]
 [5.23494780e-01 2.33750106e-04]
 [5.22336900e-01 1.38518328e-04]
 [4.74321902e-01 7.53222339e-05]
 [4.85454351e-01 2.35960586e-04]
 [5.63226759e-01 1.37445895e-04]
 [6.01274252e-01 1.82292250e-04]
 [6.00679159e-01 1.31541747e-04]
 [6.01359367e-01 1.63854274e-04]
 [5.76763034e-01 2.29913931e-04]
 [5.75132132e-01 1.93617467e-04]
 [5.71208239e-01 2.16975008e-04]
 [6.29026294e-01 1.65469857e-04]
 [6.23956501e-01 1.69656982e-04]
 [6.71820760e-01 1.44722741e-04]
 [6.36139810e-01 1.26412968e-04]
 [5.44505715e-01 3.15486133e-04]
 [6.26446426e-01 6.00508822e-04]
 [6.02709115e-01 6.24886714e-04]
 [6.22184455e-01 1.60742711e-04]] 
obj_id: 84 =============
xyz_diff, org - ref: 
[[-9.92018633e-03  3.83115447e-02  2.93304738e-02]
 [-1.95100479e-02  2.20212061e-02  1.54260372e-02]
 [-5.80065707e-03  1.01729123e-02 -3.21081207e-03]
 [-5.98272580e-03  1.15358151e-02  6.99576785e-04]
 [ 2.77339029e-03  8.74017572e-03  3.19087131e-05]
 [-9.80682913e-03 -2.56711805e-04  6.57050886e-03]
 [-1.31160494e-02  1.97339214e-02  1.60351372e-02]
 [-9.62431142e-03  1.63167608e-02  1.95737948e-02]
 [-2.52049418e-03  1.66540826e-02  1.96782738e-02]
 [-6.79881003e-03  1.32649269e-02  7.22762273e-03]
 [-4.07297590e-03  1.98993754e-02  1.66018266e-02]
 [ 5.00896839e-03  3.06706201e-02  3.23185292e-02]
 [-1.11380479e-03  3.65959975e-02  2.64793228e-02]
 [ 1.51394206e-03  2.82640099e-02  2.43799538e-02]
 [-1.16899427e-02  1.41612868e-02  1.80792465e-02]
 [ 3.42416165e-03  1.38136586e-02  1.41416988e-02]
 [-2.20799286e-03  1.67516409e-02  1.90694404e-02]
 [-9.70765197e-03  2.63648501e-02  8.56662500e-03]
 [ 7.75476700e-03  1.46032657e-02  1.21238716e-02]
 [-1.03206744e-02  3.54654605e-02  1.83781790e-02]
 [ 1.00987296e-02  8.70434244e-03  1.23092716e-02]
 [-2.62451412e-03  7.02597580e-03 -1.24739655e-03]
 [-7.54201349e-03  1.54366976e-02  4.48425700e-04]
 [ 4.56681071e-03  1.43994428e-02 -1.15062070e-02]
 [-7.56970833e-03  1.63839256e-02 -1.79661476e-02]
 [ 4.68815568e-03  7.13440371e-04 -1.37910561e-02]
 [ 1.13914325e-02 -3.92276634e-03 -2.19822204e-02]
 [ 1.22119481e-02 -3.12629696e-03 -1.67443703e-02]
 [ 2.44822384e-03 -3.80031008e-03 -2.23691217e-02]
 [ 9.70208990e-03 -1.08725031e-02 -2.72556725e-02]
 [ 8.58039497e-03  7.93233041e-03 -3.40408110e-02]
 [ 9.38003867e-03 -1.55859946e-02 -1.92958464e-02]] 
lwh_diff, org - ref: 
[[-0.0078125  -0.15691376 -0.10813785]
 [-0.1181736  -0.17356014 -0.07386112]
 [ 0.02220583 -0.12153292  0.01849365]
 [-0.14130545 -0.15120006 -0.02979946]
 [-0.07292223 -0.12241745  0.04295087]
 [ 0.1229887  -0.10526085 -0.10542953]
 [ 0.09451675 -0.12677503 -0.10281527]
 [-0.01475239 -0.12496519 -0.06015778]
 [-0.06096125 -0.12418032 -0.01402712]
 [-0.05561781 -0.17255473 -0.15982568]
 [-0.11218691 -0.12183022 -0.02785313]
 [-0.03788424 -0.13495851  0.01308882]
 [-0.01855183 -0.11906719 -0.01260734]
 [-0.01374817 -0.08110881  0.06173205]
 [ 0.03213406 -0.13046765 -0.10081828]
 [-0.09151316 -0.16331458 -0.08994126]
 [ 0.07335806 -0.08874202  0.00252545]
 [ 0.12758636 -0.10825896 -0.13101709]
 [-0.06654882 -0.15281439 -0.10349011]
 [ 0.04050636 -0.11106396 -0.03236568]
 [-0.08346367 -0.16324425 -0.13539946]
 [-0.04903841 -0.14053535 -0.00352335]
 [-0.07902622 -0.14936376 -0.03534472]
 [ 0.06230259 -0.07579756 -0.02620268]
 [ 0.0750041  -0.09397745  0.01216686]
 [-0.1731658  -0.16179466  0.00517046]
 [ 0.01534176 -0.13911629 -0.04284692]
 [ 0.05202007 -0.12278342  0.05199921]
 [-0.04887438 -0.13426805 -0.01390421]
 [-0.02814531 -0.14505935 -0.03322971]
 [-0.08893299 -0.13197231  0.05549943]
 [-0.01928139 -0.15791059 -0.05359554]] 
socre, org, ref: 
[[2.2428797e-01 4.4757480e-06]
 [2.5464168e-01 7.4990407e-05]
 [3.5392365e-01 6.0788007e-05]
 [4.1833249e-01 3.0067979e-05]
 [4.2106342e-01 1.5124668e-05]
 [4.5064107e-01 8.7429507e-05]
 [5.0651675e-01 3.3160355e-05]
 [4.8824859e-01 1.6088614e-05]
 [4.7565177e-01 6.1044580e-06]
 [4.9243191e-01 1.6258183e-04]
 [4.7499079e-01 4.9163329e-05]
 [5.1406848e-01 3.1005715e-05]
 [4.4271451e-01 2.2543227e-05]
 [4.7491878e-01 1.2502344e-05]
 [5.0924808e-01 2.3741502e-05]
 [5.0149667e-01 2.6400552e-05]
 [5.0713509e-01 2.0217691e-05]
 [5.0416714e-01 9.1007561e-05]
 [5.1471901e-01 2.7580825e-05]
 [4.0869096e-01 2.8496182e-05]
 [4.9506575e-01 3.1432213e-05]
 [4.7948974e-01 6.8510676e-06]
 [5.2958387e-01 4.3492550e-05]
 [5.3688967e-01 1.9305877e-05]
 [4.8820049e-01 8.0229307e-05]
 [4.4499451e-01 2.3612422e-05]
 [4.7458884e-01 2.4448356e-05]
 [4.7339863e-01 2.4761706e-05]
 [4.1657865e-01 4.2571293e-05]
 [5.2542222e-01 3.9406972e-05]
 [4.8682550e-01 2.4488152e-05]
 [5.2237689e-01 5.3053693e-05]] 
obj_id: 268 =============
xyz_diff, org - ref: 
[[ 3.20379451e-01 -3.16135319e+00  8.90423366e-02]
 [ 5.23717842e-01 -2.83528144e+01 -8.81791795e-01]
 [ 2.70045598e-01 -1.35334737e+01 -2.82604475e-01]
 [-1.34423267e+00 -7.13052449e+01 -1.86641859e+00]
 [-4.97024800e-01 -2.48473025e+01 -9.33093177e-01]
 [-1.10614178e+00 -1.50757047e+01 -2.47470159e-01]
 [ 6.02824285e+00 -1.27935904e+01 -4.86564497e-01]
 [-2.32974788e+00 -3.41917485e+01 -3.30950532e-01]
 [-1.08289633e+00  2.16876079e+00  1.41986010e-01]
 [-1.00091391e+00 -1.51925970e+01 -2.64510998e-01]
 [-1.00091391e+00 -1.51925970e+01 -2.64510998e-01]
 [-1.00091391e+00 -1.51925970e+01 -2.64510998e-01]
 [-1.95247810e+00 -5.44763279e+01 -1.58488970e+00]
 [-2.77909833e+00 -7.04218312e+01 -1.06929963e+00]
 [-1.93764776e+00 -6.44945814e+01 -1.60343045e+00]
 [-7.77952876e-01 -4.92256149e+01 -9.61005206e-01]
 [-7.77952876e-01 -4.92256149e+01 -9.61005206e-01]
 [-7.77952876e-01 -4.92256149e+01 -9.61005206e-01]
 [-7.77952876e-01 -4.92256149e+01 -9.61005206e-01]
 [-7.77952876e-01 -4.92256149e+01 -9.61005206e-01]
 [-7.77952876e-01 -4.92256149e+01 -9.61005206e-01]
 [-7.77952876e-01 -4.92256149e+01 -9.61005206e-01]
 [-7.77952876e-01 -4.92256149e+01 -9.61005206e-01]
 [ 1.92382270e-01 -3.77536891e+01 -3.80375157e-01]
 [ 2.18107373e+00 -9.36531074e+01 -3.68009800e+00]
 [ 1.80728247e-01 -1.84511969e+01 -4.01327955e-01]
 [-6.15875709e-01 -3.13445335e+01 -2.72709598e-01]
 [-3.48728336e-01 -1.52547704e+01  5.65814713e-02]
 [-1.14204780e+00 -2.97150761e+01  2.20501048e-01]
 [ 4.39753043e-02 -8.64223241e+00  1.23325135e-01]
 [-2.61469215e-02 -2.60080133e-03  9.93396750e-03]
 [-6.22823096e-02 -6.40297503e-01  1.15865634e-02]] 
lwh_diff, org - ref: 
[[ 0.10584211  0.05030084  0.05963004]
 [ 0.10584211  0.05030084  0.05963004]
 [ 0.10584211  0.05030084  0.05963004]
 [ 0.10584211  0.05030084  0.05963004]
 [ 0.10584211  0.05030084  0.05963004]
 [ 0.10584211  0.05030084  0.05963004]
 [ 0.10584211  0.05030084  0.05963004]
 [ 0.10584211  0.05030084  0.05963004]
 [ 0.10584211  0.05030084  0.05963004]
 [ 0.10584211  0.05030084  0.05963004]
 [ 0.10584211  0.05030084  0.05963004]
 [ 0.10584211  0.05030084  0.05963004]
 [ 0.10584211  0.05030084  0.05963004]
 [ 0.10584211  0.05030084  0.05963004]
 [ 0.10584211  0.05030084  0.05963004]
 [ 0.10584211  0.05030084  0.05963004]
 [ 0.10584211  0.05030084  0.05963004]
 [ 0.10584211  0.05030084  0.05963004]
 [ 0.10584211  0.05030084  0.05963004]
 [ 0.10584211  0.05030084  0.05963004]
 [ 0.10584211  0.05030084  0.05963004]
 [ 0.10584211  0.05030084  0.05963004]
 [ 0.10584211  0.05030084  0.05963004]
 [ 0.10584211  0.05030084  0.05963004]
 [ 0.10584211  0.05030084  0.05963004]
 [-0.0069108   0.02297759  0.00183988]
 [ 0.18517447  0.0141027   0.04783309]
 [-0.11103535 -0.02727294 -0.05257106]
 [-0.03246737 -0.01589155  0.0131973 ]
 [-0.05238485 -0.04644132 -0.02929294]
 [-0.05509138 -0.00276184 -0.00201237]
 [ 0.0146327   0.00977707 -0.01187873]] 
socre, org, ref: 
[[3.5881463e-02 8.8406932e-03]
 [4.6328578e-02 4.7496267e-02]
 [3.3126339e-02 1.6710050e-01]
 [3.3126339e-02 3.3375095e-03]
 [3.3126339e-02 6.8095759e-03]
 [3.3126339e-02 4.6986616e-03]
 [3.3126339e-02 2.0852614e-02]
 [3.9212272e-02 4.8380424e-03]
 [3.9212272e-02 9.7679123e-03]
 [3.9212272e-02 4.2943391e-03]
 [3.9212272e-02 4.2943391e-03]
 [3.9212272e-02 4.2943391e-03]
 [3.9212272e-02 4.7979562e-04]
 [1.6944656e-01 6.8873577e-03]
 [1.6944656e-01 5.7610386e-04]
 [1.6944656e-01 2.8539053e-03]
 [1.6944656e-01 2.8539053e-03]
 [1.6944656e-01 2.8539053e-03]
 [1.6944656e-01 2.8539053e-03]
 [1.6944656e-01 2.8539053e-03]
 [1.6944656e-01 2.8539053e-03]
 [1.6944656e-01 2.8539053e-03]
 [1.6944656e-01 2.8539053e-03]
 [1.6944656e-01 5.4245383e-01]
 [1.6944656e-01 6.1571193e-01]
 [1.9054002e-01 8.0560911e-01]
 [1.7153522e-01 8.0767953e-01]
 [3.8269061e-01 8.0864853e-01]
 [2.8667945e-01 7.9535693e-01]
 [3.5437074e-01 8.0136287e-01]
 [4.0649346e-01 8.2786441e-01]
 [4.7670814e-01 8.5736656e-01]] 
obj_id: 149 =============
xyz_diff, org - ref: 
[[-1.33718545e-03 -2.99310505e-02  6.39855998e-03]
 [ 1.02659293e-02 -2.83004917e-02 -1.59811460e-03]
 [ 5.61367238e-03 -3.08505931e-02 -2.10728458e-03]
 [ 4.72443721e-03 -2.75349851e-02  1.23279408e-03]
 [ 1.10029065e-02 -3.21980821e-02 -9.56792520e-04]
 [ 6.24924178e-03 -3.10197931e-02 -4.70912517e-04]
 [ 1.14092537e-02 -2.01189337e-02  4.42694263e-03]
 [ 1.03904547e-02 -2.20100514e-02  5.12700997e-03]
 [ 1.18919966e-02 -1.33859829e-02  2.74576171e-03]
 [ 9.77685989e-03 -1.38088376e-02  4.07995935e-03]
 [ 1.16694415e-02 -1.12637713e-02  1.13634191e-03]
 [ 9.10114865e-03 -9.82564841e-03  7.83082461e-04]
 [ 5.88271883e-03 -1.14334257e-02  2.38354750e-03]
 [ 8.39865400e-03 -1.97505759e-02  2.80871867e-03]
 [ 6.06147511e-03 -1.58490876e-02 -8.96328537e-04]
 [ 8.05423634e-03 -1.29998707e-02  4.39586391e-03]
 [ 8.41522330e-03 -1.71118759e-02 -1.02948839e-03]
 [ 1.11201510e-02 -1.53655878e-02  9.81265349e-05]
 [ 8.54149295e-03 -1.39248375e-02 -4.27298784e-03]
 [ 5.72155141e-03 -1.64518364e-02  3.04536125e-04]] 
lwh_diff, org - ref: 
[[ 0.09016275 -0.09878421  0.10488319]
 [ 0.08433056  0.01598573  0.12951672]
 [ 0.09683466  0.00824952  0.13831699]
 [-0.15767145 -0.08006144  0.06424212]
 [ 0.00486279 -0.07792091  0.00792134]
 [-0.02085829 -0.04821038  0.05084097]
 [-0.02184725 -0.05721736  0.06093788]
 [-0.02883053 -0.06798553 -0.00656688]
 [-0.05522728 -0.06329489  0.02012658]
 [-0.06275272 -0.06292582  0.03131366]
 [-0.02665281 -0.04451394  0.05216718]
 [ 0.01450968 -0.03090167  0.06406057]
 [-0.02498674 -0.06788039 -0.0115701 ]
 [ 0.02881241 -0.0622859   0.00635993]
 [-0.09503841 -0.06478786  0.00189781]
 [-0.14319229 -0.08042145  0.0238837 ]
 [-0.12793493 -0.07664299  0.03760624]
 [-0.23585844 -0.1132617  -0.0260067 ]
 [-0.05417347 -0.08121443  0.03005564]
 [ 0.00400925 -0.08120203 -0.0243752 ]] 
socre, org, ref: 
[[0.3446976  0.865704  ]
 [0.46579993 0.88959485]
 [0.47821176 0.88722813]
 [0.4583986  0.88965553]
 [0.43238944 0.89394945]
 [0.47103143 0.8977429 ]
 [0.48865765 0.8952446 ]
 [0.435649   0.9054029 ]
 [0.4174054  0.9085512 ]
 [0.4903514  0.91569483]
 [0.5264875  0.9146316 ]
 [0.5313509  0.9191377 ]
 [0.561483   0.91586405]
 [0.48571256 0.91388416]
 [0.5104308  0.9187398 ]
 [0.5563662  0.9182175 ]
 [0.53222775 0.9193072 ]
 [0.52729243 0.9210198 ]
 [0.5400581  0.91757506]
 [0.59374636 0.9149144 ]] 
ABC002_1729065219: 
obj_id: 56 =============
xyz_diff, org - ref: 
[[-0.01575166 -0.0411877  -0.01268281]
 [-0.01817428 -0.04746786 -0.03727049]
 [-0.02850938 -0.05198538 -0.01553256]
 [-0.01840626 -0.06369379 -0.02611166]
 [-0.01204013 -0.14369959 -0.02978622]] 
lwh_diff, org - ref: 
[[ 0.11248684  0.05206037  0.13236094]
 [-0.05874205  0.00339913  0.10605454]
 [-0.01502943  0.00386214  0.03235841]
 [ 0.03080797  0.06389284  0.08061981]
 [ 0.03080797  0.06389284  0.08061981]] 
socre, org, ref: 
[[0.29985029 0.06699356]
 [0.37210408 0.08325022]
 [0.34327856 0.16739932]
 [0.3315343  0.10793433]
 [0.0329713  0.00207645]] 
obj_id: 104 =============
xyz_diff, org - ref: 
[[ 9.34893684e-03 -9.97978752e-02  3.43218429e-02]
 [ 1.47871481e+00  2.95648235e+01  1.30001617e+00]
 [ 1.47871481e+00  2.95648235e+01  1.30001617e+00]
 [ 1.47871481e+00  2.95648235e+01  1.30001617e+00]
 [ 1.47871481e+00  2.95648235e+01  1.30001617e+00]
 [ 1.47871481e+00  2.95648235e+01  1.30001617e+00]
 [ 1.47871481e+00  2.95648235e+01  1.30001617e+00]
 [ 1.47871481e+00  2.95648235e+01  1.30001617e+00]
 [ 1.47871481e+00  2.95648235e+01  1.30001617e+00]
 [ 9.11508387e-01  5.39048551e+01  2.20695855e+00]
 [ 9.38832413e-01  4.72217352e+01  2.20667464e+00]
 [ 9.38832413e-01  4.72217352e+01  2.20667464e+00]
 [ 9.38832413e-01  4.72217352e+01  2.20667464e+00]
 [ 9.38832413e-01  4.72217352e+01  2.20667464e+00]
 [ 9.38832413e-01  4.72217352e+01  2.20667464e+00]
 [ 9.38832413e-01  4.72217352e+01  2.20667464e+00]
 [ 9.38832413e-01  4.72217352e+01  2.20667464e+00]
 [ 1.01612463e+00  3.14226467e+01  9.85283505e-01]
 [ 1.12652048e+00  4.51024416e+01  1.70872729e+00]
 [ 1.12652048e+00  4.51024416e+01  1.70872729e+00]
 [ 1.12652048e+00  4.51024416e+01  1.70872729e+00]
 [ 1.12652048e+00  4.51024416e+01  1.70872729e+00]
 [ 1.12652048e+00  4.51024416e+01  1.70872729e+00]
 [ 1.12652048e+00  4.51024416e+01  1.70872729e+00]
 [-2.69800207e-02  8.16140696e+00  1.26448965e-01]] 
lwh_diff, org - ref: 
[[ 0.09182978  0.06020546  0.16630208]
 [ 0.09182978  0.06020546  0.16630208]
 [ 0.09182978  0.06020546  0.16630208]
 [ 0.09182978  0.06020546  0.16630208]
 [ 0.09182978  0.06020546  0.16630208]
 [ 0.09182978  0.06020546  0.16630208]
 [ 0.09182978  0.06020546  0.16630208]
 [ 0.09182978  0.06020546  0.16630208]
 [ 0.09182978  0.06020546  0.16630208]
 [ 0.01362991  0.05701113  0.16578269]
 [ 0.01362991  0.05701113  0.16578269]
 [ 0.01362991  0.05701113  0.16578269]
 [ 0.01362991  0.05701113  0.16578269]
 [ 0.01362991  0.05701113  0.16578269]
 [ 0.01362991  0.05701113  0.16578269]
 [ 0.01362991  0.05701113  0.16578269]
 [ 0.01362991  0.05701113  0.16578269]
 [ 0.11272478  0.0625751   0.163849  ]
 [ 0.11272478  0.0625751   0.163849  ]
 [ 0.11272478  0.0625751   0.163849  ]
 [ 0.11272478  0.0625751   0.163849  ]
 [ 0.11272478  0.0625751   0.163849  ]
 [ 0.11272478  0.0625751   0.163849  ]
 [ 0.11272478  0.0625751   0.163849  ]
 [-0.00625229  0.06141067  0.12970793]] 
socre, org, ref: 
[[3.7170890e-01 1.3027771e-01]
 [8.8514686e-02 2.2207573e-04]
 [8.8514686e-02 2.2207573e-04]
 [8.8514686e-02 2.2207573e-04]
 [8.8514686e-02 2.2207573e-04]
 [8.8514686e-02 2.2207573e-04]
 [8.8514686e-02 2.2207573e-04]
 [8.8514686e-02 2.2207573e-04]
 [8.8514686e-02 2.2207573e-04]
 [1.7143036e-01 7.3494714e-01]
 [6.9279112e-02 1.1363480e-04]
 [6.9279112e-02 1.1363480e-04]
 [6.9279112e-02 1.1363480e-04]
 [6.9279112e-02 1.1363480e-04]
 [6.9279112e-02 1.1363480e-04]
 [6.9279112e-02 1.1363480e-04]
 [6.9279112e-02 1.1363480e-04]
 [2.1279950e-01 6.3144661e-02]
 [2.1279950e-01 5.9964060e-04]
 [2.1279950e-01 5.9964060e-04]
 [2.1279950e-01 5.9964060e-04]
 [2.1279950e-01 5.9964060e-04]
 [2.1279950e-01 5.9964060e-04]
 [2.1279950e-01 5.9964060e-04]
 [4.2973277e-01 2.1467617e-01]] 
obj_id: 6 =============
xyz_diff, org - ref: 
[[-2.78929972e-02  1.83032804e-02  4.89592121e-03]
 [-1.30099094e-02 -1.07783097e-01  2.48528483e-03]
 [-2.43284888e-02  1.88313340e-02  4.63705541e-03]
 [-6.74089340e-03 -1.00916464e-01  8.90355271e-03]
 [-2.01284251e-02 -2.68176172e-03  2.89172065e-03]
 [-3.12830260e-02  2.68971856e-02  5.73803342e-03]
 [-2.15364911e-02  4.35412442e-02 -3.39196962e-03]
 [-3.46805358e-02  2.82883353e-02  7.52504061e-03]
 [-2.48794382e-03 -9.56231617e-02 -2.86542384e-03]
 [-2.07885284e-02 -2.24778079e-01  1.02633731e-02]
 [-1.65198767e-02 -2.23328407e-01  9.19932890e-03]
 [-2.09129095e-02 -1.03390240e-01  9.29257119e-03]
 [-2.25544179e-02 -1.67752518e-01  1.26202801e-02]
 [-1.87533622e-02 -5.73634330e-02  3.18043290e-03]
 [-3.85968462e-02 -8.27156020e-02  6.97752693e-03]
 [-3.71988924e-02 -8.20140743e-02  5.40919871e-03]
 [-3.60498114e-02 -1.77981871e-02  9.79058978e-03]
 [-3.49626859e-02 -1.72099518e-01 -1.68534579e-03]
 [-3.48494565e-02 -1.06895449e-01  4.38755411e-03]
 [-3.33720597e-02 -1.74121053e-01 -8.34174021e-03]
 [-2.95709440e-02 -5.47794670e-02  6.12267239e-03]
 [-4.15544482e-02 -8.63156905e-02  7.44310791e-03]
 [-2.95222935e-02 -1.66351202e-01  8.71131778e-03]
 [-2.95109478e-02 -2.06105653e-01  7.36740724e-03]
 [-3.30564650e-02 -1.93151790e-01  2.99637178e-03]
 [-2.74296353e-02 -1.28052933e-01  5.84225322e-03]
 [-4.12265221e-02 -1.02234704e-01  5.35485135e-03]
 [-3.58424818e-02 -6.57572041e-02  2.87968544e-03]
 [-3.56107342e-02 -1.39630019e-02  1.03951490e-02]
 [-2.88770011e-02 -6.10223744e-02  8.12095221e-03]
 [-2.85807828e-02 -1.48348323e-01  3.70766808e-03]
 [-3.71286269e-02 -1.40068257e-01  1.34949773e-04]
 [-3.71986673e-02  1.41786070e-02 -2.37651660e-03]
 [-3.97064136e-02 -7.28205099e-02  2.20360042e-03]
 [-2.15388881e-02 -1.68870016e-01  4.72719540e-03]
 [-3.00464163e-02 -2.08630133e-02  5.61749580e-03]
 [-2.15109608e-02 -3.28334132e-02  3.45309708e-03]
 [-2.10882985e-02 -1.11286119e-01  5.44407248e-03]
 [-2.71343940e-02  1.81025546e-02  5.70410124e-03]
 [-1.40536252e-02 -1.08161522e-01  1.03079993e-02]] 
lwh_diff, org - ref: 
[[-7.58232117e-01 -3.99482250e-02  2.55213261e-01]
 [-6.44092560e-01 -2.65707970e-02  3.56448174e-01]
 [-4.65381622e-01 -7.15255737e-07  2.60782480e-01]
 [-8.40486526e-01 -2.99184322e-02  2.84700871e-01]
 [-4.08216476e-01 -5.89179993e-03  2.17604637e-01]
 [-4.31961060e-01 -1.08242035e-02  2.03175545e-01]
 [-4.37368393e-01 -1.55808926e-02  1.55441046e-01]
 [-3.94367218e-01 -2.03952789e-02  2.78230906e-01]
 [-1.09998894e+00 -3.85122299e-02  2.50477552e-01]
 [-1.36843681e+00 -3.30755711e-02  2.82438040e-01]
 [-1.69101238e+00 -1.37157440e-02  1.96831465e-01]
 [-8.86999130e-01 -3.22470665e-02  2.42863417e-01]
 [-1.08123207e+00 -2.22864151e-02  1.56468153e-01]
 [-9.53861237e-01 -2.64742374e-02  1.19502068e-01]
 [-5.64790726e-01  2.19345093e-05  1.66768312e-01]
 [-5.13496399e-01  4.25486565e-02  1.62558317e-01]
 [-7.92591095e-01 -2.89893150e-03  1.79212570e-01]
 [-8.80970001e-01 -6.14292622e-02  1.19455814e-01]
 [-5.06271362e-01  3.03459167e-02  1.64470911e-01]
 [-5.06271362e-01  3.03459167e-02  1.64470911e-01]
 [-8.57757568e-01 -3.61859798e-02  2.24298954e-01]
 [-8.31342697e-01 -5.56671619e-02  8.65678787e-02]
 [-8.21769714e-01 -1.18000507e-02  2.27773190e-01]
 [-7.99365997e-01  1.78315639e-02  2.74671316e-01]
 [-7.99365997e-01  1.78315639e-02  2.74671316e-01]
 [-6.12310410e-01  6.52654171e-02  3.55184078e-01]
 [-5.69110870e-01 -2.15775967e-02  1.83012486e-01]
 [-7.78900146e-01 -4.88171577e-02  2.49713182e-01]
 [-4.75358963e-01 -2.68087387e-02  2.97901154e-01]
 [-7.80647278e-01 -4.53555584e-02  3.02146435e-01]
 [-8.75923157e-01 -6.43858910e-02  2.00685740e-01]
 [-6.07770920e-01 -4.47008610e-02  2.01539278e-01]
 [-4.28358078e-01  3.63397598e-03  2.30042458e-01]
 [-7.54709244e-01 -4.01813984e-02  2.16133595e-01]
 [-7.54709244e-01 -4.01813984e-02  2.16133595e-01]
 [-5.15819550e-01 -3.37233543e-02  2.61095524e-01]
 [-2.41474152e-01  1.55115128e-03  3.80036354e-01]
 [-3.48806381e-01  2.32729912e-02  3.72391701e-01]
 [-4.88172531e-01  4.40430641e-02  3.51465702e-01]
 [-8.88036728e-01  4.04889584e-02  9.88371372e-02]] 
socre, org, ref: 
[[0.4449942  0.90694505]
 [0.2494698  0.8965363 ]
 [0.46410474 0.91553277]
 [0.31143817 0.8985722 ]
 [0.59765536 0.91967314]
 [0.54265785 0.9275494 ]
 [0.54872125 0.90781283]
 [0.559629   0.9217176 ]
 [0.457545   0.9190608 ]
 [0.21170042 0.9023956 ]
 [0.17664377 0.891818  ]
 [0.24642126 0.90505767]
 [0.19716485 0.8721587 ]
 [0.57904327 0.92084664]
 [0.4785631  0.9128074 ]
 [0.43009028 0.9062171 ]
 [0.62423164 0.9345863 ]
 [0.4274998  0.92998856]
 [0.44436577 0.9134345 ]
 [0.05349899 0.88990337]
 [0.6040633  0.919849  ]
 [0.5811519  0.93238705]
 [0.20993324 0.90859246]
 [0.13845854 0.90231335]
 [0.06212366 0.8636877 ]
 [0.43760625 0.90905756]
 [0.32088423 0.90335715]
 [0.37437287 0.921504  ]
 [0.5740351  0.91710085]
 [0.35298905 0.9050756 ]
 [0.25022236 0.8841132 ]
 [0.42680883 0.9284478 ]
 [0.6231017  0.91668475]
 [0.5776599  0.9120908 ]
 [0.06558211 0.8965382 ]
 [0.564752   0.9287354 ]
 [0.43057317 0.9186525 ]
 [0.3463411  0.89921904]
 [0.514726   0.92410207]
 [0.29294828 0.9224546 ]] 
ABC002_1729065579: 
obj_id: 279 =============
xyz_diff, org - ref: 
[[-0.04200165 -0.55551104 -0.01012249]
 [-0.05275422 -0.61643197 -0.01801016]
 [-0.04678168 -0.45705628 -0.01464367]
 [-0.05146876 -0.75627748 -0.04320628]
 [-0.05893002 -0.48633209 -0.01802631]
 [-0.02270885 -0.33458551  0.00283536]
 [-0.01458239 -0.62988033 -0.01020868]
 [-0.01668153 -0.26725546  0.00258896]
 [-0.01445262 -0.18169187  0.00187318]
 [-0.01896562 -0.28743799  0.00391812]
 [-0.02053622 -0.16731482  0.01793641]
 [-0.02225942 -0.11146179  0.00360288]
 [-0.02319608 -0.11319015  0.01096891]
 [-0.02380081 -0.08501306  0.00084643]
 [-0.03303349 -0.14688956 -0.00095128]
 [-0.03466727 -0.21304586 -0.00545913]] 
lwh_diff, org - ref: 
[[ 0.48342705 -0.07067823 -0.16347337]
 [ 0.48342705 -0.07067823 -0.16347337]
 [ 0.48342705 -0.07067823 -0.16347337]
 [ 0.48342705 -0.07067823 -0.16347337]
 [ 0.48342705 -0.07067823 -0.16347337]
 [ 0.68331718 -0.02592134 -0.10554123]
 [ 0.68331718 -0.02592134 -0.10554123]
 [ 0.15770531 -0.04593945 -0.2063303 ]
 [ 0.4101553   0.01681614 -0.13055158]
 [ 0.20979309 -0.0108912  -0.10754704]
 [ 0.26031017 -0.00616813 -0.1512785 ]
 [ 0.51334763  0.03221774 -0.07650566]
 [ 0.5080061   0.02116847 -0.07522321]
 [ 0.43433571 -0.01372719 -0.20341301]
 [ 0.61377048  0.05201912 -0.041255  ]
 [-2.53952026  0.09466481 -0.34126759]] 
socre, org, ref: 
[[0.04482504 0.7606369 ]
 [0.05483382 0.8145488 ]
 [0.29919752 0.8837174 ]
 [0.29919752 0.8469979 ]
 [0.29919752 0.5498567 ]
 [0.36244524 0.88361365]
 [0.36244524 0.8648424 ]
 [0.35419735 0.86683744]
 [0.40689835 0.8536303 ]
 [0.38286382 0.874639  ]
 [0.3816776  0.83834475]
 [0.35686025 0.8337693 ]
 [0.3029498  0.8607361 ]
 [0.38503158 0.8324547 ]
 [0.22742176 0.8191014 ]
 [0.21516159 0.6554763 ]] 
obj_id: 5 =============
xyz_diff, org - ref: 
[[-0.00229023 -0.25724625  0.00882846]
 [-0.005077   -0.19845432  0.00865983]
 [ 0.00539505 -0.08382296  0.00935863]
 [-0.00356449 -0.03446453  0.01531228]
 [-0.00122871 -0.04243841  0.00424692]
 [-0.00338266 -0.0900785   0.00828062]
 [ 0.00215146 -0.04564021  0.00651359]
 [-0.04335818 -0.73568486  0.01035671]
 [-0.01316613 -0.10523167  0.02025745]
 [-0.01659546 -0.20425923  0.01263808]
 [-0.02630437 -0.43608107 -0.00311684]] 
lwh_diff, org - ref: 
[[-0.23254108 -0.07176948 -0.00526285]
 [-0.16614819 -0.07424355 -0.14031386]
 [-0.00914097 -0.07446837 -0.16755247]
 [-0.14498711 -0.05896997 -0.11522794]
 [-0.30027199 -0.05562305 -0.05608106]
 [-0.5635519  -0.06627941 -0.11276245]
 [-0.43665123 -0.02030611  0.05868196]
 [-0.43665123 -0.02030611  0.05868196]
 [-0.255867    0.01535702 -0.0161078 ]
 [-0.26318455 -0.03761578  0.02115178]
 [-0.21051884  0.03026628 -0.02283144]] 
socre, org, ref: 
[[0.12298363 0.91097736]
 [0.22839549 0.8946948 ]
 [0.40655547 0.90997714]
 [0.45679915 0.9208626 ]
 [0.4806183  0.92417186]
 [0.49955425 0.9259645 ]
 [0.51907444 0.9289167 ]
 [0.04922137 0.86105657]
 [0.4457683  0.9208655 ]
 [0.47379673 0.91877365]
 [0.18068348 0.9037851 ]] 
ABC001_1733642874: 
obj_id: 12 =============
xyz_diff, org - ref: 
[[-0.0065617  -0.02642039 -0.01272551]
 [-0.00893347 -0.02502116 -0.01820842]
 [-0.0061222  -0.02091587 -0.00810828]
 [-0.00380615 -0.02235055 -0.01969299]
 [-0.0058101  -0.03083426 -0.01740574]
 [-0.01074695 -0.02119721 -0.00924671]
 [-0.00822443 -0.03154246 -0.01713567]
 [-0.00682648 -0.02861405 -0.01640003]
 [-0.01277847 -0.02865973 -0.00992164]
 [-0.00949371 -0.04045247 -0.00984029]
 [-0.01311636 -0.02167063 -0.00909873]
 [-0.01474749 -0.03370787 -0.0121857 ]
 [-0.00681696 -0.02915346 -0.01712888]
 [-0.00816518 -0.01752745 -0.0174996 ]
 [-0.01258811 -0.03111411 -0.01215826]
 [-0.0069756  -0.03360259 -0.01166682]
 [-0.00940099 -0.03787822 -0.00541648]
 [-0.00735063 -0.03578814 -0.01464787]
 [-0.01031543 -0.0433992  -0.00407426]
 [-0.01415198 -0.03561286 -0.00274477]
 [-0.00847559 -0.03823936 -0.00015285]
 [-0.00431857 -0.02837525 -0.00775114]
 [-0.00958519 -0.02996891  0.0002627 ]
 [ 0.00086223 -0.02367413 -0.00667453]
 [-0.00327725 -0.01789311 -0.00837075]
 [-0.00748931 -0.03712909 -0.0088022 ]
 [ 0.00226207 -0.0219798  -0.00659156]
 [ 0.00323853 -0.0156559   0.00329576]
 [-0.00971089 -0.02229926  0.00796404]
 [-0.00344833 -0.02645519 -0.00448748]
 [-0.00100323 -0.02412028 -0.0013775 ]
 [-0.00144954 -0.02870211 -0.00724028]
 [-0.00614712 -0.02086253 -0.0006838 ]
 [-0.00694385 -0.02974528 -0.00490155]
 [-0.0045401  -0.01637603 -0.00237531]
 [-0.00651375 -0.02597477 -0.00874449]
 [-0.00734068 -0.0364645  -0.00385581]
 [-0.00977584 -0.0368173  -0.01050242]
 [-0.00663603 -0.02736748 -0.00973067]
 [-0.01047156 -0.03237544 -0.01232089]] 
lwh_diff, org - ref: 
[[-1.62798405e-01 -4.01976109e-02  2.57027149e-02]
 [-7.33089447e-02 -3.19674015e-02  5.61943054e-02]
 [-3.23867798e-03 -1.79042816e-02 -4.19352055e-02]
 [ 4.18204308e-01 -3.30488682e-02 -8.69684219e-02]
 [-2.09321499e-01 -5.29289246e-02  1.17719173e-01]
 [ 3.99566174e-01 -2.11050510e-02  1.22215748e-01]
 [-5.91993332e-02 -2.41589546e-03  1.41560793e-01]
 [-4.33349609e-03  1.63729191e-02  2.16479778e-01]
 [ 2.14881897e-02 -3.30054760e-02  8.86013508e-02]
 [ 3.34348679e-01 -1.15639448e-01  1.30551577e-01]
 [ 2.96397209e-02 -8.31382275e-02  3.82266045e-02]
 [-3.55511189e-01 -4.62491512e-02 -2.64644623e-04]
 [ 1.16573811e-01  3.29568386e-02  1.79861784e-01]
 [ 4.30124760e-01 -8.47022533e-02  4.91070747e-02]
 [-2.50576496e-01  9.73916054e-03  1.26095057e-01]
 [-2.20189095e-02 -1.55823231e-02  1.90454960e-01]
 [-5.41515350e-02 -6.26556873e-02  1.90456390e-01]
 [-1.43833637e-01 -3.85293961e-02 -3.60565186e-02]
 [-3.27754974e-01 -2.41217613e-02  3.96115780e-02]
 [-4.88424301e-01 -1.25086308e-02  7.51063824e-02]
 [-2.48390198e-01 -2.80680656e-02  1.37788534e-01]
 [-2.87298203e-01 -2.78592110e-03  1.12363577e-01]
 [-2.95732021e-01  9.84740257e-03  9.55595970e-02]
 [-7.04039574e-01 -3.57720852e-02  4.18252945e-02]
 [ 3.35398674e-01 -6.07895851e-03  4.90930080e-02]
 [-2.83962727e-01  3.87759209e-02  1.84090137e-01]
 [ 8.08595657e-01  4.72266674e-02  2.58331776e-01]
 [ 5.97512245e-01  8.66425037e-02  3.07186127e-01]
 [ 1.40603065e-01  7.73596764e-02  1.98947668e-01]
 [ 3.99328232e-01  5.61308861e-02  1.64979935e-01]
 [ 2.06485748e-01  6.43169880e-02  1.08751059e-01]
 [-2.78073788e-01  2.31914520e-02  1.83830023e-01]
 [-2.92968750e-02  5.30567169e-02  1.73645258e-01]
 [-4.71830368e-02  7.67838955e-02  2.28746653e-01]
 [ 5.36703587e-01  7.02486038e-02  1.29409075e-01]
 [ 2.07978725e-01  4.54034805e-02  7.99896717e-02]
 [ 1.79820061e-01 -2.11682320e-02  6.23552799e-02]
 [-1.20567799e-01  1.24213696e-02  8.13076496e-02]
 [ 7.62338638e-02  4.43379879e-02  7.76166916e-02]
 [-5.95455170e-02  1.97300911e-02  3.55031490e-02]] 
socre, org, ref: 
[[0.559512   0.9337342 ]
 [0.60622746 0.93901366]
 [0.5236576  0.939789  ]
 [0.50238144 0.94141275]
 [0.49998066 0.9435588 ]
 [0.52217144 0.9352803 ]
 [0.53995156 0.93513846]
 [0.54958165 0.9381762 ]
 [0.4887749  0.94243073]
 [0.41170433 0.9434663 ]
 [0.54503864 0.93977445]
 [0.5635271  0.94431144]
 [0.5384304  0.94156986]
 [0.50007355 0.93288845]
 [0.5904628  0.94216037]
 [0.5157039  0.9319575 ]
 [0.48339954 0.94192576]
 [0.5234442  0.9439873 ]
 [0.41518062 0.9331481 ]
 [0.56402093 0.942662  ]
 [0.48644134 0.9361122 ]
 [0.45755213 0.9293752 ]
 [0.54402906 0.9453077 ]
 [0.4484263  0.9362772 ]
 [0.52232486 0.9240262 ]
 [0.4942341  0.9389277 ]
 [0.43647602 0.9216456 ]
 [0.4199902  0.9354321 ]
 [0.5374496  0.93746793]
 [0.4800437  0.9255699 ]
 [0.47003248 0.934265  ]
 [0.47942978 0.93710995]
 [0.55443454 0.94197696]
 [0.5390629  0.93927056]
 [0.5108643  0.94144887]
 [0.54801667 0.9367443 ]
 [0.49932903 0.9371105 ]
 [0.54856235 0.9427162 ]
 [0.57542014 0.94105667]
 [0.5359597  0.9356161 ]] 
